Date,Close,High,Low,Open,Volume,return_1d,volatility_21d,ma_20,ma_50,ma_200,rsi,macd,macd_signal,ema_50,ema_200,stoch_k,stoch_d,bb_upper,bb_lower,obv,anomaly
,,,,,,,,,,,,,,,,,,,,0.0,1
2018-01-02,108.69000244140624,109.20999908447266,107.98999786376952,107.98999786376952,1412100.0,,,,,,,0.0,0.0,108.69000244140624,108.69000244140624,,,,,0.0,1
2018-01-03,108.0199966430664,109.4800033569336,107.58000183105467,109.05999755859376,1519800.0,-0.006164373753704044,,,,,,-0.053447755992905854,-0.01068955119858117,108.66372770421644,108.68333571704466,,,,,-1519800.0,1
2018-01-04,108.86000061035156,109.76000213623048,106.5,108.0999984741211,1825500.0,0.007776374684224541,,,,,,-0.02770482377096073,-0.014092605713057083,108.67142468092763,108.68509357667956,,,,,305700.0,1
2018-01-05,111.13999938964844,111.2300033569336,109.29000091552734,109.58999633789062,2055500.0,0.02094432083881559,,,,,,0.17466010921030772,0.02365793727161588,108.76823153225001,108.70952050019169,,,,,2361200.0,1
2018-01-08,109.0999984741211,111.62999725341795,109.0500030517578,110.76000213623048,1801700.0,-0.01835523597921984,,,,,,0.16848258926228254,0.05262286766974922,108.78124200055869,108.71340585316611,,,,,559500.0,1
2018-01-09,109.69000244140624,109.81999969482422,108.66000366210938,109.5,1584400.0,0.005407919115829163,,,,,,0.20878846601793555,0.08385598733938648,108.81687966490566,108.72312323215358,,,,,2143900.0,1
2018-01-10,109.62999725341795,109.94000244140624,108.77999877929688,109.16000366210938,1048700.0,-0.0005470433645066164,,,,,,0.23320105000671276,0.11372499987285174,108.84876662916105,108.73214685425573,,,,,1095200.0,1
2018-01-11,111.3499984741211,111.69000244140624,109.18000030517578,109.66000366210938,2063100.0,0.01568914771316865,,,,,,0.3868782311365493,0.16835564612559126,108.94685415249282,108.75819512908026,,,,,3158300.0,1
2018-01-12,114.83999633789062,115.0500030517578,111.63999938964844,112.0999984741211,2400000.0,0.03134259462590516,,,,,,0.7812761002866893,0.29093973695781083,109.17795776760646,108.8187105639938,,,,,5558300.0,1
2018-01-16,112.87999725341795,115.88999938964844,112.5500030517578,115.48999786376952,2022800.0,-0.017067216535829766,,,,,,0.9250206451582272,0.4177559185978941,109.32313578665789,108.85912137682391,,,,,3535500.0,1
2018-01-17,112.8000030517578,114.79000091552734,112.56999969482422,114.48999786376952,2230800.0,-0.0007086658717803118,,,,,,1.0207181654219255,0.5383483679627004,109.45948352254416,108.89833412980833,,,,,1304700.0,1
2018-01-18,112.9000015258789,113.33000183105467,111.56999969482422,113.06999969482422,1566400.0,0.0008865112714155909,,,,,,1.092039825496613,0.649086659469483,109.59440579718475,108.9381517158389,,,,,2871100.0,1
2018-01-19,114.7300033569336,115.0,112.33999633789062,113.0999984741211,1908200.0,0.016209050543150028,,,,,,1.2814567727561297,0.7755606821268124,109.79580177992,108.9957820804269,,,,,4779300.0,1
2018-01-22,115.0199966430664,115.04000091552734,113.43000030517578,114.27999877929688,1784600.0,0.002527615075810896,,,,,,1.4383902354827995,0.9081265927980098,110.00067216671006,109.055724513886,90.73479442883537,,,,6563900.0,1
2018-01-23,114.6999969482422,116.27999877929688,113.86000061035156,115.0999984741211,2060100.0,-0.002782122275809429,,,,,68.46955417525197,1.5194248504481038,1.0303862443280285,110.18495941304465,109.11188642865572,83.84456003819392,,,,4503800.0,0
2018-01-24,114.33999633789062,115.48999786376952,112.72000122070312,114.41000366210938,1728800.0,-0.003138627898255475,,,,,69.79949892657851,1.5368801285786589,1.1316850211781546,110.34790203754842,109.16390742277746,80.163571742841,84.91430873662343,,,2775000.0,0
2018-01-25,115.06999969482422,115.5199966430664,113.05999755859376,114.68000030517578,1562600.0,0.006384496941703066,,,,,69.58990436059648,1.5912754988513882,1.2236031167128014,110.53308233783375,109.22267451006151,84.12073674767313,82.70962284290269,,,4337600.0,0
2018-01-26,115.43000030517578,115.5,113.83000183105467,115.0,1632300.0,0.003128535772193519,,,,,65.39842362362819,1.6444767578811224,1.3077778449464657,110.72511833655304,109.2844389458338,88.84515723371193,84.37648857474203,,,5969900.0,0
2018-01-29,116.3499984741211,116.58000183105467,114.54000091552734,115.02999877929688,1806100.0,0.007970182504660972,,,,,78.29820992095439,1.74080834743134,1.3943839454434408,110.94570187135963,109.35474302074213,97.09591653902858,90.02060350680455,,,7776000.0,0
2018-01-30,114.5999984741211,116.45999908447266,114.33999633789062,115.98999786376952,1921100.0,-0.015040825293944793,,112.50699920654297,,,67.57336537280013,1.6568424036609315,1.4468756370869391,111.08900762048754,109.40693461729317,74.61535150954373,86.85214176076141,117.90761090445059,107.10638750863535,5854900.0,0
2018-01-31,115.0,116.6500015258789,113.73999786376952,114.7699966430664,1802800.0,0.0034904147574594813,,112.82249908447265,,,68.76312552682046,1.6040846787979604,1.4783174454291435,111.24237987066451,109.46258700916091,77.91162976913681,83.20763260590304,118.01756085041173,107.62743731853358,7657700.0,0
2018-02-01,113.87000274658205,114.88999938964844,111.73999786376952,113.5999984741211,1436700.0,-0.009826063073199554,0.012349358790425997,113.11499938964843,,,59.183698436195,1.4543278806549012,1.473519532474295,111.34542390501421,109.50644189212032,45.275634305830756,65.9342051948371,117.80582521130881,108.42417356798805,6221000.0,0
2018-02-02,108.83000183105467,112.88999938964844,108.66999816894533,112.52999877929688,2159900.0,-0.04426100635778418,0.015932161104025788,113.11349945068359,,,30.32089446346383,0.918372163712661,1.3624900587219682,111.24677990211384,109.49971114524405,2.0050575789585894,41.730773884642055,117.81006969294805,108.41692920841913,4061100.0,0
2018-02-05,105.23999786376952,110.44000244140624,105.23999786376952,108.38999938964844,2024700.0,-0.0329872636854146,0.01741289139491189,112.81849937438965,,,27.396443346533573,0.20161597596921865,1.1303152421714182,111.01121982217877,109.45732593846321,0.0,15.760230628263116,118.64279045012,106.99420829865929,2036400.0,0
2018-02-06,107.8499984741211,108.48999786376952,101.06999969482422,103.02999877929688,2850500.0,0.02480046240337397,0.017679299835685305,112.75599937438965,,,37.26195445216204,-0.15403758084980268,0.873444677567174,110.88725035754906,109.44133263036031,43.51731696066112,15.174124846539904,118.77197579321108,106.74002295556821,4886900.0,0
2018-02-07,106.08000183105467,108.76000213623048,106.05999755859376,107.06999969482422,2124700.0,-0.01641165199915262,0.01759030365111579,112.57549934387207,,,33.83886211368956,-0.5721244293047789,0.5843308561927835,110.69873080749046,109.40788655275529,32.15662097192002,25.224645977527047,119.16782133837667,105.98317734936747,2762200.0,0
2018-02-08,101.58000183105467,106.3499984741211,101.54000091552734,105.73999786376952,3005300.0,-0.04242081374740925,0.019667419098724492,112.17299957275391,,,22.33907576147115,-1.2521397729170332,0.2170367303708201,110.34113359272828,109.32999715253936,3.273440797766132,26.315792910115757,120.32179645845349,104.02420268705433,-243100.0,0
2018-02-09,107.62000274658205,108.91000366210938,101.54000091552734,102.33000183105467,4168800.0,0.05946053166619292,0.023995591457930773,111.98649978637695,,,37.46613681321896,-1.2888224930507448,-0.08413511431349291,110.23442257915391,109.31298228282836,42.04109295226202,25.823718240649395,120.38161787444955,103.59138169830436,3925700.0,0
2018-02-12,104.73999786376952,108.69000244140624,103.68000030517578,108.16999816894533,5204200.0,-0.026760869813339583,0.024339666971924363,111.4814998626709,,,34.47631523183912,-1.5326190593849844,-0.37383190332779126,110.01895494325649,109.26747995030041,23.55582630054709,22.95678668352508,120.3553453558069,102.6076543695349,-1278500.0,0
2018-02-13,104.83999633789062,106.81999969482422,103.72000122070312,103.7300033569336,2483200.0,0.0009547305342814116,0.02309025932546949,111.07949981689453,,,35.07228501991992,-1.6981849346812226,-0.6387025095984775,109.8158585273598,109.22342538699286,24.19766495503163,29.931528069280247,120.4036177134024,101.75538192038665,1204700.0,0
2018-02-14,105.87000274658205,107.7699966430664,103.20999908447266,103.79000091552734,2642000.0,0.00982455593924092,0.023079438899314193,110.73299980163574,,,35.67871423366185,-1.7263835002777626,-0.8562387077343346,109.66111908497636,109.19005799753603,30.808745106757737,26.187412120778816,120.29981263763928,101.1661869656322,3846700.0,0
2018-02-15,108.56999969482422,108.58000183105467,105.2699966430664,106.0199966430664,1975900.0,0.025502945859981585,0.0238923930191899,110.51649971008301,,,40.046431697892004,-1.5134181355688128,-0.9876745933012303,109.61833008928413,109.18388826318069,48.13863362358981,34.381681228459726,120.07280145491887,100.96019796524715,5822600.0,0
2018-02-16,107.95999908447266,109.56999969482422,107.55999755859376,108.25,2116800.0,-0.005618500617723066,0.02390143054881078,110.17799949645996,,,37.71596319125316,-1.3779790166303485,-1.065735477967054,109.55329750086015,109.17171026140251,44.22335417133914,41.056910967228895,119.58431567237902,100.7716833205409,3705800.0,0
2018-02-20,106.80999755859376,109.2300033569336,104.58999633789062,105.70999908447266,2430700.0,-0.010652107591989535,0.023603165363917402,109.76749954223632,,,38.39046432866926,-1.3479002956902377,-1.1221684415116908,109.44571711096737,109.14821063251885,36.84208722189204,43.06802500560699,118.99905321706973,100.53594586740292,1275100.0,0
2018-02-21,105.69000244140624,108.26000213623048,105.56999969482422,106.80999755859376,1532800.0,-0.010485864083772944,0.02361786264818377,109.31699981689454,,,36.41669623882253,-1.3983179989379835,-1.1773983529969494,109.29843418274929,109.1138006007665,33.429832479028725,38.1650912907533,118.41344183203293,100.22055780175614,-257700.0,0
2018-02-22,107.0,107.8499984741211,106.11000061035156,106.5,1825700.0,0.01239471594600472,0.023879894459643745,108.95,,,40.029024914786675,-1.317382570894523,-1.2053951965764642,109.208299508916,109.09276775896782,50.169208614890486,40.14704277193709,117.78157241920887,100.11842758079113,1568000.0,0
2018-02-23,106.61000061035156,107.6999969482422,104.45999908447266,107.66999816894533,2557700.0,-0.0036448541088639486,0.023880261975465465,108.52700004577636,,,46.27516611852805,-1.2700697786284962,-1.2183301129868707,109.10640543446249,109.06806360823532,59.12485903537458,47.57463337643126,116.92407736668379,100.12992272486893,-989700.0,0
2018-02-26,106.22000122070312,108.83000183105467,106.01000213623048,107.5,2825500.0,-0.0036581876692211024,0.023782087760778454,108.06650009155274,,,51.84211167885411,-1.2496386843905753,-1.2245918272676115,108.99321311235427,109.03972467900614,60.58825324563419,56.62744029863308,115.85794530070075,100.27505488240473,-3815200.0,0
2018-02-27,103.93000030517578,107.41000366210938,103.08999633789062,106.31999969482422,2959300.0,-0.021559036802957676,0.0240449376501424,107.44550018310547,,,42.54186006273061,-1.4020686558486233,-1.2600871929838138,108.79465574736687,108.98888165041083,29.763384221307582,49.825498834105446,114.39097057264476,100.50002979356617,-6774500.0,0
2018-02-28,102.63999938964844,105.11000061035156,102.61000061035156,104.56999969482422,3570800.0,-0.012412209292210541,0.023918506080254656,106.84750022888184,,,43.333329390494306,-1.6084219127213686,-1.3297541369313248,108.55329667451518,108.9257086925923,13.698613217191697,34.68341689471116,113.23650094312893,100.45849951463475,-10345300.0,0
2018-03-01,104.08999633789062,105.4000015258789,102.06999969482422,102.94000244140624,2790800.0,0.014127016337340592,0.02419314449761946,106.30200004577637,,,55.51647144359548,-1.636095825651097,-1.3910224746752793,108.3782652887652,108.8775921517495,31.75586313833244,25.072620192277242,111.51495928813779,101.08904080341495,-7554500.0,0
2018-03-02,104.41000366210938,105.58999633789062,102.12000274658205,103.37999725341795,2334400.0,0.003074333129765572,0.02418662131829174,105.82900009155273,,,40.57546131387711,-1.6136050497962628,-1.4355389896994761,108.22264718575909,108.83313853493716,31.200052897135418,25.55150975088652,109.69276947007617,101.96523071302929,-5220100.0,0
2018-03-05,102.63999938964844,103.8499984741211,100.23999786376952,103.4800033569336,3121900.0,-0.01695243952091996,0.024317489227770817,105.51949996948242,,,43.40452980758316,-1.7187923320459504,-1.492189658168771,108.00371982120573,108.77151525985967,25.723483975003834,29.55980000349056,109.36272498924453,101.67627494972032,-8342000.0,0
2018-03-06,104.36000061035156,104.7300033569336,101.16999816894533,102.9499969482422,4489800.0,0.016757611369165648,0.022955355990741343,105.47550010681152,,,48.63171181955317,-1.6444085688288368,-1.5226334403007842,107.86082887176048,108.72761959170536,44.15864885330149,33.69406190848025,109.35220233267096,101.59879788095209,-3852200.0,0
2018-03-07,89.25,90.83999633789062,86.8499984741211,90.25,22028300.0,-0.14478727981966677,0.03835918855690624,104.54550018310547,,,23.71916302509085,-2.772747166919501,-1.7726561856245278,107.13099244541694,108.5338124315889,10.563386430155449,26.815173086153592,112.64640994047345,96.4445904257375,-25880500.0,1
2018-03-08,91.31999969482422,93.77999877929688,90.72000122070312,91.0,11477500.0,0.023193273891587873,0.038293970659744735,103.80750007629395,,,22.16844636603068,-3.460046694988378,-2.110134287497298,106.51095351402115,108.36253071281513,19.674300090397576,24.79877845795151,113.7904728902063,93.8245272623816,-14403000.0,0
2018-03-09,92.6999969482422,92.75,91.08000183105467,91.88999938964844,4464300.0,0.015111665112020445,0.038529741414265434,103.36349983215332,,,25.976068781773677,-3.8490132486729323,-2.457910079732425,105.96934737418668,108.20668460570496,26.139397666592185,18.792361395715073,114.4882086745828,92.23879098972385,-9938700.0,0
2018-03-12,94.29000091552734,94.95999908447266,92.6999969482422,93.05999755859376,5355000.0,0.017152146921567857,0.037874202751668536,102.69699974060059,,,30.55901418759163,-3.983057801905346,-2.7629396241670094,105.5113337875726,108.06821014112609,33.84895953193431,26.554219096308028,114.33344037496,91.06055910624117,-4583700.0,0
2018-03-13,94.41999816894533,96.23999786376952,94.20999908447266,94.4800033569336,4922600.0,0.0013786960669821546,0.03512019781793709,102.18099975585938,,,31.944886497808042,-4.0323173398984835,-3.0168151673133043,105.07637944958721,107.93240703692528,34.44039371557366,31.476250304700056,114.33953030701838,90.02246920470037,338900.0,0
2018-03-14,92.80999755859376,94.58999633789062,92.16999816894533,94.4000015258789,3244000.0,-0.01705147894062442,0.034890493721191095,101.57949981689453,107.14759963989258,,27.4833417270368,-4.153391757785556,-3.244130485407755,104.59534486562667,107.7819353008225,27.115551293092008,31.801634846866662,114.35860476333679,88.80039487045227,-2905100.0,0
2018-03-15,94.16000366210938,95.43000030517578,93.4499969482422,94.08000183105467,2781700.0,0.01454591249895576,0.03513385895583014,100.9939998626709,106.85699966430664,,30.828471466736843,-4.093225737812247,-3.4139495358886536,104.18611579882207,107.64639369247709,33.25752534829502,31.6044901189869,114.01613113965412,87.97186858568769,-123400.0,0
2018-03-16,95.75,95.91999816894533,93.76000213623048,94.38999938964844,4172400.0,0.016886111682793414,0.03531080637356427,100.35299987792969,106.61159973144531,,34.45203883987932,-3.872603356316958,-3.5056802999743146,103.85528772828003,107.52802161593503,43.28793424176046,34.5536702943825,113.06330800886127,87.64269174699811,4049000.0,0
2018-03-19,94.56999969482422,95.73999786376952,93.95999908447266,95.30999755859376,3122800.0,-0.01232376297833715,0.03468289780033119,99.68349990844726,106.32579971313477,,35.62654034743724,-3.749749909617364,-3.5544942219029245,103.49115878579157,107.39908607443144,41.195315372091805,39.24692498738243,112.11422356716383,87.25277624973069,926200.0,0
2018-03-20,94.94000244140624,95.01000213623048,93.3499984741211,94.48999786376952,2837100.0,0.003912474862810766,0.034749470755784745,99.09000015258789,106.00179977416992,,37.831868863211064,-3.581249127893301,-3.559845203101,103.15581932130587,107.27511509300831,43.16971659279499,42.55098873554908,111.21785144824283,86.96214885693296,3763300.0,0
2018-03-21,94.72000122070312,95.91000366210938,94.0500030517578,94.45999908447266,3464400.0,-0.002317265799933854,0.03473498929023673,98.54150009155273,105.71419982910156,,34.593901204796296,-3.425970844970209,-3.533070331474842,102.8250029252038,107.15018858681623,41.99575050004295,42.12026082164325,110.4018498254427,86.68115035766277,298900.0,0
2018-03-22,93.54000091552734,94.83999633789062,92.61000061035156,93.4000015258789,4472800.0,-0.01245777333159348,0.034752997483719815,97.86850013732911,105.39119979858398,,32.61912598450746,-3.3594027462841467,-3.498336814436703,102.46088519933414,107.01476383386809,37.4161108190588,40.860525970632246,109.2247661993321,86.51223407532612,-4173900.0,0
2018-03-23,91.9499969482422,94.25,91.80999755859376,93.6999969482422,2707700.0,-0.016998117935887347,0.034601656743805845,97.13549995422363,105.03759979248046,,32.807979327759554,-3.39580238434732,-3.4778299284188265,102.04869350321289,106.86486565590167,28.523473609470766,35.978444976190836,107.99781301358513,86.27318689486214,-6881600.0,0
2018-03-26,95.20999908447266,95.95999908447266,93.6500015258789,95.12999725341795,2648500.0,0.03545407552395541,0.035798296685379406,96.5849998474121,104.7147998046875,,35.979163320185876,-3.1255648661579443,-3.4073769159666503,101.78050940836034,106.74889683429542,89.03089620610268,51.65682687821075,106.59099959214146,86.57900010268276,-4233100.0,1
2018-03-27,93.62999725341795,95.68000030517578,93.05999755859376,95.68000030517578,1522400.0,-0.01659491488549314,0.035890471433278885,96.06999969482422,104.29059982299805,,61.465953152355695,-3.004261374143198,-3.32675380760196,101.46088148071554,106.61836052005785,52.71735149277752,56.757240436116994,105.52959412473497,86.61040526491347,-5755500.0,0
2018-03-28,93.91000366210938,95.27999877929688,93.52999877929688,93.52999877929688,1983400.0,0.002990563034339866,0.03573479280007322,95.63349990844726,103.91119995117188,,57.48122734819574,-2.8526497352714415,-3.2319329931358567,101.16476862508392,106.49190920803846,54.84503889367807,65.53109553085277,104.60994508221182,86.6570547346827,-3772100.0,0
2018-03-29,94.9000015258789,95.47000122070312,94.3499984741211,94.56999969482422,2357800.0,0.010541985147094257,0.03582063732696106,95.17400016784669,103.5531999206543,,56.50118746959178,-2.6223826702675552,-3.1100229285621968,100.91909148393863,106.37656684304186,69.75177775213609,59.1047227128639,103.22046504161065,87.12753529408272,-1414300.0,0
2018-04-02,94.4000015258789,94.98999786376952,93.16000366210938,94.73999786376952,2603300.0,-0.005268703814126363,0.035604601194847,94.67350006103516,103.1831999206543,,50.34744311938279,-2.451975338195922,-2.978413410488942,100.66344089734805,106.25739703889099,58.46509681408223,61.020637819965465,101.44537520826265,87.90162491380767,-4017600.0,0
2018-04-03,94.87999725341795,95.66999816894533,94.33000183105467,95.2699966430664,1790200.0,0.005084700421402744,0.03562723561293011,94.28549995422364,102.78619979858398,,51.42150383803435,-2.2522323238267603,-2.833177193156506,100.43663918582139,106.14418908082658,73.97586906125348,67.39758120915728,99.93105786662333,88.63994204182394,-2227400.0,0
2018-04-04,97.55999755859376,97.8000030517578,93.6999969482422,94.22000122070312,1938200.0,0.028246209767668118,0.03616009629218395,93.94549980163575,102.43699981689453,,63.76810376321213,-1.856282845787618,-2.6377983236827283,100.32382971024384,106.05877423980935,95.99323417252396,76.14473334928657,97.44913126180413,90.44186834146737,-289200.0,0
2018-04-05,99.0,100.06999969482422,96.69000244140624,97.94000244140624,2853400.0,0.01476017299550847,0.03611160106857297,94.43299980163575,102.12299987792969,,63.95615081023766,-1.4100398081713905,-2.392246620580461,100.27191481964604,105.98853768020926,87.04601188744336,85.67170504040693,97.89878558052112,90.96721402275037,2564200.0,0
2018-04-06,98.72000122070312,99.76000213623048,97.27999877929688,98.06999969482422,3015900.0,-0.0028282704979482043,0.01530855318799438,94.8029998779297,101.81059997558594,,59.26387591940551,-1.0666864498897866,-2.127134586442326,100.21105546282476,105.91621393434355,83.65619703414289,88.89848103137007,98.44500765075487,91.16099210510451,-451700.0,0
2018-04-09,98.73999786376952,100.23999786376952,98.6500015258789,99.6999969482422,1642700.0,0.00020255918576905785,0.014748595703989426,95.10499992370606,101.48399993896484,,64.02150389781235,-0.7839262637562996,-1.858492921905121,100.15336692952849,105.84480879931297,82.20640633809886,84.30287175322836,99.00529138913107,91.20470845828105,1191000.0,0
2018-04-10,99.06999969482422,100.3000030517578,97.93000030517578,100.0,2392100.0,0.0033421292099884425,0.014520302839413262,95.3439998626709,101.15679992675781,,63.92445926765068,-0.5271319403623806,-1.592220725596573,100.11088193993224,105.77739776344741,85.51233732505885,83.7916468991002,99.60330248863036,91.08469723671143,3583100.0,0
2018-04-11,98.25,99.02999877929688,97.91999816894533,98.4499969482422,1624700.0,-0.008276972820734363,0.014364156233493583,95.53549995422364,100.79479995727539,,61.43874583300782,-0.38534568611821385,-1.3508457177009012,100.03790617758196,105.7024982832141,75.85392549618001,81.19088971977924,99.96103570054869,91.10996420789859,1958400.0,0
2018-04-12,98.0999984741211,99.52999877929688,98.01000213623048,98.5199966430664,1493400.0,-0.0015267330878260266,0.014385008558613473,95.8,100.46479995727539,,65.83331478967786,-0.28183411934611513,-1.137043398029944,99.96190979705409,105.62685151894452,74.08712421437066,78.48446234520317,100.17166896746387,91.42833103253612,465000.0,0
2018-04-13,97.12999725341795,98.8000030517578,96.66000366210938,98.69000244140624,1649400.0,-0.00988788211815339,0.013992199327689376,95.94849967956543,100.10739990234374,,68.7953479539334,-0.2749025433916472,-0.9646152271022846,99.85085440318602,105.54230570535721,56.21542274611611,68.71882415222225,100.28725615977945,91.60974319935141,-1184400.0,0
2018-04-16,97.5500030517578,97.87999725341795,96.3000030517578,97.43000030517578,1727600.0,0.004324161538314719,0.013718601084992189,96.03849983215332,99.78099990844727,,60.6947066416816,-0.2328342929228029,-0.8182590402663883,99.76062493842413,105.46278030581891,62.01660340456189,64.10638345501623,100.43422137410712,91.64277829019952,543200.0,0
2018-04-17,98.87000274658205,99.25,97.97000122070312,98.18000030517578,1419200.0,0.013531518744534399,0.01355236363920233,96.25349998474121,99.58179992675781,,74.53184269743187,-0.09192233421710228,-0.6729916990565311,99.72569857795973,105.39718052911009,79.97198280928471,66.06800298665424,100.76588439800844,91.74111557147398,1962400.0,0
2018-04-18,100.5199966430664,101.75,100.19000244140624,100.43000030517578,1705200.0,0.016688518768564586,0.013539174464888403,96.53249969482422,99.48739990234375,,77.42736718675302,0.15114976573305228,-0.5081634060986144,99.75684752168941,105.34865133621413,85.68097926295931,75.8898551589353,101.38047406002559,91.68452532962286,3667600.0,0
2018-04-19,98.9000015258789,100.37999725341795,97.91999816894533,100.16000366210938,1868700.0,-0.016116147744611453,0.014162502014561035,96.741499710083,99.3083999633789,,65.7728797731878,0.21063798551114132,-0.3644031277766633,99.72324571793213,105.28448566645956,66.82188953271493,77.491617201653,101.62077613272533,91.86222328744068,1798900.0,0
2018-04-20,97.55999755859376,98.8000030517578,96.91999816894533,98.66999816894533,2376700.0,-0.01354907933883609,0.014542374535287166,96.94249954223633,99.13799987792969,,61.68637876228848,0.14795022885287779,-0.2619324564507551,99.63841245678161,105.20762508827185,47.950299963037814,66.81772291957068,101.59228013664337,92.2927189478293,-577800.0,0
2018-04-23,97.51000213623048,98.0199966430664,96.47000122070312,97.43000030517578,2184500.0,-0.0005124582166298186,0.014198353087950895,97.22049980163574,99.0565998840332,,60.045857977819466,0.09316160827563635,-0.19091364350547682,99.55494538538746,105.13103182506747,47.32923905111227,54.03380951562167,101.23490746313172,93.20609214013976,-2762300.0,0
2018-04-24,96.5199966430664,98.38999938964844,96.01000213623048,98.38999938964844,1851800.0,-0.0101528609524687,0.013811859009450112,97.28599967956544,98.83459976196289,,45.43859308629708,-0.029800417081730757,-0.15869099822072763,99.43592778764938,105.045349882958,8.884925028543556,34.72148801423121,101.20387407658751,93.36812528254336,-4614100.0,0
2018-04-25,96.91000366210938,97.5199966430664,95.12000274658205,96.33999633789062,1519100.0,0.0040406862060431425,0.011572890050028978,97.45,98.6779998779297,,39.903405287941325,-0.09468690930893331,-0.1458901804383688,99.33687193958899,104.9644011643426,26.998516697793992,27.73756025914994,100.97877975538552,93.92122024461449,-3095000.0,0
2018-04-26,96.93000030517578,97.58000183105467,95.58000183105467,96.86000061035156,2998500.0,0.00020634240337180643,0.010861353684833115,97.60099983215332,98.5197999572754,,41.12983046720763,-0.14284967774023016,-0.1452820798987411,99.24248481667082,104.88445687718672,27.300125315446095,21.061189013927883,100.72749670459933,94.47450295970731,-96500.0,0
2018-04-27,97.36000061035156,97.76000213623048,96.47000122070312,96.75,1863900.0,0.0044361942001647225,0.010874471092781302,97.72399978637695,98.34959991455078,,43.42858928237977,-0.1446541052693533,-0.14515648497286354,99.16866190661909,104.80958666557642,33.78580379674718,29.361481936662425,100.58540454971487,94.86259502303903,1767400.0,0
2018-04-30,95.88999938964844,98.0999984741211,95.88999938964844,97.80999755859376,1749700.0,-0.015098615565814155,0.011273113259458664,97.79849967956542,98.09599990844727,,36.3402131116703,-0.2616844053523266,-0.16846206904875616,99.04008690595359,104.72083455337814,11.613830498488316,24.233253203560533,100.35707103796287,95.23992832116798,17700.0,0
2018-05-01,95.93000030517578,96.33999633789062,95.0199966430664,95.83000183105467,1373300.0,0.0004171541952440183,0.011194263736940002,97.85099983215332,97.85539993286133,,39.31860987759962,-0.3472016967102718,-0.20420999458105932,98.91812272553092,104.63336356583385,13.521592989576188,19.64040909493723,100.1911920559848,95.51080760832184,1391000.0,0
2018-05-02,96.20999908447266,97.0199966430664,94.8000030517578,95.48999786376952,1524800.0,0.0029187822204328473,0.011162991541643217,97.78349990844727,97.64339996337891,,41.40128096012309,-0.3879096241070954,-0.24094992048626657,98.8119217984306,104.54954899388001,20.287721609309127,15.141048365791207,100.23429782998228,95.33270198691226,2915800.0,0
2018-05-03,95.55999755859376,96.08000183105467,94.38999938964844,95.68000030517578,1124700.0,-0.006756070388361457,0.009306603695376456,97.61149978637695,97.44079986572265,,42.64292951430042,-0.4672346504954419,-0.2862068664881017,98.68439535765269,104.4601007208921,15.896712933688736,16.56867584419135,100.18271121640934,95.04028835634456,1791100.0,0
2018-05-04,93.61000061035156,95.1500015258789,93.0199966430664,95.1500015258789,2933400.0,-0.020405996212447985,0.009501247394838808,97.35599975585937,97.17299987792968,,33.852444971414855,-0.679614588403112,-0.36488841087110374,98.48539948520951,104.35213952576235,6.75834754194636,14.314260694981405,100.42984438943962,94.28215512227912,-1142300.0,0
2018-05-07,92.8000030517578,93.9800033569336,92.1999969482422,93.62000274658205,2308800.0,-0.008652895559368212,0.009592237396305454,97.05900001525879,96.89679992675781,,24.037628790958948,-0.9028794209148572,-0.47248661287985444,98.26244276232904,104.23719289418023,6.282784416546945,9.645948297394012,100.67061730091825,93.44738272959933,-3451100.0,0
2018-05-08,93.68000030517578,94.4499969482422,92.51000213623048,92.91999816894533,1944700.0,0.00948272871205802,0.009949275111636093,96.78950004577636,96.64599990844727,,18.681330197735576,-0.9973135752207583,-0.5774520053480352,98.08273913655833,104.13214620175232,18.092949898756522,10.37802728574994,100.5697497421898,93.00925034936293,-1506400.0,0
2018-05-09,93.5500030517578,93.9499969482422,92.08000183105467,93.29000091552734,1923200.0,-0.0013876734948174985,0.009864664405684894,96.55450019836425,96.43839996337891,,21.633094904648814,-1.0703052026536142,-0.6760226448091511,97.90498478029164,104.02685124503597,21.87501419157951,15.41691616896099,100.53168907565076,92.57731132107774,-3429600.0,0
2018-05-10,92.62000274658205,93.91999816894533,92.33999633789062,93.38999938964844,2737900.0,-0.009941210848076754,0.009918416439200236,96.2805004119873,96.23800003051758,,22.616426549287937,-1.1894832233896437,-0.7787147605252496,97.69773058289127,103.91335026495184,8.557862511245027,16.17527553386035,100.55344680345455,92.00755402052006,-6167500.0,0
2018-05-11,93.88999938964844,93.9499969482422,90.20999908447266,91.87999725341795,3140200.0,0.01371190461461369,0.010550397345738633,96.11850051879883,96.03400009155274,,32.324201651496,-1.167990678668815,-0.8565699441539627,97.54840779099939,103.81361543037173,44.9877771134961,25.140217938773542,100.50013221563741,91.73686882196024,-3027300.0,0
2018-05-14,94.86000061035156,95.23999786376952,93.8000030517578,93.93000030517578,2659500.0,0.01033125175214411,0.010719013455835293,95.98400039672852,95.84300003051757,,41.878683592685626,-1.0604623405132827,-0.8973484234258268,97.44298005842496,103.72452473564516,58.93538511523384,37.49367491332499,100.34571479682332,91.62228599663372,-367800.0,0
2018-05-15,95.29000091552734,96.08000183105467,94.01000213623048,94.01000213623048,2293500.0,0.004532999182047748,0.010724364334119,95.80500030517578,95.69600006103515,,42.105239675579284,-0.9298294319670077,-0.903844625134063,97.35854950380153,103.64059912549475,64.38532603335274,56.10282942069423,99.9568148602577,91.65318575009387,1925700.0,0
2018-05-16,94.48999786376952,96.66000366210938,94.1999969482422,95.01000213623048,2716000.0,-0.008395456438992088,0.01029128337048291,95.50350036621094,95.49860000610352,,38.94925758482519,-0.8807032720556833,-0.8992163545183872,97.24605728262381,103.54954836667162,54.24586958665873,59.18886024508176,99.04449119289593,91.96250953952595,-790300.0,0
2018-05-17,94.29000091552734,95.0,93.8000030517578,94.70999908447266,1526700.0,-0.002116593848700443,0.009349277969415004,95.27300033569335,95.59940002441407,,35.80017319659224,-0.8481317834145017,-0.8889994402976102,97.13013350352199,103.45741356616273,51.71105382349699,56.78074981450282,98.46615688887923,92.07984378250748,-2317000.0,0
2018-05-18,93.0999984741211,94.33000183105467,93.0500030517578,93.7699966430664,3067700.0,-0.012620664225810652,0.009132700383843138,95.05000038146973,95.635,,36.75212127052349,-0.9078764610480903,-0.8927748444477064,96.97208899256509,103.35435470952551,42.43759802823213,49.464840479462616,98.19321974597482,91.90678101696464,-5384700.0,0
2018-05-21,93.81999969482422,94.72000122070312,93.51000213623048,93.77999877929688,2085300.0,0.007733633002188212,0.009064800147009437,94.86550025939941,95.65740005493164,,40.588750139520705,-0.8869028038553921,-0.8916004363292436,96.84847764755565,103.25948550539913,53.0103069684069,49.05298627337867,97.82877263363251,91.90222788516631,-3299400.0,0
2018-05-22,93.58999633789062,95.12000274658205,93.4800033569336,94.26000213623048,2533100.0,-0.002451538666401021,0.009060685768182251,94.71900024414063,95.64339996337891,,38.26163226715469,-0.8787111430312393,-0.8890225776696428,96.72069406678449,103.16327168283686,52.40302100151997,49.283641999386326,97.62706441882138,91.81093606945988,-5832500.0,0
2018-05-23,93.68000030517578,93.7300033569336,92.2699966430664,92.54000091552734,1794800.0,0.0009616836286669983,0.008878065954407016,94.55750007629395,95.62860000610351,,41.13208715073017,-0.8550995692912124,-0.8822379759939567,96.6014511741724,103.0689107736064,53.798430356688726,53.07058610887186,97.30770985664165,91.80729029594625,-4037700.0,0
2018-05-24,94.6500015258789,97.6500015258789,93.66999816894533,93.69000244140624,2221500.0,0.010354410947301496,0.009172948076545555,94.4435001373291,95.66540008544922,,55.405408620578896,-0.749476733862835,-0.8556857275677324,96.52492373698442,102.98514053233548,59.67743258652797,55.29296131491222,96.95860127293597,91.92839900172223,-1816200.0,0
2018-05-25,95.18000030517578,96.04000091552734,94.19000244140624,94.69000244140624,2387700.0,0.005599564403091506,0.009285652838960694,94.33450012207031,95.68580001831054,,62.74087924241951,-0.6159036498213339,-0.8077293120184528,96.47218164161937,102.90747744549807,66.80106975561334,60.092310899610005,96.47906841883858,92.18993182530204,571500.0,0
2018-05-29,94.9000015258789,95.70999908447266,94.11000061035156,95.01000213623048,2866400.0,-0.002941781660003251,0.009215911267513756,94.28500022888184,95.66880004882813,,56.979407631135615,-0.5265696130965836,-0.751497372234079,96.41052751943347,102.82780106818844,63.03764653765064,63.17204962659731,96.32136860008644,92.24863185767724,-2294900.0,0
2018-05-30,96.3499984741211,96.70999908447266,94.6999969482422,95.61000061035156,3298600.0,0.015279208903350439,0.009305196843347565,94.30600013732911,95.70440002441406,,63.91647106557421,-0.3349084931465143,-0.668179596416566,96.40815383138201,102.76334532098379,82.5268464359254,70.7885209097298,96.4209421800408,92.19105809461742,1003700.0,0
2018-05-31,82.58999633789062,89.0,81.30999755859375,88.2699966430664,18431900.0,-0.1428126866024425,0.03257855643889715,93.625,95.45739990234375,,28.09086209465309,-1.2785940141026373,-0.7902624799537803,95.86626530222549,102.562615480356,7.8335279591094436,51.13267364422848,99.16169031967709,88.08830968032291,-17428200.0,1
2018-06-01,81.27999877929688,83.4000015258789,81.01000213623047,83.1500015258789,7654600.0,-0.015861455583970674,0.032563361182650595,92.91100006103515,95.18859985351563,,22.503279008159097,-2.1078791247782647,-1.0537858089186773,95.29425485034594,102.3508481499972,1.622576039482118,30.660983478172316,100.64431670345411,85.1776834186162,-25082800.0,0
2018-06-04,81.20999908447266,81.69000244140625,80.01000213623047,81.08000183105469,5765700.0,-0.0008612167307517904,0.03259499441153987,92.2909999847412,94.94199981689454,,19.01952438721574,-2.7391665333018125,-1.3908619537953046,94.7419310948215,102.14049144287756,6.802704023597493,5.419602674063008,101.6133749371715,82.96862503231091,-30848500.0,0
2018-06-05,82.94999694824219,83.29000091552734,81.20999908447266,81.4000015258789,5868200.0,0.021425906703429698,0.033020786947281056,91.79849967956542,94.76199981689453,,23.564691795721856,-3.0637461088722517,-1.725438784810694,94.27950230475957,101.94954124890108,16.666637832975074,8.36397263201822,102.0063483386663,81.59065102046455,-24980300.0,0
2018-06-06,81.58999633789062,83.68000030517578,81.0,83.2300033569336,4617500.0,-0.016395426888323517,0.033104703815850525,91.19399948120117,94.4895997619629,,23.012550832034904,-3.3916219377503722,-2.0586754153986297,93.78187461978432,101.74695871247313,8.956883539277975,10.808741798616836,102.32305972194621,80.06493924045614,-29597800.0,0
2018-06-07,81.95999908447266,82.4800033569336,81.08000183105469,82.05000305175781,4621300.0,0.004534903336062657,0.03300989893914557,90.61449928283692,94.25619979858398,,24.38720797843611,-3.5803378587936265,-2.3630079040776293,93.31827165761523,101.55007354204527,11.054404850980273,12.22597540774443,102.41383480966213,78.8151637560117,-24976500.0,0
2018-06-08,82.62999725341797,82.91000366210938,81.87999725341797,81.95999908447266,3988000.0,0.008174697125786556,0.033139176920559815,90.11499900817871,94.03059967041015,,27.77070092582933,-3.6339434944667204,-2.617195022155448,92.89912364176435,101.36181407648678,14.85258054331325,11.621289644523822,102.39297014763588,77.83702786872155,-20988500.0,0
2018-06-11,83.94999694824219,84.25,82.47000122070312,82.5,3077400.0,0.015974824382190222,0.033439740924062204,89.6179988861084,93.81159957885743,,29.565212995938253,-3.5292306294443705,-2.7996021436132326,92.54817749692035,101.18856216476296,22.33557226948545,16.080852554592983,102.05624358181286,77.17975419040393,-17911100.0,0
2018-06-12,86.58999633789062,87.06999969482422,83.95999908447266,84.0999984741211,4562200.0,0.0314472839263602,0.03412862183945847,89.20449867248536,93.65539947509765,,36.822287945325726,-3.1963732410994083,-2.878956363110468,92.31452333382114,101.04330280330154,37.30155572182984,24.829902844876173,101.4574703128694,76.95152703210131,-13348900.0,0
2018-06-13,87.9800033569336,88.77999877929688,86.30999755859375,86.72000122070312,5520100.0,0.01605274370978016,0.034264971208019857,88.83899879455566,93.51739959716797,,39.77028567234791,-2.788277881291833,-2.8608206667467413,92.14454215825693,100.9133197242332,45.18141437907366,34.93951412346298,100.75923359979929,76.91876398931204,-7828800.0,0
2018-06-14,88.33999633789062,88.63999938964844,87.19000244140625,88.16000366210938,3407400.0,0.004091759118223015,0.03426027479679673,88.53149871826172,93.3329995727539,,38.422005587798125,-2.4080524142290187,-2.7702670162431966,91.99534428294844,100.78821202884671,49.880213915469945,44.121061338791144,100.15145502437359,76.91154241214984,-4421400.0,0
2018-06-15,88.0199966430664,88.58000183105469,87.29000091552734,88.2699966430664,4065400.0,-0.0036223648187652113,0.03423845870442539,88.21799850463867,93.11339950561523,,36.7603449706082,-2.10823981695232,-2.6378615763850215,91.83944829707072,100.66116510958523,47.96404772803899,47.675225340860855,99.51771173601566,76.91828527326169,-8486800.0,0
2018-06-18,88.4000015258789,89.0999984741211,87.0999984741211,87.38999938964844,3130500.0,0.004317256274769754,0.03427331364459754,87.98299865722656,92.90699951171875,,38.0250549996711,-1.819004602600046,-2.4740901816280267,91.70456803153378,100.53916348188666,50.239526484054565,49.36126270918783,99.0482731072772,76.91772420717592,-5356300.0,0
2018-06-19,87.2699966430664,87.79000091552734,86.2699966430664,87.5999984741211,3218900.0,-0.012782860444653932,0.03427573652779141,87.65549850463867,92.67759948730469,,33.07233528818736,-1.6618092589005329,-2.311633997082528,91.53066327120173,100.40713197105264,79.86795854442173,59.35717758550509,98.3757114087633,76.93528560051405,-8575200.0,0
2018-06-20,86.55999755859375,88.23999786376953,85.93000030517578,87.87999725341797,2192100.0,-0.008135660728584071,0.03421450684966264,87.30399856567382,92.42739944458008,,64.41539574770813,-1.5763506201890465,-2.164577321703832,91.33573520404065,100.26934953908787,72.05718439137719,67.38822313995115,97.65972310531527,76.94827402603238,-10767300.0,0
2018-06-21,86.22000122070312,87.3499984741211,86.05999755859375,86.5199966430664,2824000.0,-0.003927869079022095,0.03421436249111331,86.93099861145019,92.18679946899414,,69.29687993600847,-1.5185539516264441,-2.0353726476883547,91.13511818508623,100.12955502845719,68.31684913432775,73.41399735670888,96.84785261985621,77.01414460304417,-13591300.0,0
2018-06-22,86.98999786376953,87.37999725341797,86.37999725341797,86.58000183105469,5743400.0,0.008930603481382304,0.03430796008656938,86.54799842834473,91.96459945678711,,71.40740288628473,-1.3945419696689356,-1.907206512084471,90.97256444699538,99.99881316612199,73.95060484155817,71.44154612242103,95.77747820929174,77.31851864739771,-7847900.0,0
2018-06-25,86.55000305175781,87.36000061035156,85.94000244140625,87.12000274658203,1784400.0,-0.005057993135035743,0.034174558927335,86.11649856567382,91.75299957275391,,64.75412706572163,-1.3165886700089402,-1.789082943669365,90.79913066678999,99.86499416000892,68.51856910207661,70.26200769265417,94.40581148069654,77.8271856506511,-9632300.0,0
2018-06-26,85.1500015258789,86.72000122070312,84.7699966430664,86.61000061035156,2369800.0,-0.01617563808798128,0.03421032917141399,85.62899856567383,91.50499954223633,,64.54250739097725,-1.3521913213994594,-1.701704619215384,90.57759619067583,99.71857632285341,50.74814711229199,64.40577368530892,92.8169480301159,78.44104910123176,-12002100.0,0
2018-06-27,83.52999877929688,85.31999969482422,83.5,85.31999969482422,2354800.0,-0.019025281474477462,0.03434914799003471,84.98799858093261,91.19819946289063,,55.81912506836199,-1.4939065372145564,-1.6601450028152185,90.30121982160216,99.5574959492857,22.85320286577763,47.37330636004873,90.15193780758267,79.82405935428255,-14356900.0,0
2018-06-28,85.01000213623047,85.4800033569336,82.04000091552734,83.62000274658203,3439600.0,0.017718225530495513,0.034426775795088564,85.1089988708496,90.88799957275391,,58.32169361851968,-1.4698494551807926,-1.6220858932883335,90.0937210888425,99.41274476706624,42.068020506436355,38.55645682816865,90.14825576247775,80.06974197922146,-10917300.0,0
2018-06-29,85.0,86.4000015258789,84.7699966430664,85.0,2292500.0,-0.0001176583458313285,0.01389414105200168,85.29499893188476,90.60999954223632,,54.04158047627606,-1.4350487840538477,-1.5846784714414364,89.89396732065259,99.26933437137404,41.92634713973252,35.6158568373155,90.00290362154263,80.5870942422269,-13209800.0,0
2018-07-02,84.02999877929688,84.73999786376953,83.31999969482422,84.52999877929688,1965400.0,-0.011411779067095562,0.013648500227286088,85.43599891662598,90.33939956665039,,38.69259760496477,-1.4688084834372006,-1.5615044738405892,89.6640077700112,99.11769919135338,28.18694832758427,37.393771991251036,89.78392335579747,81.08807447745448,-15175200.0,0
2018-07-03,83.55000305175781,84.86000061035156,83.45999908447266,84.30000305175781,812300.0,-0.005712194865071463,0.013734335366173536,85.46599922180175,90.06019958496094,,28.72237274993239,-1.5168100896132017,-1.5525655969951118,89.4242428790993,98.96279674220318,21.388139637419926,30.500478368245563,89.74950239120376,81.18249605239974,-15987500.0,0
2018-07-05,83.98999786376953,84.12999725341797,83.20999908447266,83.79000091552734,1642300.0,0.005266245313469975,0.012991354343112934,85.5859992980957,89.809599609375,,29.265970638825564,-1.5020332993101135,-1.5424591374581123,89.21113523143931,98.81381366878594,27.62036292588462,25.731816963629598,89.53360559338618,81.63839300280522,-14345200.0,0
2018-07-06,84.62999725341797,85.52999877929688,83.87999725341797,84.2300033569336,1464200.0,0.007619947683371819,0.01245982780386261,85.71949920654296,89.56399948120117,,34.32007328737346,-1.4222847709889095,-1.5184242641642718,89.03148276171298,98.67268116714048,36.68551322284756,28.56467192871736,89.31574567946606,82.12325273361986,-12881000.0,0
2018-07-09,84.66999816894531,85.83000183105469,84.26000213623047,84.6500015258789,2263700.0,0.00047265646727567834,0.012447050823126528,85.82149925231934,89.31879943847656,,32.187174593736316,-1.3404044005984446,-1.4828202914511066,88.8604441502319,98.53335098805397,42.41933141860047,35.57506918911088,89.15490421987978,82.4880942847589,-10617300.0,0
2018-07-10,85.83000183105469,85.91999816894531,84.5,84.83000183105469,1765000.0,0.013700291569568313,0.012649222246554669,85.91549949645996,89.08819946289063,,43.14287686511584,-1.1684419447612981,-1.4199446221131449,88.74160327497005,98.40694950390473,61.129077113527906,46.74464058499197,89.13062417182115,82.70037482109876,-8852300.0,0
2018-07-11,85.19999694824219,85.83999633789062,83.7300033569336,85.7300033569336,2767100.0,-0.007340147610069736,0.012371004158893367,85.84599952697754,88.8743994140625,,43.47408421622967,-1.0706547469963255,-1.350086647089781,88.60271675235326,98.2755370406643,59.17599625102154,54.24146826104996,89.05982720759364,82.63217184636143,-11619400.0,0
2018-07-12,85.73999786376953,86.0,84.87999725341797,85.5999984741211,1833400.0,0.006338039141660756,0.010298175996385396,85.73399925231934,88.67059936523438,,47.740097774042106,-0.9387626558050925,-1.2678218488328432,88.49045326652644,98.15080530756087,69.28837988124425,63.197817748597885,88.7867858133472,82.68121269129148,-9786000.0,0
2018-07-13,86.75,87.08999633789062,85.55000305175781,85.94999694824219,1904100.0,0.011779824602226263,0.00999417592072741,85.65449943542481,88.48139938354493,,48.89503829798594,-0.7441602754197305,-1.1630895341502208,88.4222001972509,98.03736445872943,88.53382245594813,72.33273286273796,88.49711812361838,82.81188074723124,-7881900.0,0
2018-07-16,86.08999633789062,86.69999694824219,85.23999786376953,86.66000366210938,1629200.0,-0.007608111378782367,0.010044214276364935,85.55799942016601,88.29199935913086,,47.92416063018151,-0.6358634287855693,-1.0576443130772906,88.33074122237403,97.91848517394496,80.19800185220717,79.34006806313317,88.18539037076071,82.93060846957131,-9511100.0,0
2018-07-17,86.7300033569336,87.44000244140625,85.80999755859375,86.08000183105469,2130300.0,0.007434162461002369,0.01019837329534442,85.47449951171875,88.1543994140625,,57.655030879758925,-0.49271447416238345,-0.9446583452943091,88.2679671884352,97.80715699666128,86.8518725213305,85.19456560982859,87.81171750705674,83.13728151638075,-7380800.0,0
2018-07-18,86.62999725341797,86.9800033569336,85.44999694824219,86.52999877929688,2001500.0,-0.0011530739034339987,0.010134730959873548,85.44249954223633,88.03099929809571,,67.61357577396944,-0.38292344989007177,-0.8323113662134617,88.20373307333648,97.69594147682801,84.9999081647214,84.01659417941968,87.6920926245366,83.19290645993607,-9382300.0,0
2018-07-19,87.48999786376953,87.81999969482422,86.2300033569336,86.70999908447266,2314900.0,0.009927284285093707,0.010015855141178141,85.48899955749512,87.90719924926758,,65.15885510906833,-0.22393700383794624,-0.7106364937383587,88.17574345727503,97.59438979908614,92.84160981858263,88.23113016821151,87.8704356767272,83.10756343826304,-7067400.0,0
2018-07-20,86.44000244140625,87.31999969482422,85.95999908447266,87.25,2606700.0,-0.01200131955653061,0.010209737505978434,85.49999961853027,87.76499923706055,,57.80910991107882,-0.18058330340058149,-0.6046258556708033,88.10767518214293,97.48340087015401,70.0651394639896,82.6355524824312,87.89763018043965,83.10236905662089,-9674100.0,0
2018-07-23,87.98999786376953,88.36000061035156,86.12000274658203,86.33999633789062,2738000.0,0.017931459724494392,0.010883119445118617,85.54999961853028,87.67239913940429,,70.20405494092286,-0.020912441121240022,-0.48788317276089066,88.10306038534398,97.38893914869746,92.81548277757284,85.24074402004834,88.11437088525588,82.98562835180468,-6936100.0,0
2018-07-24,88.27999877929688,88.9800033569336,87.68000030517578,87.72000122070312,2895500.0,0.003295839556404223,0.010747062194492684,85.63649940490723,87.56019912719727,,74.60971860997583,0.1275581073860792,-0.36479491673149667,88.10999914589115,97.29830292611636,87.8682138767609,83.58294537277443,88.44772667988843,82.82527212992602,-4040600.0,0
2018-07-25,89.4000015258789,89.76000213623047,88.0999984741211,88.41999816894531,2865000.0,0.012686936588910402,0.010962502372632224,85.84899940490723,87.45099914550781,,76.28761490405077,0.3317724815008063,-0.2254814370850361,88.16058747451812,97.2197128624324,94.02983941576286,91.5711786900322,89.11165532296738,82.58634348684708,-1175600.0,0
2018-07-26,89.22000122070312,90.79000091552734,89.0999984741211,89.79000091552734,2341000.0,-0.002013426198026136,0.010225035845091867,86.13349952697754,87.32959915161133,,73.34685872306144,0.47362961657380254,-0.08565922635326836,88.20213311162343,97.14011374161917,77.76203629258846,86.55336319503739,89.5341332214747,82.73286583248039,-3516600.0,0
2018-07-27,87.98999786376953,90.01000213623047,87.45999908447266,89.55000305175781,1867000.0,-0.013786184040627147,0.009731323911317402,86.28249931335449,87.19959915161132,,65.063482360011,0.4812538321995561,0.02772338535729653,88.19381408229583,97.04906781248634,60.33988640195036,77.37725403676723,89.73658282194174,82.82841580476725,-5383600.0,0
2018-07-30,90.0199966430664,90.06999969482422,87.5999984741211,87.91999816894531,3027000.0,0.023070790187309953,0.010207603493944652,86.53349914550782,87.11419906616212,,67.61979378215136,0.6436800709135042,0.15091472246853807,88.265429084679,96.97912680582546,89.09342013123428,75.73178094192436,90.30973661257327,82.75726167844236,-2356600.0,0
2018-07-31,91.27999877929688,91.33000183105467,89.4000015258789,90.0,2997700.0,0.013996913832672542,0.010468619664446099,86.89599914550782,87.07779907226562,,74.2811195936196,0.8641147010477965,0.2935547181843898,88.38364750407578,96.92241906426797,99.22475943767284,82.88602199028581,91.03486434406977,82.75713394694586,641100.0,0
2018-08-01,89.88999938964844,91.25,89.45999908447266,91.0199966430664,5689900.0,-0.01522786380627894,0.010768362614302175,87.21299896240234,86.9991990661621,,65.5198052994833,0.9160892924226687,0.4180616330320456,88.44272012703942,96.85244473914739,76.35465511776714,88.22427822889141,91.24254887329211,83.18344905151257,-5048800.0,0
2018-08-02,90.66000366210938,91.04000091552734,89.41999816894531,89.55999755859375,2228800.0,0.008566072729883745,0.010622622584873377,87.54649925231934,86.94059921264649,,64.88955698445884,1.0077952043523055,0.5360083472960976,88.52967242253237,96.79082841002264,88.99839519736838,88.1926032509361,91.5569251583322,83.53607334630647,-2820000.0,0
2018-08-03,90.27999877929688,90.87000274658205,89.86000061035156,90.69000244140624,1392600.0,-0.004191538357187552,0.010763597347317702,87.82899932861328,86.87259918212891,,66.30348434165856,1.0378459400916142,0.636375865855201,88.59831267181725,96.72604403558756,82.14282007100022,82.49862346204524,91.76978767195834,83.88821098526822,-4212600.0,0
2018-08-06,90.79000091552734,91.16999816894533,89.8499984741211,90.3499984741211,1716600.0,0.005649115453326914,0.010734430709331774,88.13499946594239,86.79539916992188,,65.95908922421394,1.0902465907537078,0.7271500108349024,88.68426123039411,96.66697892991533,90.81631858664308,87.31917795167055,91.99251792197427,84.2774810099105,-2496000.0,0
2018-08-07,92.87999725341795,93.4000015258789,90.9800033569336,91.22000122070312,2119000.0,0.02302011583671182,0.011524878400306608,88.48749923706055,86.74939910888672,,71.24404196943054,1.2856001236026913,0.8388400333884602,88.84879989796367,96.62929752019895,93.01069755613328,88.65661207125885,92.72763327583115,84.24736519828994,-377000.0,0
2018-08-08,91.62000274658205,92.87999725341795,91.2699966430664,92.87999725341795,2043700.0,-0.013565832731433858,0.011961772974367674,88.80849952697754,86.68379913330078,,63.66646166772204,1.3234917898353444,0.9357703846778371,88.95747451947813,96.57945379110824,76.07529307530146,86.6341030726926,92.97207800765631,84.64492104629878,-2420700.0,0
2018-08-09,92.6999969482422,92.98999786376952,91.52999877929688,91.7300033569336,1738400.0,0.011787755613229756,0.011848258464189496,89.15649948120117,86.6107991027832,,70.67369471334348,1.4242498488128916,1.033466277504848,89.10424010491985,96.54085223048271,90.38455089268142,86.4901805080387,93.4028366704421,84.91016229196023,-682300.0,0
2018-08-10,92.43000030517578,93.12999725341795,91.91000366210938,92.05999755859376,1279600.0,-0.0029125852422322573,0.011932253580728556,89.44049949645996,86.80759918212891,,66.01732411934447,1.465422386755094,1.1198574993548973,89.23466207355733,96.49994823122593,83.67001983127999,83.37662126642095,93.76814624876924,85.11285274415069,-1961900.0,0
2018-08-13,92.97000122070312,94.9499969482422,92.1999969482422,93.86000061035156,3332900.0,0.005842268892615188,0.011799634026801857,89.78449974060058,87.04139923095703,,66.6194267843104,1.5240570990680737,1.2006974192975326,89.3811459616807,96.46482438037495,73.56480250659791,82.53979107685309,94.08444559355583,85.48455388764533,1371000.0,0
2018-08-14,94.52999877929688,94.83999633789062,93.0,93.0,2720700.0,0.01677957984415257,0.011865185569165656,90.17449951171875,87.30779922485351,,67.62886208724572,1.6770720538555821,1.2959723462091426,89.58306175844996,96.44557238434433,94.39254621183629,83.87578951657139,94.71607597453514,85.63292304890236,4091700.0,0
2018-08-15,94.2300033569336,94.41000366210938,93.61000061035156,93.97000122070312,2907800.0,-0.0031735472996640146,0.011960792884580983,90.55449981689453,87.53339935302735,,67.07568291446182,1.753912374439551,1.3875603518552244,89.76529476231205,96.42352692138502,90.38726573219273,86.11487148354229,95.1190938828241,85.98990575096497,1183900.0,0
2018-08-16,95.0500030517578,96.0,94.12999725341795,95.3000030517578,3083100.0,0.00870210830533602,0.011940782447475564,90.93250007629395,87.80259948730469,,74.75459917553243,1.85954038047349,1.4819563575788777,89.97253822464326,96.40986001720962,88.69051457531965,91.15677550644955,95.67712381222157,86.18787634036633,4267000.0,0
2018-08-17,95.61000061035156,96.08999633789062,94.27999877929688,94.93000030517578,1822000.0,0.005891610106407041,0.011881301930653695,91.39099998474121,88.07559951782227,,71.8530501804751,1.9657781918070043,1.5787207244245032,90.19361518094556,96.40190121714139,92.82517040704961,90.63431690485397,96.07965238465928,86.70234758482314,6089000.0,0
2018-08-20,94.9800033569336,96.0,94.91000366210938,96.0,3152500.0,-0.006589240135929431,0.01156444891107515,91.74050025939941,88.32259963989257,,65.21385866649771,1.9763547224445688,1.6582475240285164,90.38131667804312,96.38775297972639,83.3584215041464,88.29136882883854,96.40373975331133,87.0772607654875,2936500.0,0
2018-08-21,94.98999786376952,95.6500015258789,94.86000061035156,95.3000030517578,2602100.0,0.000105227484551218,0.01118178676666258,92.07600021362305,88.54339965820313,,73.65496233774233,1.962915899729353,1.7191811991686838,90.5620492735618,96.37384496862234,83.50826422647964,86.56395204589188,96.6557157194927,87.49628470775339,5538600.0,0
2018-08-22,93.31999969482422,95.0,93.13999938964844,94.87999725341795,4019400.0,-0.017580779097819743,0.01211005127830925,92.27200012207031,88.67799972534179,,61.386998772631095,1.7967982684585024,1.7347046130266477,90.67020419204269,96.34345844848504,55.609012958971206,74.15856622986574,96.70260584268978,87.84139440145084,1519200.0,0
2018-08-23,94.16999816894533,94.76000213623048,92.5,93.13999938964844,3107000.0,0.009108427742185787,0.011987301459291607,92.51949996948242,88.80179962158203,,66.00827619119394,1.7139789396894827,1.7305594783592149,90.80745101466633,96.32183197804186,69.2307880409202,69.449355075457,96.78209972717042,88.25690021179443,4626200.0,0
2018-08-24,93.45999908447266,94.16000366210938,93.01000213623048,93.9000015258789,2105200.0,-0.007539546546437181,0.012151934933938777,92.79300003051758,88.90419967651367,,60.80974391098231,1.5729213740613375,1.6990318574996395,90.91147250759991,96.29335602885212,48.53227268180305,57.79069122723147,96.49729193357625,89.0887081274589,2521000.0,0
2018-08-27,93.06999969482422,94.4800033569336,92.8499984741211,94.22000122070312,3021400.0,-0.004172901706279042,0.011688542862232998,92.94550018310547,89.00519973754882,,50.89203330869002,1.413370094989716,1.641899504997655,90.9961206325891,96.26128283149862,37.344464019171625,51.70250824729828,96.41265442302124,89.4783459431897,-500400.0,0
2018-08-28,93.37999725341795,93.88999938964844,92.83999633789062,93.02999877929688,3933100.0,0.0033308000387903824,0.01072600177714055,93.05050010681153,89.10479965209962,,59.07216802973729,1.2969878998785305,1.5729171839738303,91.08960599026865,96.23261332325902,40.570163697447185,42.148966799473946,96.43140300971045,89.6695972039126,3432700.0,0
2018-08-29,94.45999908447266,94.51000213623048,92.72000122070312,93.37999725341795,4330200.0,0.011565665697373717,0.010600166000576587,93.27900009155273,89.24859970092774,,59.072200221016985,1.2771787717145457,1.5137695015219734,91.22177826847273,96.21497537063428,61.004782069066216,46.30646992856166,96.36542448535928,90.19257569774618,7762900.0,0
2018-08-30,79.77999877929688,90.37999725341795,79.7699966430664,89.5999984741211,25539500.0,-0.15540970196334547,0.03584992589505229,92.73499984741211,89.1129997253418,,23.766044764429964,0.07604990027044778,1.2262255812716683,90.77308103360309,96.05144326524784,0.06128760059744892,33.878744455703604,99.45799640090935,86.01200329391487,-17776600.0,1
2018-08-31,80.51000213623047,81.05000305175781,79.5,80.36000061035156,7458000.0,0.00915020516549614,0.03586119463201266,92.24650001525879,88.99879974365234,,24.36212087294159,-0.8076382628465666,0.8194528124480213,90.37060735135319,95.89680205998398,6.0880190426786305,22.384696237447425,100.87136785193672,83.62163217858085,-10318600.0,0
2018-09-04,79.9800033569336,81.69999694824219,79.16999816894531,80.44999694824219,8938200.0,-0.006583017826779725,0.03586242265529553,91.7060001373291,88.85859985351563,,18.73655551741402,-1.533061788846851,0.3489498921890468,89.96313268490536,95.73842595348597,4.787265222492468,3.645523955256173,101.92308992774872,81.48891034690948,-19256800.0,0
2018-09-05,82.63999938964844,83.04000091552734,79.6500015258789,79.76000213623047,7281000.0,0.033258263579257985,0.03676985991128556,91.19400024414062,88.78039978027344,,27.389753980876776,-1.8717493489000674,-0.09518995602877606,89.67595098705215,95.60809335086073,20.508283665608833,10.461189310259968,102.1620745893239,80.22592589895736,-11975800.0,0
2018-09-06,82.12000274658203,83.29000091552734,81.44000244140625,82.91999816894531,5243900.0,-0.006292311797034489,0.03625514077742565,90.71900024414063,88.7197998046875,,24.476883035832927,-2.157253587147622,-0.5076026822525452,89.37963929134743,95.47388349410174,17.435017121048563,14.243522003049945,102.40851027800011,79.02949021028115,-17219700.0,0
2018-09-07,82.23999786376953,82.2699966430664,80.77999877929688,81.5999984741211,5507500.0,0.0014612166728464882,0.03622916284369468,90.196000289917,88.69399978637695,,23.141793151562098,-2.3467828973705167,-0.8754387252761395,89.09965335301104,95.3422030400686,18.241232090417608,18.728177625691657,102.43537262790798,77.95662795192601,-11712200.0,0
2018-09-10,83.9000015258789,83.97000122070312,82.41000366210938,82.41999816894531,4669700.0,0.0201848699565772,0.03646282742531026,89.76950035095214,88.67179977416993,,28.626525585568203,-2.3361086129908983,-1.1675727028190914,88.89574543822154,95.22835028868363,28.70147083400654,21.459240015157558,102.27273292448878,77.26626777741551,-7042500.0,0
2018-09-11,83.80000305175781,84.69999694824219,83.4000015258789,83.88999938964844,4686000.0,-0.0011918769046773692,0.03646742443427318,89.31100044250488,88.64779983520508,,28.489041796255506,-2.3091003355522304,-1.3958782293657193,88.69591240345827,95.11463539080378,29.248290254329188,25.3969977262511,101.9913513143699,76.63064957063986,-11728500.0,0
2018-09-12,84.97000122070312,85.08999633789062,83.38999938964844,83.94000244140625,4307300.0,0.013961791483738661,0.036619272253252275,88.8330005645752,88.6665998840332,,33.633863642820955,-2.1682922832208646,-1.5503610401367485,88.54979823942865,95.01369375727045,37.20334557918538,31.717702222507025,101.40527850202126,76.26072262712914,-7421200.0,0
2018-09-13,84.41000366210938,85.2699966430664,83.83000183105469,84.97000122070312,2937600.0,-0.006590532547353978,0.036323747006641996,88.34200057983398,88.68379989624023,,30.65027767744401,-2.0779348704476917,-1.6558758061989372,88.38745335404359,94.90818440308975,34.15908825277457,33.53690802876304,100.79324412209277,75.89075703757518,-10358800.0,0
2018-09-14,84.56999969482422,84.87000274658203,83.56999969482422,84.2699966430664,3074900.0,0.0018954629282483815,0.036351131474846345,87.8180004119873,88.69539993286133,,31.98215332774194,-1.9706986399336586,-1.7188403729458817,88.23774928897616,94.80531689355476,35.20208689251456,35.52150690815816,99.95882438732947,75.67717643664513,-7283900.0,0
2018-09-17,85.5,86.0,84.4000015258789,84.70999908447266,4448900.0,0.010996811026743991,0.03639604729087416,87.31250038146973,88.71279998779296,,34.98610759299257,-1.7900354875233404,-1.7330793958613735,88.13038657176142,94.71272667570845,41.26466880031031,36.87528131519981,98.9173576721658,75.70764309077366,-2835000.0,0
2018-09-18,85.20999908447266,85.66000366210938,84.55999755859375,85.0,4913800.0,-0.0033918235734192725,0.03632192399593415,86.82400016784668,88.72360000610351,,33.783242703308815,-1.6512249939957968,-1.7167085154882582,88.0158615722599,94.61817217231308,39.37418092204239,38.61364553828907,97.87938843405266,75.7686119016407,-7748800.0,0
2018-09-19,84.27999877929688,85.7300033569336,84.0199966430664,85.7300033569336,5389400.0,-0.010914215645675962,0.03634496612703807,86.28850021362305,88.69259994506837,,29.672511708415584,-1.59784101350823,-1.6929350150922526,87.86935714900645,94.51530477536765,45.58430889998556,42.074386207446075,96.69705809775039,75.87994232949572,-13138200.0,0
2018-09-20,86.22000122070312,86.30000305175781,84.05000305175781,84.5999984741211,5978600.0,0.023018539030672303,0.03684585273552193,85.93350028991699,88.71300003051758,,76.17889769405974,-1.3830489136578592,-1.6309577948053742,87.8046765243671,94.4327644414904,98.87795545207074,61.27881509136622,95.80262359199946,76.06437698783452,-7159600.0,1
2018-09-21,85.06999969482422,86.70999908447266,84.66999816894531,86.70999908447266,4206600.0,-0.01333799013682646,0.03677861144904261,85.47850036621094,88.69960006713868,,67.924538487099,-1.290741277222324,-1.5629144912887643,87.69743429575757,94.33960260321513,78.24934760589831,74.23720398598486,94.55609931174304,76.40090142067884,-11366200.0,0
2018-09-24,85.62999725341797,85.93000030517578,84.2300033569336,84.5999984741211,2756700.0,0.006582785477873054,0.03673877472565971,85.08700027465821,88.67720001220704,,72.15686532636494,-1.1590390072243366,-1.4821393944758787,87.61635833331289,94.25293986341616,84.70251834945665,87.27660713580855,93.35445702748255,76.81954352183386,-8609500.0,0
2018-09-25,85.26000213623047,85.5199966430664,84.01000213623047,84.44000244140625,3409200.0,-0.004320858683348083,0.036729151771018737,84.69650039672851,88.66060012817383,,62.52393306837072,-1.0721603263209403,-1.400143580844891,87.52395220793711,94.16345789598148,75.54811342966354,79.4999931283395,92.06525866272268,77.32774213073434,-12018700.0,0
2018-09-26,84.36000061035156,85.70999908447266,84.30000305175781,85.70999908447266,5191300.0,-0.010555964148826313,0.03676003269577456,84.2455005645752,88.61320007324218,,60.332104230025074,-1.0636696259531249,-1.332848789866538,87.39987567469848,94.0659110573185,60.37102271192154,73.5405514970139,90.37670530223392,78.11429582691648,-17210000.0,0
2018-09-27,82.08000183105469,84.41000366210938,81.93000030517578,84.18000030517578,3527600.0,-0.027027012361319325,0.037054677534108287,83.62650070190429,88.52220016479492,,49.38463028225842,-1.2267760211535403,-1.3116342361239386,87.19125317102618,93.94664827894772,3.138108037361697,46.352414726315594,87.49950111485303,79.75350028895555,-20737600.0,0
2018-09-28,81.55000305175781,82.38999938964844,80.94000244140625,82.38999938964844,3246000.0,-0.006457099993586346,0.03685007380500311,83.71500091552734,88.40340026855469,,40.101091190964524,-1.382864683306849,-1.3258803255605207,86.97002767615291,93.8232985751946,10.571940472176495,24.693690407153237,87.28712243282283,80.14287939823186,-23983600.0,0
2018-10-01,82.22000122070312,82.69000244140625,81.55999755859375,81.91000366210938,4748800.0,0.008215795755643018,0.013872907623269022,83.80050086975098,88.31900024414062,,43.649503782196504,-1.435950081108757,-1.3478942766701683,86.78375212888037,93.70784288012504,22.183700589063648,11.964583032867269,87.12274011798262,80.47826162151934,-19234800.0,0
2018-10-02,81.63999938964844,82.97000122070312,81.43000030517578,82.41000366210938,2729500.0,-0.007054266874769177,0.013878339316725913,83.88350067138671,88.1920002746582,,35.94934850714846,-1.5074450535891515,-1.3798044320539649,86.582036335185,93.58776483544369,12.131669939242482,14.962437000160866,86.86981456772608,80.89718677504735,-21964300.0,0
2018-10-03,81.55000305175781,82.1500015258789,80.83000183105469,81.63999938964844,2995900.0,-0.0011023559353681156,0.013784660104083047,83.8290008544922,88.05740036010742,,37.43408076438826,-1.5534599672036506,-1.414535539083902,86.38470169661922,93.46798611122792,12.244924439115977,15.520098322474027,86.9477167463729,80.71028496261148,-24960200.0,0
2018-10-04,81.11000061035156,81.68000030517578,80.8499984741211,81.12000274658203,2586500.0,-0.0053954926418211535,0.011684914226698007,83.77850074768067,87.89160034179687,,35.16294913495331,-1.6069082000656039,-1.4530100712802425,86.17785067362833,93.34502108136846,4.76188622595215,9.712826868103527,87.04303519330963,80.5139663020517,-27546700.0,0
2018-10-05,80.63999938964844,81.62999725341797,80.22000122070312,81.1500015258789,3639100.0,-0.00579461493239275,0.011673769083565544,83.69850082397461,87.72000030517579,,28.303562791977683,-1.6679642268931474,-1.4960009024028236,85.9606800350409,93.2186029550827,6.471468523741061,7.826093062936387,87.19215911900376,80.20484252894546,-31185800.0,0
2018-10-08,82.27999877929688,82.47000122070312,80.62999725341797,80.62999725341797,2111400.0,0.02033729417238761,0.012550444392533429,83.61750068664551,87.60580032348633,,38.326687753388704,-1.5659658438727604,-1.5099938906968111,85.81633959363917,93.10976112248782,31.741113045563605,14.324822598418928,87.16617440225914,80.06882697103188,-29074400.0,0
2018-10-09,82.86000061035156,85.45999908447266,82.55000305175781,83.5999984741211,5335800.0,0.007049122990514967,0.01180443528734268,83.5705005645752,87.46260040283204,,44.180333917419915,-1.4219388638852166,-1.4923828853344925,85.70040473154947,93.0077734557004,40.677970086650674,26.296850551985102,87.1338660180781,80.0071351110723,-23738600.0,0
2018-10-10,84.2300033569336,85.0999984741211,82.33999633789062,82.91999816894531,4312200.0,0.016533945649173543,0.012374533449350642,83.53350067138672,87.32160049438477,,41.44454714645489,-1.1836048130122379,-1.4306272708700416,85.64274193254492,92.92043245969278,61.78741843069533,44.73550052096986,87.05074945991723,80.01625188285621,-19426400.0,0
2018-10-11,79.51000213623047,84.41000366210938,78.77999877929688,83.80999755859375,9635400.0,-0.05603705369334511,0.017056968910128915,83.28850059509277,87.1140005493164,,31.71053067468958,-1.3599117957403735,-1.416484175844108,85.40224233268945,92.7869953420464,10.209834981033223,37.558407832793065,87.20828086992208,79.36872032026346,-29061800.0,0
2018-10-12,81.13999938964844,81.43000030517578,79.66000366210938,81.16000366210938,3840300.0,0.020500530871891742,0.017782209872940085,83.11700057983398,86.92360046386719,,36.201601751150385,-1.3525182059157856,-1.4036909818584435,85.23509555060942,92.67110483505736,34.05484136254595,35.35069825809149,87.10032873198006,79.13367242768791,-25221500.0,0
2018-10-15,80.97000122070312,81.55999755859375,79.94000244140625,80.37000274658203,2866400.0,-0.002095121644368647,0.017762879775578555,82.89050064086913,86.73740051269532,,36.65214375545677,-1.344873301941547,-1.3919274458750643,85.06783694943663,92.55467594337225,31.60176543961494,25.288813927731365,86.8180729621853,78.96292831955297,-28087900.0,0
2018-10-16,86.5,86.9800033569336,80.47000122070312,81.29000091552734,11097700.0,0.06829688398081579,0.023363679072278785,82.9550006866455,86.65160049438477,94.06499984741211,55.16908141339161,-0.882418009574053,-1.2900255586148621,85.12400020632147,92.49443041159739,94.1463037930165,53.267636865059124,87.08034910795328,78.82965226533773,-16990200.0,1
2018-10-17,85.30000305175781,87.37999725341797,84.91000366210938,86.30000305175781,3731500.0,-0.013872797089505062,0.023569014794262783,83.00600090026856,86.50000061035156,93.94804985046386,58.20591748741655,-0.6057656936521596,-1.1531735856223215,85.13090227869154,92.42284406970845,75.81401661966308,67.18736195076484,87.22448825195723,78.7875135485799,-20721700.0,0
2018-10-18,84.80000305175781,86.51000213623047,84.38999938964844,85.36000061035156,2946900.0,-0.005861664503067021,0.023474274284304198,82.93500099182128,86.36360061645507,93.83194988250733,58.29505004478716,-0.4219980308227491,-1.006938474662407,85.11792583841962,92.34699490535073,70.00006209973395,79.9867941708045,86.96951249861132,78.90048948503124,-23668600.0,0
2018-10-19,84.51000213623047,85.5,83.51000213623047,85.4000015258789,2621100.0,-0.0034198219939961527,0.02291140876027644,82.9070011138916,86.19980072021484,93.71019989013672,55.96043993926669,-0.29634539900904144,-0.864819859531734,85.09408569323574,92.26901487779729,66.62795783250637,70.81401218396779,86.88652301051992,78.92747921726327,-26289700.0,0
2018-10-22,83.5199966430664,85.30999755859375,83.12000274658203,84.81999969482422,2159100.0,-0.01171465469339561,0.02286935641921663,82.80150108337402,86.02160064697266,93.57209987640381,54.791021891537405,-0.2734972464842116,-0.7465553369222296,85.03235671087617,92.18195996998902,55.11626400903462,63.914761313758305,86.5840725955213,79.01892957122674,-28448800.0,0
2018-10-23,83.87999725341797,84.37000274658203,82.23999786376953,82.48999786376953,2528500.0,0.004310352308682042,0.022838886025538296,82.7325008392334,85.83980056762695,93.4459998703003,55.85719803776185,-0.22376149713916504,-0.6419965689656167,84.98716614391702,92.0993533757943,59.30231836049605,60.34884673401234,86.37395746795211,79.09104421051468,-25920300.0,0
2018-10-24,82.43000030517578,85.08000183105469,82.16000366210938,84.0,3850700.0,-0.017286564088235035,0.02311422517630804,82.63600082397461,85.59780059814453,93.30969985961914,53.157893776203224,-0.2979140256073691,-0.5731800602939673,84.88688513063305,92.00314090742994,42.441885738263814,52.28682270259816,86.19726867357106,79.07473297437816,-29771000.0,0
2018-10-25,83.0199966430664,83.87000274658203,82.37000274658203,82.94000244140625,2988200.0,0.007157543803303579,0.023084812310129283,82.6830005645752,85.37360046386719,93.17664985656738,55.66126934706963,-0.30555046938340524,-0.5196541421118549,84.81367381739514,91.91375638738651,49.30230948910549,50.34883786262177,86.23817839580214,79.12782273334825,-26782800.0,0
2018-10-26,83.27999877929688,84.08000183105469,81.33999633789062,81.72000122070312,2702400.0,0.0031318013339403095,0.022276658316570462,82.76950035095214,85.13820037841796,93.03629985809326,52.54582492636702,-0.2873104703703717,-0.47318540776355833,84.75352969825403,91.82784835148513,52.325590679362215,48.0232619689105,86.29264798515328,79.246352716751,-24080400.0,0
2018-10-29,83.79000091552734,85.56999969482422,82.69999694824219,84.25,3317500.0,0.006123945049303359,0.02223731817029218,82.84800033569336,84.90180038452148,92.88104988098145,52.37608666243808,-0.22906174836317916,-0.4243606758834825,84.71574425579416,91.7478697700328,58.25584912958352,53.2945830993504,86.38951149411615,79.30648917727056,-20762900.0,0
2018-10-30,84.33999633789062,85.08000183105469,83.68000030517578,84.20999908447266,2114000.0,0.006563974416443186,0.022215378265259832,82.98300018310547,84.68900024414063,92.7383498764038,50.293314735235484,-0.13694061625035658,-0.36687666395685736,84.70100904332736,91.67415958662842,64.65114587316218,58.41086189403597,86.5364482554567,79.42955211075424,-18648900.0,0
2018-10-31,84.30000305175781,85.04000091552734,83.5199966430664,85.0,2630300.0,-0.000474191224441034,0.022135749728805155,83.12050018310546,84.4752003479004,92.5958498764038,67.022054776619,-0.06639571088197727,-0.30678047334188135,84.68528331816778,91.60078489473916,60.10366893143916,61.003554644728275,86.65323755893732,79.5877628072736,-21279200.0,0
2018-11-01,84.9000015258789,85.61000061035156,83.83999633789062,84.22000122070312,2023200.0,0.007117419364180977,0.022155277939801068,83.31000022888183,84.30680038452148,92.4558498764038,64.41720196328407,0.03749428654032272,-0.23792552136544054,84.6937036400388,91.53411043335747,66.66670084856564,63.80717188438899,86.79492776392095,79.82507269384271,-19256000.0,0
2018-11-02,85.1500015258789,86.1500015258789,84.95999908447266,85.41999816894531,2998600.0,0.0029446407009050546,0.022087886926943037,83.53550033569336,84.12640045166016,92.30794986724854,65.9298944037291,0.1384053182923708,-0.16265935343387827,84.71159767477764,91.47058696164127,67.72797383701352,64.83278120567276,86.87354621754051,80.1974544538462,-16257400.0,0
2018-11-05,86.08000183105469,86.4800033569336,84.9000015258789,85.20999908447266,1689000.0,0.01092190591321529,0.022073407710925932,83.72550048828126,83.9788005065918,92.16324989318848,47.53521883495771,0.2900774579036778,-0.07211199116636706,84.76526058286694,91.41694929865037,78.47690024315534,70.9571916429115,87.19274014606358,80.25826083049893,-14568400.0,0
2018-11-06,86.0999984741211,86.36000061035156,85.33999633789062,85.88999938964844,1576900.0,0.00023230300465892917,0.021732896412244886,83.88750038146972,83.83940048217774,92.02024990081787,55.449568481197254,0.40719835410696703,0.02375007788829977,84.81760324526907,91.36404431532172,92.06957055558753,79.42481487858545,87.48479725696323,80.29020350597621,-12991500.0,0
2018-11-07,86.44999694824219,86.80999755859375,85.62999725341797,86.61000061035156,2318700.0,0.0040650230002767795,0.021710631934999804,83.99850006103516,83.70080047607422,91.88079990386963,61.474247829491745,0.522239409135068,0.1234479441376534,84.88161868460135,91.31514832161945,93.41863747691656,87.9883694252198,87.77293622356508,80.22406389850524,-10672800.0,0
2018-11-08,87.8499984741211,88.33000183105469,86.12000274658203,86.41999816894531,2981100.0,0.016194350205900987,0.02169958004043837,84.41549987792969,83.56860046386718,91.74469989776611,70.12048945855119,0.7181008770006088,0.24237853071024448,84.99802573517076,91.28066921865927,93.133004581999,92.87373753816769,87.9362623281905,80.89473742766889,-7691700.0,0
2018-11-09,86.37999725341797,87.94000244140625,85.93000030517578,87.69000244140625,2031800.0,-0.01673308191503453,0.017760263467887588,84.67749977111816,83.7006004333496,91.59944988250733,66.287049990876,0.746105053568499,0.3431238352818954,85.05222069667066,91.23190631353249,72.10296072665832,86.21820092852461,87.94254161680777,81.41245792542855,-9723500.0,0
2018-11-12,85.98999786376953,87.1500015258789,85.44999694824219,86.80999755859375,2902600.0,-0.004514927090171983,0.017441311045292462,84.92849960327149,83.81020034790039,91.44764987945557,61.97505589993263,0.7284319636304275,0.4201854609516018,85.08899627185102,91.17974802050003,66.52357470142786,77.25318000336172,87.73279908926979,82.12420011727319,-12626100.0,0
2018-11-13,86.94000244140625,87.2300033569336,85.91999816894531,86.38999938964844,1508100.0,0.011047849764361795,0.017488514461376743,84.9504997253418,83.94940032958985,91.30934989929199,77.13602648532373,0.7820681476370908,0.4925619982886996,85.16158474908848,91.13756149732497,80.11447357219105,72.91366966675906,87.81300890059875,82.08799055008485,-11118000.0,0
2018-11-14,85.51000213623047,87.54000091552734,85.30000305175781,86.94999694824219,2864800.0,-0.016448128192077527,0.00995028144505179,84.96099967956543,84.00680038452148,91.16189990997314,63.606596470631395,0.7011042429828507,0.5342704472275299,85.17524817603523,91.08156588179169,59.65668843061622,68.76491223474504,87.83043900089942,82.09156035823145,-13982800.0,0
2018-11-15,85.5199966430664,85.91999816894531,83.02999877929688,85.13999938964844,2882200.0,0.00011688114356500634,0.009466812810479881,84.99699935913085,84.07480026245118,91.02014987945557,62.58427707946326,0.6304784750043808,0.5535120527829002,85.18876772376194,91.02622688439145,50.08876108497214,63.28664102925979,87.87598411227033,82.11801460599138,-11100600.0,0
2018-11-16,84.19999694824219,85.44999694824219,83.37999725341797,84.9800033569336,2737800.0,-0.015434983005594427,0.00998772883920428,84.98149909973145,84.11400024414063,90.8969998550415,52.11120862853744,0.4626608352631507,0.5353418092789503,85.14999239923176,90.95830419845962,22.07542443880797,43.9402913181321,87.87482605485334,82.08817214460956,-13838400.0,0
2018-11-19,84.02999877929688,85.44999694824219,83.55000305175781,84.1500015258789,2082400.0,-0.0020189807019804773,0.009970445842471396,85.00699920654297,84.11660018920898,90.79094985961915,48.338703082835885,0.31234618284047144,0.4907426839912545,85.10607108080295,90.88936583607989,18.867913664093788,30.34403306262463,87.85472137841694,82.159277034669,-15920800.0,0
2018-11-20,81.5199966430664,82.63999938964844,81.20999908447266,82.0,3664700.0,-0.0298703102783916,0.011660572484972678,84.8889991760254,84.07100006103515,90.65929985046387,38.22030725781997,-0.00920929853289465,0.3907522874864247,84.96544071069565,90.79613828192056,4.353896615314718,15.099078239405484,88.1051034156351,81.67289493641569,-19585500.0,0
2018-11-21,82.12999725341797,83.08000183105469,81.5199966430664,81.93000030517578,2463100.0,0.007482834095570823,0.011754187122929083,84.8739990234375,84.01419998168946,90.53954982757568,38.27262978371534,-0.21237426461182451,0.27012697706677485,84.85424684962594,90.70990802293049,12.921317613071977,12.047709297493483,88.14079261802331,81.6072054288517,-17122400.0,0
2018-11-23,83.01000213623047,83.33999633789062,81.4800033569336,81.88999938964844,1209000.0,0.01071478037552076,0.011389352424110497,84.87349929809571,83.98619995117187,90.44669982910156,41.39871796758857,-0.2989290563340603,0.15631577038660782,84.781923527532,90.63329204395836,25.28093198590277,14.185382071429814,88.14148987417292,81.6055087220185,-15913400.0,0
2018-11-26,83.1500015258789,84.94000244140625,82.0199966430664,84.94000244140625,3609500.0,0.0016865363937550448,0.0112890900331255,84.8669994354248,83.95779998779297,90.32434982299804,37.42489304114175,-0.3521679981805761,0.05461901667317105,84.7179265862907,90.55883144178843,27.247214789875628,21.816488129616783,88.14882264912603,81.58517622172357,-12303900.0,0
2018-11-27,81.81999969482422,83.13999938964844,81.0199966430664,82.61000061035156,4560200.0,-0.015995211144292587,0.011795506697807231,84.76849937438965,83.88419998168945,90.20974983215332,33.48766758462678,-0.4959631214985194,-0.05549741096116703,84.60428239446848,90.4718778920674,10.943946429372835,21.157364401717068,88.29552178027924,81.24147696850005,-16864100.0,0
2018-11-28,83.31999969482422,83.7699966430664,81.7300033569336,82.12999725341797,5289600.0,0.01833292600335823,0.012436039676080667,84.71749954223633,83.84639999389648,90.10214984893798,38.90859168812827,-0.4833129973573307,-0.14106052824039977,84.55391836703146,90.40071492493065,31.46376770754078,23.21830964226307,88.29967707191508,81.13532201255757,-11574500.0,0
2018-11-29,88.43000030517578,88.91999816894531,84.01000213623047,84.54000091552734,12183600.0,0.06132982032006651,0.018289011634957927,84.92399940490722,83.92940002441406,90.01494983673096,51.627389429482506,-0.06025871468466448,-0.12490016552925272,84.70592158029201,90.38110582423658,93.79749659333113,45.401736910081574,88.86320838338969,80.98479042642475,609100.0,0
2018-11-30,86.7699966430664,89.4800033569336,86.7300033569336,88.62999725341797,6646700.0,-0.018771951333038883,0.018860440877109915,85.0174991607666,83.94039993286133,89.90594982147216,51.082729534086134,0.13945883532861103,-0.07202836535767998,84.78686570040082,90.34517438959809,67.9668491347047,64.4093711451922,89.04215425170752,80.9928440698257,-6037600.0,0
2018-12-03,86.66999816894531,88.30000305175781,85.5199966430664,87.5999984741211,5059400.0,-0.0011524545118105634,0.01882452737543506,85.09349899291992,83.97239990234375,89.79949981689452,51.91873579445767,0.2863663385677597,-0.00034942457259203724,84.86071403250061,90.30860547197966,66.78483501221965,76.18306024675182,89.1855312369779,81.00146674886194,-11097000.0,0
2018-12-04,86.25,87.1500015258789,84.83000183105469,86.3499984741211,3794900.0,-0.004845946438427395,0.018864095699535503,85.10199890136718,83.98479995727538,89.69669982910156,47.99301238100987,0.36469724827155403,0.07265990999623717,84.91519583514764,90.26822133793013,61.8203215886443,65.5240019118562,89.20335475474839,81.00064304798597,-14891900.0,0
2018-12-06,86.25,86.30000305175781,84.98999786376953,85.88999938964844,3171600.0,0.0,0.01872045604543848,85.10949897766113,84.00459991455078,89.59949981689454,52.34770864043337,0.421911525124699,0.14251023302192956,84.9675410965144,90.22823903606019,61.8203215886443,63.47515939650273,89.21907950622739,80.99991844909488,-14891900.0,0
2018-12-07,83.38999938964844,85.8499984741211,83.2300033569336,85.1500015258789,3345800.0,-0.03315942736639488,0.02009071371061461,84.95649909973145,83.98519989013671,89.48144981384277,44.27728019789681,0.2337812201226228,0.16076443044206823,84.90567671585298,90.16019685052375,28.01419463056986,50.55161260261948,89.08375541648273,80.82924278298016,-18237700.0,0
2018-12-10,83.81999969482422,84.06999969482422,81.70999908447266,83.75,2820100.0,0.00515649728172507,0.020106779712274352,84.7549991607666,84.01999984741211,89.36749980926514,48.92777352248367,0.11802352721338139,0.1522162497963309,84.86310114640087,90.09711031166105,33.096936520962785,40.9771509133923,88.67579151099058,80.83420681054263,-15417600.0,0
2018-12-11,84.80999755859375,86.04000091552734,83.76000213623047,84.66999816894531,2370200.0,0.011810998179121457,0.019938351189154647,84.67649917602539,84.08519973754883,89.2604497909546,52.103555608960384,0.10495936916967707,0.14276487367100013,84.86101865276137,90.04450222456586,44.799029642789506,35.303386931440706,88.52245593673797,80.8305424153128,-13047400.0,0
2018-12-12,84.58000183105469,86.05000305175781,84.3499984741211,85.66000366210938,1690600.0,-0.0027118940473989106,0.019634797121175305,84.60599937438965,84.13239974975586,89.16369979858399,59.40960881293488,0.0751805620192556,0.12924801134065123,84.84999838524347,89.99012908632197,42.080406179263576,39.992124114338615,88.40194457030327,80.81005417847604,-14738000.0,0
2018-12-13,85.05000305175781,85.4800033569336,84.7699966430664,84.7699966430664,1934300.0,0.005556883548453184,0.019663050174550452,84.51149940490723,84.20059982299804,89.07574981689453,59.057088402044414,0.08848580408549367,0.12109556988961973,84.85784170549893,89.940973603391,47.63597175502989,44.83846919236098,88.15378508789412,80.86921372192033,-12803700.0,0
2018-12-14,85.86000061035156,86.97000122070312,85.23999786376953,86.36000061035156,2980200.0,0.009523780476537125,0.019621679906287343,84.52899932861328,84.28679977416992,88.98459983825684,58.87850245162701,0.16251694366526692,0.12937984464474916,84.89714205470884,89.90036690694286,57.21040338362477,48.9755937726394,88.19477235926959,80.86322629795697,-9823500.0,0
2018-12-17,85.01000213623047,86.94999694824219,84.5,85.73999786376953,3569000.0,-0.009899819101778728,0.019404966002612885,84.50349960327148,84.3647998046875,88.88759983062744,55.548929653863915,0.15086035772334583,0.1336759472604685,84.9015679402587,89.85170656096562,47.1631480696565,50.66984106943704,88.14727641448482,80.85972279205814,-13392500.0,0
2018-12-18,85.86000061035156,86.55999755859375,85.47000122070312,85.56999969482422,2879200.0,0.009998805467137384,0.019529962856398304,84.58649978637695,84.46919982910157,88.80369983673096,62.40787196481853,0.20781464464775468,0.14850368673792574,84.9391535351643,89.81198809379535,53.410543679978005,52.59469837775308,88.2764996551513,80.8964999176026,-10513300.0,0
2018-12-19,86.2300033569336,87.83000183105469,85.5999984741211,85.9000015258789,4222800.0,0.004309372745769924,0.019203666520525405,84.69650001525879,84.5481999206543,88.71304985046386,59.60397635138538,0.27958457977571527,0.17471986534548367,84.9897750968023,89.77634645462261,58.17248117200004,52.915390973878175,88.44731410256682,80.94568592795076,-6290500.0,0
2018-12-20,83.7699966430664,86.43000030517578,83.20999908447266,86.2699966430664,3410200.0,-0.028528431150401712,0.020274761375268284,84.80900001525879,84.5663998413086,88.6856498336792,31.3599853515625,0.13638858505436247,0.16705360928725946,84.94194064763619,89.71658177988076,26.512180513142777,46.03173512170693,88.28344778913107,81.3345522413865,-9700700.0,0
2018-12-21,83.45999908447266,85.58000183105469,83.0199966430664,83.93000030517578,5334000.0,-0.0037005798139709833,0.019115116561276166,84.87550010681153,84.55099975585938,88.64634983062744,35.15695349556469,-0.0020854449433898026,0.1332257984411296,84.883825292218,89.6543272256976,26.555370963167064,37.08001088276995,88.18084800006349,81.57015221355957,-15034700.0,0
2018-12-24,83.3499984741211,83.97000122070312,82.20999908447266,83.38999938964844,1474100.0,-0.0013180039726603532,0.019069026747856016,84.89249992370605,84.6277996826172,88.59959983825684,35.125444108170626,-0.11932770579653607,0.08271509759359648,84.8236752209201,89.59159758637843,26.797363621517377,26.6216383659424,88.16073894675259,81.62426090065952,-16508800.0,0
2018-12-26,88.0199966430664,88.36000061035156,83.91999816894531,83.91999816894531,3850400.0,0.056028773298601564,0.02249450985181847,85.13599967956543,84.76539962768555,88.56824981689454,55.74301459685248,0.162711148388766,0.09871430775263038,84.94902115904348,89.57595976604696,94.8871595598586,49.41329804818101,88.57863261999398,81.69336673913688,-12658400.0,0
2018-12-27,87.33000183105469,87.7300033569336,85.38999938964844,86.61000061035156,3204400.0,-0.007839068828981555,0.02261867499605242,85.41149978637695,84.89259963989258,88.53279983520508,53.35404486086536,0.3267851813547935,0.144328482473063,85.04239295010275,89.55361192589778,84.51130010589368,68.73194109575654,88.61003434513188,82.21296522762202,-15862800.0,0
2018-12-28,87.7300033569336,88.63999938964844,87.31999969482422,87.75,2186500.0,0.004580344869942188,0.022215985271498696,85.63199996948242,84.91719970703124,88.50739986419677,65.90911506241397,0.48351811886148255,0.21216640975074694,85.14778943664514,89.53546656700262,86.86874469492882,88.7557347868937,88.83147822779065,82.43252171117419,-13676300.0,0
2018-12-31,90.31999969482422,90.31999969482422,87.87000274658203,88.11000061035156,2598100.0,0.029522355394802746,0.022716630247648983,85.72649993896485,85.01759963989258,88.48819984436035,70.56963614520197,0.8074137963538703,0.3312158870713716,85.3506212114757,89.54327286678195,100.0,90.4600149336075,89.35661001434997,82.09638986357973,-11078200.0,0
2019-01-02,91.1999969482422,91.52999877929688,89.04000091552734,89.80000305175781,3328400.0,0.009743105141622577,0.01864100767060883,85.94799995422363,85.14559951782226,88.46544982910156,70.36330340896606,1.122176130315978,0.48940793572029295,85.58000849527046,89.5597576835129,96.45920770536144,94.44265080009673,90.31252464676616,81.5834752616811,-7749800.0,0
2019-01-03,90.76000213623048,91.81999969482422,90.0999984741211,90.6500015258789,2789000.0,-0.004824504679111219,0.01811877967588991,86.15250015258789,85.27059951782226,88.44639984130859,69.43398000904975,1.3208971633130915,0.6557057812388527,85.78314550079831,89.57170041438572,88.96984920633675,95.14301897056606,91.01439900117676,81.29060130399903,-10538800.0,0
2019-01-04,92.88999938964844,93.63999938964844,91.37000274658205,91.70999908447266,3271400.0,0.02346845750643367,0.018672489028773182,86.48450012207032,85.4579995727539,88.4361498260498,72.32347448886047,1.6314516320215091,0.850854951395384,86.06184565330224,89.6047183146371,93.4383203851676,92.95579243228859,92.2053888480324,80.76361139610823,-7267400.0,0
2019-01-07,97.95999908447266,98.94000244140624,95.9000015258789,96.2699966430664,6433900.0,0.05458068390717652,0.021619674527570378,87.07000007629395,85.739599609375,88.45234981536865,77.72687237608257,2.2606159164141246,1.1328071443991323,86.528439905505,89.68785543672502,94.14224052425293,92.18347003858575,94.75096190369442,79.38903824889348,-833500.0,0
2019-01-08,98.5999984741211,98.9800033569336,96.76000213623048,98.33000183105467,3711100.0,0.006533272719781769,0.021571438796077713,87.83050003051758,86.06299957275391,88.47764980316163,81.44378887074998,2.7788429746832577,1.4620143104559573,87.00183435917621,89.77653347689811,97.7340203577853,95.10486042240194,96.86922180454272,78.79177825649245,2877600.0,0
2019-01-09,97.16999816894533,99.72000122070312,96.94000244140624,98.55999755859376,3258200.0,-0.01450304591587892,0.020191681573124974,88.49799995422363,86.34599960327148,88.50374980926513,75.48446167524965,3.0391195005532268,1.7774353484754113,87.40058588112794,89.85010028975431,85.43687755193638,92.43771281132486,98.23451638828737,78.76148352015989,-380600.0,0
2019-01-10,96.41000366210938,96.93000030517578,94.01000213623048,94.01000213623048,3439900.0,-0.007821287652126752,0.020463742270690758,89.07800025939942,86.60859970092774,88.50974983215332,72.542094328192,3.1477796726917546,2.05150421331868,87.75389638234289,89.915372960126,81.09653252557328,88.08914347843165,99.26126059150809,78.89473992729074,-3820500.0,0
2019-01-11,97.27999877929688,97.5199966430664,96.0,96.2300033569336,1733600.0,0.009023909181007816,0.020439196015639146,89.71300010681152,86.87839965820312,88.52799983978271,82.1820465782712,3.266441473058066,2.2944916652665572,88.12746902536068,89.98865281902323,86.06509341105351,84.19950116285438,100.29148423803757,79.13451597558547,-2086900.0,0
2019-01-14,97.2300033569336,97.8499984741211,96.06999969482422,97.0,2592400.0,-0.0005139332133083929,0.02039390539107872,90.3220001220703,87.13619979858399,88.54459983825683,83.21280121069456,3.318197476996332,2.499232827612512,88.4844311560106,90.06070605820642,85.77956847522364,84.3137314706168,101.16916542627533,79.47483481786529,-4679300.0,0
2019-01-15,95.9499969482422,97.58000183105467,95.47000122070312,97.4499969482422,3076900.0,-0.01316472657099943,0.020857349995139943,90.82649993896484,87.36919967651367,88.54984981536865,78.76715788652258,3.218824063126476,2.6431510747153046,88.77719844198046,90.11930596756002,76.13921807412882,82.66129332013531,101.73824382224032,79.91475605568937,-7756200.0,0
2019-01-16,93.86000061035156,96.18000030517578,93.7699966430664,95.72000122070312,3091600.0,-0.021782140743767164,0.021692112519203676,91.2689998626709,87.54839965820312,88.54714981079101,65.1139060153449,2.9375622895434077,2.7020333176809253,88.97652401721069,90.15652680977685,59.10676998203658,73.67518551046301,101.90180501031548,80.6361947150263,-10847800.0,0
2019-01-17,94.56999969482422,94.6500015258789,92.91999816894533,93.29000091552734,3139200.0,0.007564447899591764,0.021446999589320722,91.70449981689453,87.73679962158204,88.54559982299804,68.71770373055813,2.7403621114001737,2.709699076424775,89.19587600456809,90.2004419628619,58.46773474075136,64.57124093230557,102.11567511825778,81.29332451553127,-7708600.0,0
2019-01-18,94.66000366210938,95.73999786376952,94.48999786376952,95.29000091552734,2846300.0,0.0009517179610405435,0.02143881620948243,92.12599983215333,87.90839965820312,88.53109985351563,68.20811635502909,2.5618111531351815,2.6801214917668563,89.4101555205501,90.24481571111313,57.299593163289025,58.291365962025644,102.28345868574404,81.96854097856261,-4862300.0,0
2019-01-22,95.7300033569336,96.7300033569336,94.12000274658205,94.12000274658205,2161500.0,0.011303609269270654,0.021483920986349166,92.72400016784668,88.10099975585938,88.51474987030029,65.44834401420786,2.4780824731342364,2.6397136880403327,89.65799269060436,90.29939469266358,62.64047050789049,59.469266137310285,102.19517886737233,83.25282146832103,-2700800.0,0
2019-01-23,94.44000244140624,96.2699966430664,93.83999633789062,95.41999816894533,2233300.0,-0.01347540865236918,0.02053217037754874,93.27300033569335,88.26079986572266,88.49334987640381,59.04020251974611,2.281336767927499,2.568038304017766,89.84552248475346,90.3405947697655,45.11437347382398,55.01814571500116,101.69834115149357,84.84765951989314,-4934100.0,0
2019-01-24,94.55999755859376,95.41000366210938,94.02999877929688,94.83000183105467,2578700.0,0.0012705962948484917,0.02044415202073142,93.833500289917,88.39499984741211,88.47244987487792,60.79545183614991,2.110765392650265,2.476583721744266,90.03040386019818,90.38257887711703,38.20353766408918,48.65279388193454,100.85365832202096,86.81334225781303,-2355400.0,0
2019-01-25,96.91999816894533,97.1500015258789,94.55999755859376,95.19000244140624,2472800.0,0.024957705914588235,0.020765236126120083,94.27850036621093,88.60579986572266,88.46169986724854,61.30118287796555,2.141334701248553,2.4095339176451236,90.30058402916866,90.44762782529443,58.82350301248764,47.380471383466926,100.86175795732252,87.69524277509935,117400.0,0
2019-01-28,95.62000274658205,96.9800033569336,94.87000274658205,96.1500015258789,1468900.0,-0.013413077248486949,0.01797784040395554,94.6930004119873,88.79839996337891,88.44854988098145,41.67852317309422,2.0371790010587176,2.3350629343278424,90.5091886847535,90.49909424242168,39.70593185158599,45.57765750938759,100.4227633980179,88.96323742595669,-1351500.0,0
2019-01-29,96.1999969482422,96.45999908447266,95.05999755859376,95.5500030517578,2011700.0,0.006065615823054316,0.01777088499386857,95.11650009155274,88.98359985351563,88.43904987335205,41.42855196579853,1.9786271608594177,2.2637757796341575,90.73235763626286,90.55581964247959,48.23525451873138,48.921563127601665,99.84366780730785,90.38933237579762,660200.0,0
2019-01-30,96.04000091552734,96.68000030517578,95.33999633789062,96.68000030517578,1416600.0,-0.0016631604759919094,0.01782627213905856,95.40250015258789,89.19419982910156,88.4335998916626,45.56166667565652,1.8974415380267544,2.190508931312677,90.9405005099595,90.61038861037062,63.28605585087851,50.40908074039862,99.56636883520785,91.23863146996793,-756400.0,0
2019-01-31,96.83000183105467,96.88999938964844,95.5500030517578,96.1500015258789,2280700.0,0.008225748729658866,0.016911999279047844,95.68400039672852,89.42039993286133,88.42999988555908,51.64576352665144,1.875231319233805,2.1274534088969026,91.17146134608089,90.6722753090839,79.31041420026737,63.61057485662574,99.38738267838619,91.98061811507085,1524300.0,0
2019-02-01,96.69000244140624,97.41999816894533,95.63999938964844,96.87000274658205,1754700.0,-0.0014458265723541475,0.016880168068707502,95.98050041198731,89.67020004272462,88.4190998840332,47.54780903529562,1.8252919507006027,2.0670211172576427,91.38787472236815,90.73215319099756,76.47067016411673,73.02238007175418,98.88800350436907,93.07299731960555,-230400.0,0
2019-02-04,98.54000091552734,98.5999984741211,96.12999725341795,96.72000122070312,1880200.0,0.019133296384413745,0.017138145092749944,96.26300048828125,89.96040008544922,88.40919990539551,54.736076755203754,1.9129428427973494,2.036205462365584,91.6683502593548,90.80984321810732,98.94370501108816,84.9082631251574,98.99904442450195,93.52695655206055,1649800.0,0
2019-02-05,98.0999984741211,99.36000061035156,97.73999786376952,98.9800033569336,2376500.0,-0.004465216534587202,0.01663317730747894,96.27000045776367,90.2920001220703,88.40519989013671,58.275613568006435,1.9247153658630083,2.0139074430650687,91.92057175797308,90.88238207637612,80.43475685460555,85.2830440099368,99.02497587545767,93.51502504006967,-726700.0,0
2019-02-06,97.79000091552734,98.0999984741211,97.06999969482422,97.77999877929688,1339800.0,-0.003160015936957694,0.011663767666186015,96.22950057983398,90.6052001953125,88.40634990692139,67.52901862432486,1.8872756243786029,1.9885810793277756,92.15074545042619,90.95111460213882,75.62113199321405,84.99986461963591,98.86131729100087,93.59768386866709,-2066500.0,0
2019-02-07,98.29000091552734,98.98999786376952,96.81999969482422,97.44000244140624,1566300.0,0.0051129971911128,0.011627943575583024,96.28550071716309,90.91080017089844,88.41024990081787,66.90911991344083,1.8763211189491926,1.9661290872520591,92.39150056670466,91.02413834655066,80.6159625607103,78.89061713617662,99.04609130295573,93.52491013137045,-500200.0,0
2019-02-08,97.6500015258789,98.29000091552734,97.29000091552734,97.80999755859376,1312100.0,-0.00651133771174206,0.011257370790601998,96.34750061035156,91.20080017089843,88.41589992523194,62.94373592605479,1.7953018700060568,1.9319636438028587,92.59771629059385,91.09006733340965,69.0217796931106,75.0862914156783,99.17475773584378,93.52024348485934,-1812300.0,0
2019-02-11,97.5999984741211,98.2300033569336,97.26000213623048,97.63999938964844,1178900.0,-0.0005120640140958699,0.011105859193643828,96.36350059509277,91.51640014648437,88.41934989929199,58.8793829237508,1.7073771224601728,1.8870463395343215,92.79388421935963,91.15484276764559,68.1159280073198,72.58455675371356,99.2164822903224,93.51051889986314,-2991200.0,0
2019-02-12,98.08000183105467,98.70999908447266,97.97000122070312,98.33999633789062,1743200.0,0.004918067258585568,0.010986436793034852,96.40600051879883,91.81160018920899,88.42509990692139,68.72430373825168,1.6573237889250834,1.8411018294124741,93.00118294923003,91.2237498230029,75.98502177167909,71.04090982403649,99.33757351903817,93.4744275185595,-1248000.0,0
2019-02-13,98.55999755859376,98.97000122070312,97.5500030517578,98.4499969482422,2039900.0,0.004893920458585388,0.011026082412601817,96.5365005493164,92.01420013427735,88.4310998916626,69.84129627218805,1.6375115909001323,1.800383781710006,93.219175679009,91.29674731290929,83.3332803514608,75.81141004348656,99.61146670391017,93.46153439472263,791900.0,0
2019-02-14,98.52999877929688,99.0999984741211,97.66999816894533,98.05999755859376,1613300.0,-0.0003043707390419925,0.010564714937999365,96.77000045776367,92.24940017700196,88.44429988861084,60.387121162899064,1.6009350477640254,1.7604940349208098,93.42744325156931,91.36871996431613,81.51442703899484,80.27757638737823,99.69478274102478,93.84521817450256,-821400.0,0
2019-02-15,98.8499984741211,100.12000274658205,98.61000061035156,99.16000366210938,1570800.0,0.003247738747475415,0.009144859416333051,96.98400039672852,92.49300018310547,88.45889987945557,73.85525088014255,1.5795609791075975,1.7243074237581673,93.64009247598311,91.44316054650325,74.90112706849081,79.91627815298214,99.85687308648473,94.11112770697231,749400.0,0
2019-02-19,99.0500030517578,99.44000244140624,98.41000366210938,99.4000015258789,1936400.0,0.00202331391728916,0.00907135179343407,97.20350036621093,92.74900024414063,88.473099899292,72.30051937197747,1.5607690001243384,1.6915997390314015,93.85224583189584,91.51885052167991,77.61509915805382,78.01021775517982,99.99851244605907,94.4084882863628,2685800.0,0
2019-02-20,99.19000244140624,100.01000213623048,98.36000061035156,99.20999908447266,2205700.0,0.0014134213562344566,0.009068618615056133,97.37650032043457,93.00780029296875,88.49124992370605,74.72527604143569,1.539427440834487,1.6611652793920189,94.06156962050409,91.59518039152793,79.64988255406053,77.38870292686839,100.21547184940842,94.53752879146073,4891500.0,0
2019-02-21,98.12000274658205,98.9499969482422,97.6999969482422,98.9499969482422,1017200.0,-0.01078737441766131,0.00924752022431486,97.56050033569336,93.30240036010743,88.51379993438721,59.69925277841856,1.4198074122785869,1.6128937059693325,94.22072386074244,91.66010399705087,55.35717630870429,70.8740526736062,100.05413487726575,95.06686579412097,3874300.0,0
2019-02-22,97.11000061035156,98.56999969482422,96.45999908447266,98.29000091552734,1997100.0,-0.010293539624525394,0.00901799859960228,97.68800048828125,93.56820037841797,88.53534992218017,52.792539430352484,1.2293379042545212,1.5361825456263705,94.33402883131535,91.7143318240489,24.561453827885867,53.189504230216876,99.760950084583,95.6150508919795,1877200.0,0
2019-02-25,97.27999877929688,98.4000015258789,97.16000366210938,97.8000030517578,2163700.0,0.0017505732455653789,0.009018350361589452,97.70600051879883,93.81760040283203,88.55334991455078,39.21231780587124,1.0796612159549142,1.4448782796920794,94.44955706456953,91.76971159474789,22.4043408293101,34.10765698863341,99.75700684160425,95.65499419599341,4040900.0,0
2019-02-26,96.48999786376952,97.5199966430664,95.8000030517578,97.29000091552734,2621500.0,-0.008120897671058391,0.007448212902412208,97.7495002746582,94.05580032348632,88.56804988861084,36.99515367246114,0.887069307746998,1.3333164853030632,94.52957435081267,91.81667961732522,15.972103258210767,20.97929930513557,99.64525226393599,95.85374828538042,1419400.0,0
2019-02-27,95.7699966430664,96.5999984741211,94.75,96.19000244140624,2892500.0,-0.0074619259679086225,0.007020707659307747,97.72800025939941,94.2702001953125,88.58379985809326,34.69695148171952,0.6686331648186439,1.2003798212061794,94.57821836227359,91.85601610514354,18.99434118009761,19.123595089206148,99.70572559708724,95.75027492171158,-1473100.0,0
2019-02-28,96.33000183105467,96.6999969482422,95.13999938964844,95.5500030517578,2551600.0,0.005847396967918916,0.007011588978475932,97.74250030517578,94.47960021972656,88.59599987030029,35.28531710619605,0.5345467639613588,1.0672132097572153,94.64691575320617,91.90053337604813,29.42273785726328,21.463060765190544,99.67177565170907,95.8132249586425,1078500.0,0
2019-03-01,96.36000061035156,97.38999938964844,95.9499969482422,96.86000061035156,2153400.0,0.00031141678321056077,0.0070001666122430205,97.71900024414063,94.70660018920898,88.6034998703003,39.338854230901646,0.425794679997594,0.9389295038052912,94.7140955515256,91.94490618434966,29.981374057514444,26.132817698291763,99.70567150699335,95.7323289812879,3231900.0,0
2019-03-04,95.2699966430664,97.0500030517578,95.01000213623048,96.41999816894533,1945100.0,-0.011311788712961679,0.0071737806937283615,97.64799995422364,94.89480010986328,88.60339984893798,33.568420169116166,0.2487858113536987,0.8009007653149728,94.73589559433113,91.97799166155083,9.683358977746874,23.029156964174856,99.87631341574273,95.41968649270454,1286800.0,0
2019-03-05,95.47000122070312,96.13999938964844,95.08000183105467,96.13999938964844,2565600.0,0.002099344858655261,0.007198226558321296,97.49449996948242,95.07960006713867,88.60829986572266,30.837035991405045,0.12322326449141485,0.6653652651502613,94.76468405026728,92.0127380253235,13.407837103275204,17.6908567128455,99.88140843266582,95.10759150629902,3852400.0,0
2019-03-06,100.3499984741211,101.08999633789062,95.1999969482422,97.66000366210938,10496200.0,0.05111550425286593,0.012789416948904467,97.60699996948242,95.41120010375977,88.63859985351563,57.98393677615271,0.41273132617405395,0.6148384773550198,94.98371598845763,92.09569584073444,88.32810266234735,37.1397662477898,100.3057889893774,94.90821094958743,14348600.0,0
2019-03-07,103.16000366210938,103.51000213623048,99.04000091552734,99.43000030517578,5266000.0,0.028002045149138066,0.014007362008088492,97.87550010681153,95.8052001953125,88.68889987945556,66.54752685826475,0.8590103487430127,0.6636728516326185,95.3043547207577,92.20578845587251,96.00458460308417,65.91350812290223,101.54491737060619,94.20608284301687,19614600.0,0
2019-03-08,102.4000015258789,104.19000244140624,101.12999725341795,102.41999816894533,2332400.0,-0.007367217034227602,0.014121819874364375,98.0810001373291,96.18620025634766,88.73179988861084,62.30075310409589,1.1382429128371427,0.7585868638735234,95.58261537978206,92.30722341179298,81.03813079882339,88.45693935475163,102.27150711419641,93.89049316046179,17282200.0,0
2019-03-11,103.83999633789062,103.91000366210938,101.66000366210938,102.19000244140624,2199700.0,0.014062449126505117,0.01434458845001446,98.39049987792968,96.50260025024414,88.78304988861083,65.28394761186043,1.4589148165718058,0.8986524544131799,95.90643424088435,92.42197737125663,96.29230918436636,91.1116748620913,103.29969923555781,93.48130052030156,19481900.0,0
2019-03-12,102.4499969482422,104.48999786376952,101.95999908447266,104.2699966430664,1885700.0,-0.013385973022624453,0.01464105471518142,98.63299980163575,96.8050001525879,88.82689987182617,59.633545862003764,1.58264453551935,1.0354508706344139,96.16304454313368,92.52175866057988,79.0554274850959,85.46195582276188,103.84744596622103,93.41855363705046,17596200.0,0
2019-03-13,102.55999755859376,103.22000122070312,102.1999969482422,102.62000274658205,1746500.0,0.001073700474653272,0.014629436305350149,98.8569995880127,97.1016000366211,88.86644985198974,63.90974568229719,1.6703229163123439,1.1624252797699999,96.41390544570075,92.62164163468947,80.1847974489307,85.17751137279764,104.34893852963094,93.36506064639445,19342700.0,0
2019-03-14,100.6500015258789,101.75,99.83999633789062,101.75,2565800.0,-0.018623206690538963,0.015317677866105122,98.96149978637695,97.30820007324219,88.89379985809326,60.49821822501273,1.5676174295226133,1.2434637097205226,96.5800268606097,92.70152581271125,60.574977617043565,73.27173418369004,104.50890047256368,93.41409910019021,16776900.0,0
2019-03-15,99.86000061035156,100.79000091552734,99.51000213623048,100.5199966430664,3500200.0,-0.007848990596629246,0.015421987355371883,99.02799987792969,97.48140014648438,88.91859985351563,57.379863299492825,1.4062655656478995,1.276024080905998,96.70865328216821,92.7727544176629,52.46408348157399,64.40795284918273,104.585498816354,93.47050093950537,13276700.0,0
2019-03-18,101.02999877929688,101.08000183105467,99.7699966430664,100.41000366210938,1738100.0,0.011716384556320847,0.015603486680958326,99.13699989318847,97.6868000793457,88.9419998550415,62.70996310467521,1.3571576565377228,1.292250796032343,96.87811781146738,92.85491605310204,64.4763876453914,59.171816248002976,104.76486699735165,93.5091327890253,15014800.0,0
2019-03-19,101.30999755859376,102.2300033569336,100.80999755859376,101.13999938964844,2081100.0,0.002771441974463107,0.015600871690617909,99.24999961853027,97.8552000427246,89.03559986114502,65.90126025117434,1.325552699810828,1.2989111767880401,97.05191701723705,92.9390462173358,66.45567786557149,61.13204966417894,104.96065798816952,93.53934124889102,17095900.0,0
2019-03-20,101.3499984741211,102.31999969482422,101.05999755859376,101.30999755859376,2119900.0,0.0003948368027961724,0.015601065857506624,99.35799942016601,97.92300003051758,89.13594985961915,64.85205973318794,1.2888759241288597,1.296904126256204,97.2204692312325,93.0227372845675,66.87762864146825,65.93656471747703,105.14506861220957,93.57093022812245,19215800.0,0
2019-03-21,101.41000366210938,102.38999938964844,101.3000030517578,101.73999786376952,1341600.0,0.0005920590911858703,0.01560155339085529,99.52249946594239,97.97920013427735,89.23694988250732,64.91435524210812,1.2502392524895924,1.2875711515028816,97.38476469911002,93.1061926714087,67.51059504475437,66.94796718393137,105.34830751114885,93.69669142073593,20557400.0,0
2019-03-22,101.43000030517578,102.1500015258789,101.0,101.04000091552734,1423200.0,0.00019718609944074927,0.015362985558008533,99.73849945068359,98.06440017700196,89.329349899292,69.4199351357176,1.2073157889428785,1.2715200789908812,97.54340138954397,93.1890166279636,67.48141499788808,67.28987956137023,105.50775509743275,93.96924380393443,21980600.0,0
2019-03-25,101.95999908447266,102.55999755859376,101.27999877929688,101.4000015258789,1801200.0,0.00522526646655086,0.015129120291413056,99.97249946594238,98.17540008544921,89.4311999130249,70.04323639113971,1.2022068151229064,1.2576574262172864,97.71660129914903,93.27629008524231,72.76643132436921,69.25281378900388,105.70139558147609,94.24360335040866,23781800.0,0
2019-03-26,101.7699966430664,102.83999633789062,101.43000030517578,102.6999969482422,1280400.0,-0.0018634998343697307,0.01515776940222936,100.23649940490722,98.26520004272462,89.53024990081786,56.17390508237092,1.1693468053783107,1.2399953020494914,97.87555797930266,93.36080457835499,50.09169277460949,63.44651303228891,105.77308490357744,94.699913906237,22501400.0,0
2019-03-27,104.22000122070312,105.1500015258789,101.45999908447266,102.06999969482422,2594700.0,0.024073937883967167,0.01567480861003091,100.65899963378907,98.405,89.6381999206543,54.75761946440826,1.3257178545878503,1.2571398125571631,98.12435967504385,93.46885628623905,83.51063110250169,68.78958506716012,106.04814976894062,95.26984949863751,25096100.0,0
2019-03-28,103.47000122070312,104.75,103.43000030517578,104.27999877929688,1332500.0,-0.007196315402182241,0.015665378481964264,101.01599960327148,98.55540008544922,89.7357999420166,54.806828206968454,1.3732938292723844,1.2803706159002073,98.33399267683441,93.56837016618395,70.21275732300201,67.93836040003771,106.13698818962789,95.89501101691508,23763600.0,0
2019-03-29,105.04000091552734,105.23999786376952,103.2699966430664,103.7300033569336,1897400.0,0.015173477107392586,0.015857218761347172,101.44999961853027,98.77900009155273,89.82804996490478,55.32861611888844,1.5201605220821648,1.3283285971365988,98.59697339207727,93.68251574577941,96.50964926062747,83.41101256204371,106.37712388189733,96.52287535516321,25661000.0,0
2019-04-01,103.72000122070312,105.6500015258789,102.5500030517578,105.5999984741211,1922400.0,-0.012566638264652652,0.01626095129511896,101.87249984741212,98.96200012207031,89.90674995422363,55.674727414542545,1.5126041317097503,1.3651837040512291,98.79787644418025,93.78239122314184,68.5667671493646,78.42972457766469,105.94303507112741,97.80196462369682,23738600.0,0
2019-04-02,104.11000061035156,104.30999755859376,102.76000213623048,103.30999755859376,1824200.0,0.0037601174803167936,0.01589679853965023,102.30449981689453,99.15100006103516,89.98559997558594,56.75676934087884,1.5205572913419587,1.396258421509375,99.00619503893206,93.88515350560165,74.91854937113399,79.998321927042,105.16938384365154,99.43961579013752,25562800.0,0
2019-04-03,104.70999908447266,105.87000274658205,103.91999816894533,104.0999984741211,2025000.0,0.005763120455321902,0.01589093582156571,102.5224998474121,99.33059997558594,90.06904998779297,69.98029574406094,1.5573232372362042,1.428471384654741,99.22987362895326,93.99286341185908,81.76095045932288,75.08208899327381,105.4244695332579,99.62053016156631,27587800.0,0
2019-04-04,105.62999725341795,105.97000122070312,104.0999984741211,104.72000122070312,1886300.0,0.008786153920248951,0.011859124654056126,102.64599952697753,99.55439987182618,90.15519996643066,78.03691025119164,1.6417713594653662,1.4711313796168661,99.48085886912834,94.10865578839201,94.51606909273008,83.73185630772898,105.85607802645947,99.4359210274956,29474100.0,0
2019-04-05,105.98999786376952,106.9000015258789,105.27999877929688,105.62999725341795,2615000.0,0.0034081285592375554,0.010332006540140453,102.82549934387207,99.78299987792968,90.24879997253419,76.16032346046032,1.7179427704767676,1.5204936577888466,99.73611922185937,94.22687809759977,85.0574208654406,87.1114801391645,106.36250000740165,99.28849868034249,32089100.0,0
2019-04-08,102.44000244140624,104.93000030517578,102.0199966430664,104.41999816894533,3993700.0,-0.03349368330893021,0.012728096140577254,102.75549964904785,99.89339996337891,90.32819999694824,54.431391697303816,1.4748530129840702,1.5113655288278913,99.84215385792004,94.3086007278864,24.406814728606747,67.99343489559247,106.26325585527428,99.24774344282142,28095400.0,0
2019-04-09,102.5999984741211,103.37999725341795,101.48999786376952,102.0,2913200.0,0.0015618511216493047,0.012328299078741403,102.7629997253418,100.03299987792968,90.41009998321533,54.856256698693926,1.28035384931907,1.4651631929261273,99.95030462718283,94.3911021979982,27.11861119193095,45.52761559532609,106.26864639752311,99.25735305316049,31008600.0,0
2019-04-10,103.43000030517578,103.75,102.76000213623048,102.8499984741211,2408800.0,0.008089686582832156,0.01209436211358446,102.8064998626709,100.17759994506837,90.49229999542236,57.40468424970956,1.1795885099013503,1.408048256321172,100.08676328122178,94.48104148264673,41.18643519865516,30.903953706397612,106.32311420209567,99.28988552324614,33417400.0,0
2019-04-11,104.6500015258789,104.79000091552734,103.37000274658205,103.55999755859376,1393200.0,0.011795428957782628,0.012342507736464392,103.00649986267089,100.3497999572754,90.58279998779297,60.84906339390923,1.1845207372523845,1.3633427525074147,100.2657138006201,94.58222516466894,59.96443237739691,42.756492922661,106.46114589568792,99.55185382965387,34810600.0,0
2019-04-12,104.4499969482422,105.0,104.11000061035156,104.7699966430664,1422800.0,-0.001911176060396369,0.011523268304551164,103.23599967956542,100.50219985961914,90.67929996490479,58.58028083108339,1.1589314249979452,1.3224604870055208,100.42980333582098,94.6804119485851,55.210163969181416,52.12034384841115,106.40888062964203,100.06311872948882,33387800.0,0
2019-04-15,106.80999755859376,107.0,104.52999877929688,104.69000244140624,2553600.0,0.02259454934710048,0.012143038513888501,103.52499961853027,100.7045997619629,90.79569995880126,65.10791613703825,1.313937779755463,1.3207559455555093,100.68000703083169,94.80110434271455,96.57035360998401,70.58164998552077,106.8984462648468,100.15155297221375,35941400.0,0
2019-04-16,106.30999755859376,107.58999633789062,105.9000015258789,107.0500030517578,1212200.0,-0.004681209731567604,0.012100537379409934,103.77499961853027,100.85999969482423,90.90219993591309,57.094354867948816,1.3805218151950385,1.332709119483415,100.90079097309686,94.91562069312131,79.01640820522854,76.93230859479797,107.19800707456932,100.35199216249123,34729200.0,0
2019-04-17,108.0,108.18000030517578,105.86000061035156,106.47000122070312,1536600.0,0.015896928607065153,0.012449281066745657,104.10749969482421,101.0579997253418,91.01719993591308,64.454369204313,1.551771361760487,1.3765215679388294,101.17919132709306,95.04581352204549,97.3094134605735,90.96539175859535,107.81849408185691,100.39650530779151,36265800.0,0
2019-04-18,108.66999816894533,109.0500030517578,107.9800033569336,108.66000366210938,1625500.0,0.006203686749493675,0.012450147433380557,104.47049942016602,101.27559967041016,91.14039993286133,62.288415973073505,1.7217043776833663,1.445558129887737,101.47294845814609,95.1813775483828,94.9734838354841,90.43310183376205,108.4788868984335,100.46211194189854,37891300.0,0
2019-04-22,108.1999969482422,109.27999877929688,107.93000030517578,108.6999969482422,1603900.0,-0.004325032010881524,0.012551430052751864,104.80899925231934,101.47379959106445,91.26364990234374,66.09194079325988,1.7977292428924017,1.51599235248867,101.73675428128712,95.31091604987394,86.13605001121414,92.80631576909057,108.87922315801836,100.73877534662032,36287400.0,0
2019-04-23,109.3000030517578,109.56999969482422,107.18000030517578,108.20999908447266,1895100.0,0.010166415291506858,0.012621849266511321,105.17599945068359,101.70679962158204,91.39019992828369,67.73752805613731,1.924555715426166,1.5977050250761693,102.03335227228598,95.45011094541508,96.65845814503761,92.58933066391194,109.48145407696703,100.87054482440016,38182500.0,0
2019-04-24,110.20999908447266,110.72000122070312,109.3499984741211,109.56999969482422,1386100.0,0.00832567252796812,0.012659383947073236,105.5979995727539,101.95899963378906,91.51809993743896,68.40695817008954,2.074581202608769,1.6930802605826893,102.35400508845017,95.59697550401266,94.47451841014387,92.4230088554652,110.14550502976,101.05049411574781,39568600.0,0
2019-04-25,110.76000213623048,111.52999877929688,109.4000015258789,110.05999755859376,1293000.0,0.0049905004657178065,0.01259456371334167,105.92499961853028,102.21259963989257,91.64854995727539,67.60467503089468,2.2123554750133394,1.7969353034688194,102.68365203150037,95.74785139090041,92.33071142577732,94.48789599365294,110.96876363374238,100.88123560331817,40861600.0,0
2019-04-26,109.94000244140624,110.63999938964844,109.16000366210938,110.41999816894533,1438900.0,-0.0074033918292605305,0.01195741325996678,106.24849967956543,102.44019973754882,91.76909996032715,63.14039552023258,2.2296731717544276,1.883482877125941,102.96821479267317,95.88906682423878,84.16338453284769,90.32287145625628,111.45655160529147,101.04044775383939,39422700.0,0
2019-04-29,110.9800033569336,111.04000091552734,109.45999908447266,110.16000366210938,1771500.0,0.00945971341124574,0.01182568239508559,106.54549980163574,102.68919982910157,91.8979999923706,84.10540254463216,2.300794822898439,1.9669452662804408,103.28240257950691,96.03922539670342,94.52195844412039,90.33868480091512,112.12743588201992,100.96356372125156,41194200.0,0
2019-04-30,111.27999877929688,111.61000061035156,110.62000274658205,111.4000015258789,1639600.0,0.0027031484347539436,0.011514407682801483,106.92349967956542,102.93779983520508,92.02569999694825,84.28117126167527,2.354228288992971,2.0444018708229468,103.59603380302809,96.1908748830974,96.27116510788483,91.65216936161762,112.71959472819266,101.12740463093819,42833800.0,0
2019-05-01,109.6500015258789,111.36000061035156,109.63999938964844,111.29000091552734,1010600.0,-0.014647710921086188,0.011661429391597089,107.2004997253418,103.1497998046875,92.14020000457764,73.10549078068047,2.2392350323671195,2.0833685031317817,103.83344430196341,96.32479654123453,76.21359717712326,89.00224024304282,112.95985576406525,101.44114368661835,41823200.0,0
2019-05-02,109.4499969482422,110.1999969482422,108.22000122070312,109.75,1508000.0,-0.0018240271304464928,0.011700040926388837,107.43749961853027,103.35499969482422,92.2570000076294,69.2925704844478,2.107667471468517,2.088228296799129,104.05370126848415,96.45539555025948,71.19995117187518,81.22823781896108,113.155295103449,101.71970413361153,40315200.0,0
2019-05-03,108.81999969482422,110.18000030517578,108.36000061035156,109.6999969482422,1529700.0,-0.005756028058327867,0.011806507267816718,107.59699974060058,103.56899963378906,92.36744998931884,66.97747402479216,1.9303122799337729,2.0566450934260576,104.24061493226219,96.57842643727008,60.59321759932758,69.335588649442,113.28036541536545,101.91363406583571,38785500.0,0
2019-05-06,108.62000274658205,108.8000030517578,106.23999786376952,107.68000030517578,1577000.0,-0.0018378694063870826,0.011724099424097387,107.7284999847412,103.79919967651367,92.47740001678467,58.450071627981835,1.7534067490432506,1.9959974245494962,104.41235563086298,96.69824311696473,48.00003715183448,59.93106864101241,113.37690543185414,102.08009453762827,37208500.0,0
2019-05-07,105.4499969482422,108.06999969482422,104.41999816894533,107.98999786376952,2368000.0,-0.02918436492526777,0.01347147836954506,107.87899971008301,103.96259963989257,92.56720001220702,46.786247023510846,1.3419457509105541,1.865187089821708,104.45304744723079,96.78532524463914,14.325430174616542,40.97289497525953,113.07650246927415,102.68149695089187,34840500.0,0
2019-05-08,106.11000061035156,106.70999908447266,104.66999816894533,104.7300033569336,1593000.0,0.006258925378948232,0.011144768354026106,108.05449981689453,104.15499969482421,92.66555000305176,42.3481843903283,1.0569330587422598,1.7035362836058185,104.51802600264729,96.87810808409897,23.50489384640183,28.610120390950943,112.71027526684674,103.39872436694233,36433500.0,0
2019-05-09,105.63999938964844,106.43000030517578,104.87000274658205,105.43000030517578,1525200.0,-0.0044293772311718715,0.011225864652046995,108.16499977111816,104.35239974975586,92.75380001068115,37.5308786167384,0.7840947203920052,1.5196479709630561,104.56202495900027,96.96529108216414,16.96802234276433,18.266115454594225,112.44867197154595,103.88132757069037,34908300.0,0
2019-05-10,104.0199966430664,105.41999816894533,102.97000122070312,105.41999816894533,2163700.0,-0.01533512642883239,0.011687606810826662,108.13349952697754,104.50619964599609,92.8325,34.28572575847876,0.43216594879034176,1.3021515665285133,104.54076894661071,97.03548715739701,12.152725654370743,17.54188061451229,112.53368537672036,103.73331367723473,32744600.0,0
2019-05-13,99.33999633789062,102.62000274658205,99.01000213623048,102.62000274658205,2739400.0,-0.044991352203506696,0.015002856724170949,107.87799949645996,104.56579956054688,92.88219997406006,20.49761897874629,-0.22182004702317215,0.9973572438181761,104.33681707960208,97.05841759700392,2.619001917642383,10.579916638259142,113.57970137462263,102.1762976182973,30005200.0,0
2019-05-14,98.75,99.77999877929688,98.5,99.29000091552734,2947800.0,-0.005939162066040726,0.015022460584246455,107.47499961853028,104.63539962768554,92.92984996795654,15.398564328998248,-0.7787396086230558,0.6421378733299298,104.11772621373534,97.07524926270538,1.9069411774290979,5.559556249814065,114.48403497668302,100.46596426037753,27057400.0,0
2019-05-15,100.1999969482422,100.41999816894533,97.83000183105467,98.16000366210938,1870600.0,0.014683513399921022,0.01444835165478076,107.1694995880127,104.72999954223633,92.99089996337891,19.75943372935403,-1.090528800801664,0.295604538503611,103.9640897719513,97.1063412794769,17.198804986457734,7.241582693843061,114.88896326963334,99.45003590639206,28928000.0,0
2019-05-16,100.88999938964844,102.25,100.4000015258789,100.51000213623048,2052800.0,0.006886252119974179,0.01459823216569129,106.81399955749512,104.74079956054688,93.04524997711182,23.889203417334457,-1.2673374739826926,-0.016983863993649706,103.84353720793942,97.14398961888159,22.206080041103586,13.770608734996799,115.01243142487485,98.6155676901154,30980800.0,0
2019-05-17,100.38999938964844,101.02999877929688,99.4000015258789,100.47000122070312,1877900.0,-0.004955892586230859,0.013988949868840323,106.39999961853027,104.68539947509765,93.09079998016358,18.463360959404213,-1.431306235318445,-0.29984833825860874,103.70810435232016,97.17628822356585,18.57763269500366,19.32750590752165,115.02875183021798,97.77124740684256,29102900.0,0
2019-05-20,100.05999755859376,100.41999816894533,99.16000366210938,99.9000015258789,1878200.0,-0.0032871982574063097,0.013816136051071348,105.99299964904785,104.63859939575195,93.1416499710083,16.646859884098532,-1.569785539294486,-0.5538357784657841,103.56504134080149,97.20498184879001,16.481862000988123,19.088524912365113,115.02284068863148,96.96315860946422,27224700.0,0
2019-05-21,99.7699966430664,100.18000030517578,97.5999984741211,99.6500015258789,1961500.0,-0.0028982702638737923,0.01381709108211103,105.51649932861328,104.55719940185547,93.18719993591309,18.087862174198406,-1.6835254027446211,-0.7797737033215515,103.41621605853736,97.23050438405645,17.222209775677587,17.42723482388978,114.81340410499354,96.21959455223302,25263200.0,0
2019-05-22,99.56999969482422,101.22000122070312,99.5500030517578,99.88999938964844,1425100.0,-0.002004580083907248,0.013454103711741819,104.98449935913087,104.49959945678711,93.23364994049072,18.087871088888747,-1.7694065292078562,-0.9777002684988125,103.2653840442741,97.2537829443626,15.659784848679655,16.454618875115113,114.36786113001868,95.60113758824305,23838100.0,0
2019-05-23,97.45999908447266,99.44000244140624,96.69000244140624,99.16000366210938,2659600.0,-0.021191128018666072,0.013605477990479412,104.31949920654297,104.39759948730469,93.26699993133545,16.509445420610646,-1.9848472720864976,-1.1791296692163495,103.03772188898776,97.25583484625425,6.35835346208184,13.080116028813022,113.86322339501983,94.77577501806611,21178500.0,0
2019-05-24,98.41999816894533,98.7699966430664,97.51000213623048,98.12999725341795,2191300.0,0.009850185650428722,0.013836621546271907,103.74349899291992,104.35299942016601,93.29469993591309,21.218963083134952,-2.0544394112262125,-1.3541916176183222,102.85663468428021,97.2674185609079,15.202075088546147,12.406737799769205,113.24941094883665,94.2375870370032,23369800.0,0
2019-05-28,97.2699966430664,98.9499969482422,96.94000244140624,98.41999816894533,3131300.0,-0.011684632668909956,0.013897222259244451,103.05799865722656,104.30119934082032,93.3229499053955,23.94905120974461,-2.1772887654801423,-1.5188110471906862,102.63755083952672,97.26744421346669,5.7883672252676,9.116265258631854,112.34139915827083,93.7745981561823,20238500.0,0
2019-05-29,95.31999969482422,96.9800033569336,95.11000061035156,96.26000213623048,3289700.0,-0.0200472603633135,0.013776843523258411,102.25999870300294,104.18699935913087,93.33604991912841,18.24602038786432,-2.4042811640803876,-1.6959050705686265,102.3505880495384,97.24806665606727,1.855115637226324,7.615185983680017,111.3084240559143,93.21157335009157,16948800.0,0
2019-05-30,98.30999755859376,100.81999969482422,96.05999755859376,96.16999816894533,4004200.0,0.03136800118907157,0.016034398420152085,101.69299850463867,104.12699935913086,93.36544990539551,31.214751678975716,-2.3162066477647016,-1.8199653860078415,102.19213352048175,97.25863313270933,31.037805101853646,12.893762654782515,110.19639831157731,93.18959869770002,20953000.0,0
2019-05-31,101.58999633789062,101.7699966430664,97.0,97.56999969482422,3477900.0,0.033363837460599566,0.018005537064443623,101.2999984741211,104.13179931640624,93.40854988098144,44.26074305362599,-1.9591545554622058,-1.8478032198987144,102.16852029763504,97.30173127405443,86.28487196132258,39.72593090013418,108.98063295211506,93.61936399612713,24430900.0,0
2019-06-03,100.69000244140624,102.75,100.23999786376952,101.58999633789062,2242200.0,-0.008859079918567825,0.01803871693462929,100.8934986114502,104.11739929199219,93.439349899292,53.88156220660362,-1.7288807249679792,-1.8240187209125676,102.1105392052339,97.33544541502312,73.03667901616735,63.453118693114526,107.71034349762247,94.07665372527792,22188700.0,0
2019-06-04,100.69000244140624,101.91999816894533,100.04000091552734,101.18000030517578,2257000.0,0.0,0.018051380707888497,100.4969985961914,104.1025993347168,93.47164989471436,55.77382098520981,-1.5287644107634577,-1.7649678588827458,102.05483188116223,97.36882409190255,73.03667901616735,77.4527433312191,106.26310330632633,94.73089388605648,22188700.0,0
2019-06-05,100.29000091552734,101.4499969482422,99.87999725341795,100.87000274658205,1806100.0,-0.00397260419287071,0.01804735608827207,100.23899879455567,104.06919937133789,93.4978498840332,50.28572701867818,-1.3864652616902902,-1.6892673394442548,101.98562282368636,97.39789052795852,67.80105653142132,71.291471521252,105.5127112424706,94.96528634664074,20382600.0,0
2019-06-06,102.22000122070312,102.5999984741211,100.18000030517578,100.18000030517578,1619900.0,0.019244194710910323,0.0177105968861813,100.04449882507325,104.07819946289062,93.53089988708496,53.914074736675715,-1.1052170121552365,-1.572457273986451,101.99481413337328,97.44587172888136,93.06284264871829,77.96685939876899,104.65127433168227,95.43772331846422,22002500.0,0
2019-06-07,102.63999938964844,103.7300033569336,102.1500015258789,102.58000183105467,1782700.0,0.00410876701163887,0.017670697334530038,99.89449882507324,104.04659942626954,93.56919986724853,56.65287268783166,-0.8387666263967333,-1.4257191444685076,102.02011551597232,97.49755459117755,87.35494640396304,82.73961519470087,103.888792236322,95.90020541382448,23785200.0,0
2019-06-10,103.77999877929688,104.41000366210938,102.36000061035156,102.6999969482422,2186900.0,0.011106775101592747,0.0178631486226842,99.88249893188477,104.0527993774414,93.61314987182617,60.496625755512945,-0.5295104853730095,-1.246477412649408,102.08913054590663,97.5600664736464,93.22575617119371,91.21451507462501,103.82572235311383,95.9392755106557,25972100.0,0
2019-06-11,106.52999877929688,108.3000030517578,105.36000061035156,108.0,3479300.0,0.02649836223112967,0.01847091176246706,100.24199905395508,104.0825993347168,93.67919986724854,66.74927439413752,-0.06180826109088855,-1.0095435823377041,102.2632822413337,97.64931953141408,86.58071307929025,89.05380521814898,105.16600983706135,95.31798827084882,29451400.0,0
2019-06-12,108.0500030517578,108.16000366210938,106.1500015258789,106.1500015258789,1778900.0,0.014268321504536718,0.015299796598190425,100.70699920654297,104.1691993713379,93.7485998916626,69.72094503746739,0.4265833752363051,-0.7223181908229023,102.49021246919348,97.75280891967621,98.1046250665186,92.63703143900085,106.68207556064245,94.7319228524435,31230300.0,0
2019-06-13,108.66000366210938,108.7300033569336,107.0999984741211,108.2699966430664,1672600.0,0.0056455399641162085,0.01512680570556794,101.12999954223633,104.26019943237304,93.82459991455079,78.00002212525254,0.8530260634952214,-0.4072493399592776,102.7321650649941,97.86133822059594,99.48605227086473,94.72379680555785,108.07333327403173,94.18666581044094,32902900.0,0
2019-06-14,110.30999755859376,111.12000274658205,108.93000030517578,108.9800033569336,3320700.0,0.015184923991123922,0.015143783683554072,101.60099945068359,104.37219940185547,93.91079990386963,78.73370409730818,1.3090359327794943,-0.06399228541152324,103.0293349667039,97.98520547769044,94.94063035659909,97.51043589799413,109.66358217596598,93.53841672540119,36223600.0,0
2019-06-17,108.12999725341795,110.76000213623048,107.95999908447266,110.43000030517578,2148800.0,-0.019762490739045235,0.016041055032927472,101.98799934387208,104.42219940185547,93.98454990386963,75.0000175630742,1.4774876757342952,0.24430370681764046,103.2293609387319,98.08614867943898,81.32414057336234,91.91694106694206,110.53435349142752,93.44164519631663,34074800.0,0
2019-06-18,109.47000122070312,110.11000061035156,108.66999816894533,109.25,1899200.0,0.012392527525407093,0.0160344479790766,102.45849952697753,104.49179946899415,94.05959991455079,83.51493659577089,1.699522974006726,0.5353475602554576,103.47409193018176,98.19942084402867,89.04381834346945,88.43619642447696,111.57501498004002,93.34198407391504,35974000.0,0
2019-06-19,109.37000274658205,109.72000122070312,107.63999938964844,109.5,1870000.0,-0.0009134783320178252,0.01598692826439593,102.93849983215333,104.63039947509766,94.2075499343872,80.35128726187963,1.8461373838457433,0.7975055249735148,103.7053041190602,98.31057091271079,87.60623470541736,85.99139787408303,112.46087657733493,93.41612308697172,34104000.0,0
2019-06-20,110.79000091552734,111.05999755859376,109.43000030517578,110.5,1678200.0,0.012983433604144112,0.016001717325377012,103.49949989318847,104.79419952392578,94.35894992828369,78.11738546692982,2.0532438280076093,1.0486531855803336,103.98313536598047,98.43474434557464,97.06404208382814,91.23803171090498,113.49649138151548,93.50250840486146,35782200.0,0
2019-06-21,112.19000244140624,112.5,110.45999908447266,110.88999938964844,3037100.0,0.012636533209764433,0.015994603661971883,104.23600006103516,104.9693995666504,94.51999992370605,84.10438785197708,2.3037889549509174,1.2996803394544505,104.30497329050698,98.57161258533417,97.54360149661835,94.07129276195461,114.52564584248208,93.94635427958823,38819300.0,0
2019-06-24,112.70999908447266,113.37999725341795,111.75,112.3000030517578,2007800.0,0.004634964183533263,0.014759043191714153,104.95050010681152,105.13059951782226,94.67034992218018,84.579972792293,2.5153122030861397,1.5428067121807885,104.63458214517229,98.71229304801216,95.0370506004052,96.54823139361723,115.52044183939473,94.3805583742283,40827100.0,0
2019-06-25,108.9499969482422,112.68000030517578,108.75,112.61000061035156,2392900.0,-0.03335996953928155,0.01716506375987795,105.53450012207031,105.22059951782227,94.80449989318848,70.87752392646796,2.3524278287567597,1.704730935495983,104.80381409823386,98.81416074851197,66.43938386845089,86.34001198849148,115.59612231277244,95.47287793136819,38434200.0,0
2019-06-26,109.06999969482422,110.0500030517578,108.33000183105467,109.0,1407900.0,0.00110144791136646,0.016766072838669953,106.22200012207031,105.26579956054688,94.93864990234376,68.09296979315998,2.20757644029149,1.8053000364550844,104.97111549417858,98.91620889723148,61.62066608783802,74.3657001855647,115.16136026066698,97.28263998347364,39842100.0,0
2019-06-27,108.13999938964844,109.2300033569336,108.02999877929688,109.2300033569336,1155900.0,-0.008526637093407063,0.01605842254992656,106.71350021362305,105.30239959716796,95.0598498916626,64.14608875841824,1.9947432604224389,1.8431886812485554,105.09538545086366,99.00798790710628,52.45009564438986,60.17004853355959,114.86767574510858,98.55932468213751,38686200.0,0
2019-06-28,107.38999938964844,108.56999969482422,106.58000183105467,107.9800033569336,3885900.0,-0.006935454080202241,0.015203373844037863,107.00350036621094,105.29019958496093,95.17779987335206,59.47506570089094,1.7454324413179307,1.8236374332624306,105.18537031120817,99.09139100643506,25.31171607224911,46.46082593482566,114.79493433655118,99.2120663958707,34800300.0,0
2019-07-01,110.08999633789062,110.33999633789062,108.75,108.79000091552734,2107600.0,0.025141977498720935,0.014508164383236833,107.47350006103515,105.31859954833985,95.30339984893799,59.36841462787829,1.7455968559383592,1.8080293177976163,105.37770858676436,99.20082986545452,54.49511950614689,44.08564374092862,114.78036507842663,100.16663504364368,36907900.0,0
2019-07-02,109.08000183105467,110.11000061035156,107.91999816894533,110.08999633789062,1841900.0,-0.00917426233475438,0.014522216969676599,107.89300003051758,105.33619964599609,95.42674983978272,52.78528751567967,1.645263466780122,1.7754761475941176,105.52289655712867,99.2991300840177,36.764730631703074,38.85718873669969,114.48883948963999,101.29716057139518,35066000.0,0
2019-07-03,109.75,110.43000030517578,109.0199966430664,109.38999938964844,1149700.0,0.006142264005303488,0.014501174517631348,108.36599998474121,105.34519958496094,95.5526498413086,52.937997453302316,1.6013523922639763,1.7406513965280894,105.68866531959421,99.40311883940062,46.61765151370676,45.95916721718557,113.94448290471631,102.7875170647661,36215700.0,0
2019-07-05,109.63999938964844,109.94000244140624,107.91999816894533,108.9800033569336,1024100.0,-0.0010022834656179258,0.014431673607383249,108.73699989318848,105.33379959106445,95.67334983825684,48.030574999080486,1.5399251211789675,1.7005061414582652,105.84361959685124,99.50497834736329,44.99999439014751,42.79412551185245,113.52546070632414,103.94853908005283,35191600.0,0
2019-07-08,110.26000213623048,110.48999786376952,109.0,109.31999969482422,1642500.0,0.005654895567617002,0.014029648480512349,109.11800003051758,105.32379959106446,95.79859985351563,56.89322104705939,1.5237082461681553,1.6651465624002433,106.01681106898377,99.61199350944158,54.1176879777495,48.57844462720126,112.98846427995149,105.24753578108367,36834100.0,0
2019-07-09,111.48999786376952,111.8000030517578,109.2699966430664,109.83000183105467,2045100.0,0.011155411787669989,0.014123716941979579,109.50349998474121,105.35479949951171,95.934649848938,56.584087776895224,1.591757838072553,1.6504688175347053,106.23144584524988,99.73018260749458,72.20587261819679,57.107851662031266,112.59226591862358,106.41473405085884,38879200.0,0
2019-07-10,111.69000244140624,112.18000030517578,111.2300033569336,111.62000274658205,1468900.0,0.0017939239525424089,0.01403672377100583,109.76150016784668,105.36899948120117,96.0619998550415,57.512954904037024,1.6428881360647267,1.6489526812407096,106.44550688823641,99.84918578992158,75.14711838696539,67.15689299430389,112.66068545839978,106.86231487729357,40348100.0,0
2019-07-11,110.97000122070312,112.48999786376952,110.66999816894533,112.12000274658205,1407200.0,-0.006446424970586118,0.013163165515218537,109.90750007629394,105.36279953002929,96.1914998626709,50.610584570090815,1.6067891196085782,1.6405199689142833,106.62293803852921,99.95984066982986,64.5588580135065,70.63728300622289,112.73704312508619,107.0779570275017,38940900.0,0
2019-07-12,112.43000030517578,112.47000122070312,110.6500015258789,111.13999938964844,1209300.0,0.013156700625504447,0.013113628536043769,110.09599990844727,105.41839950561524,96.32549987792969,50.81080384459748,1.6766625907235664,1.6477484932761401,106.85066597055457,100.08392186023131,86.02944723877461,75.24514121308216,113.07402847659942,107.11797134029511,40150200.0,0
2019-07-15,111.75,112.87000274658205,111.5,112.47000122070312,1194900.0,-0.006048210471671367,0.013198038280658122,110.16800003051758,105.46439956665039,96.45794986724853,46.7914467138268,1.6580544586689,1.6498096863546923,107.04279671680733,100.2000022397315,82.1939175904215,77.59407428090087,113.23608183078902,107.09991823024613,38955300.0,0
2019-07-16,112.31999969482422,112.44000244140624,111.47000122070312,111.83999633789062,1210600.0,0.005100668410060072,0.012851043123776591,110.37750015258788,105.5343995666504,96.5977498626709,64.3160735248266,1.6700502914477227,1.6538578073732983,107.24974585320015,100.32059922933442,91.2559145993111,86.49309314283573,113.43182200497158,107.32317830020419,40165900.0,0
2019-07-17,112.25,112.66999816894533,111.54000091552734,112.44000244140624,1262900.0,-0.0006232166578917786,0.011957047406832382,110.51650009155273,105.60699951171875,96.74859985351563,63.56656162139044,1.6548328025397723,1.6540528064065931,107.44583425111388,100.43929973451517,90.14304202958827,87.8642914064403,113.64896073865455,107.3840394444509,38903000.0,0
2019-07-18,110.12000274658205,111.9800033569336,109.5199966430664,111.94000244140624,1473300.0,-0.01897547664514887,0.012520312796211859,110.55400009155274,105.70039962768554,96.89144985198975,57.66255730169619,1.4541374642048766,1.6140697379662499,107.55070360387734,100.53562513762033,56.27981558458276,79.22625740449405,113.64637101246325,107.46162917064223,37429700.0,0
2019-07-19,108.1999969482422,110.5,108.1500015258789,110.5,1245700.0,-0.01743557710181254,0.013109399292097106,110.42449989318848,105.74219955444336,97.02134983062744,52.87437107565291,1.1271633039415434,1.5166884511613086,107.57616608797008,100.61188754369617,5.656535764873067,50.69313112634804,113.68747652799402,107.16152325838294,36184000.0,0
2019-07-22,107.5500030517578,108.3499984741211,107.0,108.08999633789062,1348000.0,-0.006007337475206542,0.012788956610634,110.19249992370605,105.78039962768554,97.15089984893798,39.451849242066075,0.8062904367342867,1.3746088482759045,107.57514008655,100.68092351890077,9.369723925223905,23.768691758226577,113.58421061126391,106.80078923614819,34836000.0,0
2019-07-23,105.48999786376952,107.7699966430664,104.31999969482422,107.5999984741211,2187500.0,-0.01915392960981055,0.01293327233491745,109.8314998626709,105.80979965209961,97.27059982299805,36.28723117174992,0.3813749225103322,1.17596206312279,107.49336980330371,100.72877500491936,13.684184226165323,9.570147972087431,113.60988393139787,106.05311579394392,32648500.0,0
2019-07-24,106.23999786376952,106.6999969482422,104.76000213623048,105.31999969482422,1192500.0,0.007109678786500151,0.013015873583716328,109.69599990844726,105.94779968261719,97.39624980926514,36.67425743778737,0.10394681395867167,0.9615590132899665,107.44421796253766,100.78361304331588,22.45611091975644,15.170006357048555,113.78877965561487,105.60322016127965,33841000.0,0
2019-07-25,106.5500030517578,106.8499984741211,105.52999877929688,106.18000030517578,1232300.0,0.002917970578141471,0.010998407147152667,109.57000007629395,106.10379974365235,97.52579982757568,38.44430089806514,-0.08986621123752059,0.7512739683844691,107.40915071113454,100.84099005832526,26.081901297977957,20.740732147966572,113.8926313310108,105.2473688215771,35073300.0,0
2019-07-26,106.0999984741211,106.5500030517578,105.8499984741211,106.5500030517578,1504700.0,-0.004223412151552086,0.011008850943015552,109.46800003051757,106.22179977416992,97.64489982604981,34.242424943010676,-0.27658770769858165,0.545701633167859,107.35781140772225,100.89331850027348,20.818691742231817,23.118901319988737,114.02275113120398,104.91324892983117,33568600.0,0
2019-07-29,103.83999633789062,106.22000122070312,103.54000091552734,106.01000213623048,1714200.0,-0.02130068019540743,0.01175808106297928,109.29049987792969,106.28079971313477,97.7497998046875,23.12019846050495,-0.6000125524577129,0.3165587960427447,107.21985787557199,100.92263867776221,3.21538438893713,16.705325809715635,114.42589944453167,104.15510031132771,31854400.0,0
2019-07-30,101.48999786376952,103.86000061035156,101.19000244140624,103.47000122070312,1806200.0,-0.022630956827794146,0.012567522118821534,108.86049995422363,106.30279968261719,97.83609977722168,18.864478674740724,-1.034034601957174,0.04644011644276094,106.9951574829523,100.9282840427971,2.568453891481004,8.867510007549983,115.04671892973766,102.67428097870959,30048200.0,0
2019-07-31,101.75,102.94000244140624,100.0500030517578,101.5,2641100.0,0.002561849854204157,0.010934044438567924,108.4939998626709,106.33659973144532,97.94729976654052,21.0427341579974,-1.3415555859744757,-0.2311590240406864,106.78946503264044,100.93646032097823,13.260506932215707,6.348115070877945,115.44652733864326,101.54147238669854,32689300.0,0
2019-08-01,97.69000244140624,103.83000183105467,94.6999969482422,101.4499969482422,4272200.0,-0.039901695907555434,0.013467545944189032,107.89099998474121,106.29499984741211,98.03004978179932,10.205214926744318,-1.891076896235134,-0.5631425984795759,106.43262336239596,100.9041572574999,16.455721183298824,10.761560668998511,116.32002788427448,99.46197208520795,28417100.0,1
2019-08-02,96.87000274658205,98.93000030517578,96.33000183105467,97.43000030517578,2424500.0,-0.008393895734786327,0.013229575814177844,107.25250015258788,106.24099990844726,98.10954978942871,10.128648849765284,-2.3654758825366002,-0.9236092552909809,106.05761863236404,100.86401641659525,12.075713138181614,13.930647084565381,116.96120670977798,97.54379359539779,25992600.0,0
2019-08-05,92.86000061035156,94.77999877929688,91.87999725341795,94.5999984741211,4313300.0,-0.041395705817423134,0.015269809439293893,106.38250007629395,106.14899993896485,98.14134979248047,5.972880108454774,-3.0300852201924613,-1.344904448271277,105.54006498444198,100.78437446827442,4.7138206530894164,11.081751658189951,117.90539391559767,94.85960623699023,21679300.0,1
2019-08-06,92.72000122070312,93.66000366210938,91.73999786376952,92.88999938964844,2840600.0,-0.0015076393358630646,0.015033206069128984,105.44400024414062,106.035,98.17844978332519,5.954021311360378,-3.527427698496581,-1.781409098316338,105.03731738586399,100.7041319483981,4.841912504740166,7.210482098670397,118.20622117099113,92.68177931729012,18838700.0,0
2019-08-07,92.37999725341795,93.36000061035156,91.25,92.12000274658205,2237500.0,-0.0036669970104492577,0.014419007211259327,104.4784999847412,105.93720001220703,98.21634975433349,6.476967711745488,-3.9040077036921303,-2.2059288193914965,104.54095189047395,100.62130473750278,5.870115602171192,5.141949586666924,118.14108554460331,90.8159144248791,16601200.0,0
2019-08-08,92.91999816894533,93.18000030517578,91.62000274658205,92.26000213623048,1858400.0,0.005845431171057847,0.014594066393061,103.57599983215331,105.88919998168946,98.25839973449708,9.789509189397748,-4.111481905912186,-2.5870394366956346,104.0852282151199,100.54467482139773,9.766072034875789,6.826033380595714,117.80594531622586,89.34605434808077,18459600.0,0
2019-08-09,90.08999633789062,92.86000061035156,89.9000015258789,92.86000061035156,2153000.0,-0.030456326806090228,0.01533686347274479,102.45899963378906,105.7247999572754,98.2912497329712,8.781898975112085,-4.452933556215328,-2.9602182605995733,103.53639559248346,100.44064816982055,1.0632057298604423,5.566464455635806,117.25842410543326,87.65957516214486,16306600.0,1
2019-08-12,91.0,91.33999633789062,89.41000366210938,89.91999816894531,2277700.0,0.010101051161067076,0.015121523039859171,101.42149963378907,105.51300003051757,98.3268497467041,13.829300576108338,-4.597114089176699,-3.2875974263149987,103.04477223591547,100.34671137211089,9.11695419080929,6.648743985181838,116.38684164432709,86.45615762325104,18584300.0,0
2019-08-13,94.5999984741211,98.41000366210938,90.41000366210938,91.08999633789062,4286200.0,0.03956042279253946,0.0185828586202532,100.5354995727539,105.39119995117187,98.38769973754883,24.56296078934831,-4.370507915194565,-3.504179524090912,102.71360463741374,100.28953014924532,29.759153416932975,13.313104445867566,114.86891723856044,86.20208190694737,22870500.0,0
2019-08-14,93.16999816894533,94.08000183105467,92.12999725341795,92.3000030517578,2455100.0,-0.015116282539549553,0.018407389860989422,99.58149948120118,105.24079986572265,98.43844974517822,22.125007549916987,-4.257235205904138,-3.6547906604535574,102.3393455602189,100.21868903501348,21.93695823062148,20.271021946121248,113.1515234240305,86.01147553837185,20415400.0,0
2019-08-15,93.13999938964844,94.91999816894533,92.33999633789062,93.72000122070312,1563600.0,-0.00032197896196684006,0.01841411456925963,98.7324993133545,105.09779983520508,98.48774974822999,22.51909693630438,-4.122366345339543,-3.7483057974307545,101.9785868868632,100.14825431217403,22.18915091770601,24.62842085508682,111.63462650025073,85.83037212645826,18851800.0,0
2019-08-16,93.70999908447266,94.5500030517578,93.4000015258789,93.88999938964844,1504700.0,0.006119816389944743,0.01852688218071503,98.00799942016602,104.92759979248046,98.53734973907471,26.8615943233699,-3.924251264166614,-3.7834948907779267,101.65432854167142,100.08419207110238,29.757760072650857,24.62795640699278,110.28379677598548,85.73220206434655,20356500.0,0
2019-08-19,96.1999969482422,96.4000015258789,94.63999938964844,95.16999816894533,2303800.0,0.0265713145672426,0.019791377564585072,97.44049911499023,104.79879974365234,98.59664974212646,37.99364644433273,-3.5256797753780944,-3.7319318676979605,101.44043318506635,100.04554336341224,47.08733806052527,33.01141635029404,108.8798597074554,86.00113852252507,22660300.0,0
2019-08-20,93.62999725341795,95.98999786376952,93.48999786376952,95.80999755859376,1512300.0,-0.02671517439035853,0.020331919355671753,96.84749908447266,104.59579971313477,98.64329971313477,33.31963553190886,-3.378244199699239,-3.6611943340982163,101.13414157990367,99.9817070837108,29.264869120418457,35.369989084531525,107.74677597731655,85.94822219162877,21148000.0,0
2019-08-21,96.08000183105467,96.2300033569336,94.87999725341795,95.83999633789062,1556700.0,0.026166876530024474,0.021290996234311178,96.33949928283691,104.38679977416992,98.69919971466065,46.45842535817525,-3.0287915265245715,-3.534713772583488,100.93594002112528,99.94288414587344,70.06303068187724,48.805079287606986,106.30239219903619,86.37660636663763,22704700.0,0
2019-08-22,97.20999908447266,97.43000030517578,95.9499969482422,96.02999877929688,1355000.0,0.011761003662395408,0.02143846542423796,95.87249908447265,104.16999969482421,98.75949970245361,50.73783900129139,-2.6303454458270465,-3.3538401072322,100.78982469027616,99.91569125969035,86.66661580403645,61.998171868777376,104.62191069136503,87.12308747758027,24059700.0,0
2019-08-23,95.16000366210938,98.08999633789062,94.83000183105467,96.91999816894533,2533300.0,-0.021088318502934023,0.021689638287168113,95.32549934387207,103.89999969482422,98.80489971160888,55.45541473428498,-2.4517295422687653,-3.173417994239513,100.56904739505393,99.86837098508757,63.888888888888886,73.53951179160086,102.63151270136986,88.01948598637428,21526400.0,0
2019-08-26,95.87000274658205,96.58999633789062,94.5199966430664,96.3499984741211,2596000.0,0.007461108208798528,0.021863618454858083,94.92699966430663,103.61119979858398,98.8537497329712,57.274829801082475,-2.2272102658788953,-2.98417644856739,100.38477113432955,99.82858622649549,71.77776760525188,74.11109076605906,101.05147142424484,88.80252790436843,24122400.0,0
2019-08-27,96.75,97.97000122070312,95.87999725341795,96.37000274658205,2292700.0,0.009179067781442507,0.02170982767705743,94.68999977111817,103.38359985351562,98.90524974822998,59.84678631879736,-1.9557243252338026,-2.7784860239006726,100.24223108984604,99.7979535277244,81.55551486545139,72.40739045319738,100.06627296626759,89.31372657596874,26415100.0,0
2019-08-28,99.5999984741211,99.87000274658205,96.27999877929688,96.4499969482422,2971900.0,0.02945734856972715,0.022337704115105838,94.58249969482422,103.18619979858398,98.96399974822998,63.63265792929442,-1.4933839028585112,-2.5214655996922404,100.21704549707252,99.79598382569851,97.41869697807374,83.58399314959233,99.42374459085329,89.74125479879515,29387000.0,0
2019-08-29,97.66999816894533,104.23999786376952,96.68000030517578,102.5,6131300.0,-0.019377513401039215,0.022689947742273155,94.58149948120118,102.95219970703126,99.02044975280762,66.05933214323353,-1.2680928965345402,-2.2707910590607003,100.11716128812635,99.77482973956167,55.69789437888848,78.22403540747119,99.42004865870742,89.74295030369494,23255700.0,0
2019-08-30,101.52999877929688,101.93000030517578,97.91000366210938,98.25,3975300.0,0.03952084245639775,0.022623242023061433,94.81449928283692,102.76699966430664,99.09814975738526,69.8305152932792,-0.7692113711354551,-1.9704751214756515,100.17256667993696,99.79229410811625,80.40491525189985,77.84050220295403,100.49296309156986,89.13603547410398,27231000.0,0
2019-09-03,101.98999786376952,102.1500015258789,99.87999725341795,101.19000244140624,2110800.0,0.004530671624182414,0.022499489214497098,95.27099914550782,102.56299957275391,99.17339973449707,65.78385956953373,-0.3328887519487722,-1.6429578475702757,100.24383849106766,99.81416180717748,81.42031472668373,72.50770811915736,101.70550138627411,88.83649690474152,29341800.0,0
2019-09-04,105.0,105.18000030517578,102.51000213623048,102.86000061035156,2570500.0,0.029512718886914868,0.020808749937625735,95.88499908447265,102.40879959106445,99.27084972381591,73.66948070028032,0.25286718850304624,-1.2637928403556113,100.43035462867286,99.86576218720558,98.59812889751123,86.8077862920316,103.52518838185061,88.2448097870947,31912300.0,0
2019-09-05,107.62999725341795,108.29000091552734,106.19000244140624,106.43000030517578,2448500.0,0.025047592889694714,0.02112943362771675,96.64749908447266,102.38239959716798,99.38139972686767,76.25952119238715,0.9187114562122645,-0.8272919810420363,100.71269355513346,99.94301825751616,95.56747018694826,91.86197127038106,105.72379740861263,87.57120076033269,34360800.0,0
2019-09-06,109.62000274658205,109.72000122070312,107.16999816894533,107.68000030517578,2531200.0,0.018489320300534517,0.02110561089550517,97.4824993133545,102.39339965820312,99.50849975585938,77.42159027014003,1.5886615462515437,-0.3441012755833203,101.06199979793536,100.03930666039244,99.38386658387005,97.84982188944316,108.06300013793756,86.90199848877143,36892000.0,0
2019-09-09,108.9000015258789,110.72000122070312,107.70999908447266,109.87000274658205,2687100.0,-0.006568155470380921,0.021352915017403367,98.42299957275391,102.40859970092774,99.63284976959228,73.3113171321652,2.0380108180353176,0.13232114314040727,101.36937241471746,100.12747277845699,89.4370322679489,94.7961230129224,109.5657827537844,87.28021639172341,34204900.0,0
2019-09-10,109.93000030517578,110.0199966430664,106.80999755859376,108.5500030517578,1826200.0,0.00945820720720647,0.01947067394197518,99.3694995880127,102.45939971923828,99.77489978790283,81.7120719597453,2.4490050410800563,0.5956579227283372,101.70508331238248,100.22501036578753,95.12345251668694,94.64811712283529,111.05989671299093,87.67910246303447,36031100.0,0
2019-09-11,111.36000061035156,112.6500015258789,110.41999816894533,111.0199966430664,3242900.0,0.013008280735067546,0.019483981179153186,100.20749969482422,102.4847998046875,99.9210498046875,80.95624658408289,2.857174271045608,1.0479611923917913,102.08370752014598,100.33580628861901,92.88471832266144,92.4817343690991,112.82444459798435,87.59055479166409,39274000.0,0
2019-09-12,111.94000244140624,112.91000366210938,111.01000213623048,111.83000183105467,1549900.0,0.005208349747447549,0.018268171376460297,101.14599990844727,102.54199981689453,100.06569980621337,80.52218200076072,3.1906725400651936,1.4765034619264719,102.47022888960717,100.4512709269552,94.72538961133242,94.24452015022693,114.33809649555454,87.95390332134,40823900.0,0
2019-09-13,112.86000061035156,113.12000274658205,111.51000213623048,111.88999938964844,1801600.0,0.008218672046455433,0.01747099014595425,102.13199996948242,102.60419982910156,100.21424980163575,88.47825423530911,3.4889895843688805,1.8790006864149538,102.87767091787165,100.57474087405369,98.60213951122661,95.40408248174015,115.74566999136177,88.51832994760308,42625500.0,1
2019-09-16,109.55999755859376,112.13999938964844,109.51000213623048,112.0999984741211,1746600.0,-0.02923979296394863,0.019311342097125064,102.92449989318848,102.60259979248048,100.3529497909546,76.74871568897241,3.419705092621925,2.187141567656348,103.139722942998,100.66414641320335,79.35032451468838,90.89261787908247,116.31743582502003,89.53156396135694,40878900.0,0
2019-09-17,111.04000091552734,111.0999984741211,109.25,109.73999786376952,1220900.0,0.013508610714800806,0.019343820461436168,103.66650009155273,102.6181997680664,100.4915497970581,77.28139637383964,3.4445143188135035,2.438616117887779,103.44953776545015,100.76738874655982,87.6484480936258,88.53363737318027,117.13492017044159,90.19808001266388,42099800.0,0
2019-09-18,112.26000213623048,112.2699966430664,110.37999725341795,111.36000061035156,1728000.0,0.010987042603063824,0.018901324525535432,104.59800033569336,102.63359985351562,100.61069980621338,75.77360963987168,3.5220200570104083,2.655296905712305,103.79504617214742,100.88174310864609,94.76885351193415,87.25587537341612,117.71612878313539,91.47987188825132,43827800.0,0
2019-09-19,111.73999786376952,112.91999816894533,111.68000030517578,112.45999908447266,1565100.0,-0.004632142014659224,0.017458995880673383,105.3810001373291,102.63459976196289,100.73554981231689,80.38874620631506,3.50112512295685,2.824462549161214,104.1066129051522,100.98978544451798,90.92698904747914,91.11476355101303,118.22496413198294,92.53703614267525,42262700.0,0
2019-09-20,111.06999969482422,113.66999816894533,111.04000091552734,111.95999908447266,2548600.0,-0.005996046015341316,0.017250435429166815,106.07400016784668,102.63659973144532,100.85754981994629,73.89778071163543,3.3914084389482326,2.937851727118618,104.37968689690405,101.0900860838245,81.1457701123606,88.94720422392463,118.55210460907351,93.59589572661984,39714100.0,0
2019-09-23,113.41999816894533,113.94000244140624,111.0999984741211,111.0999984741211,1922900.0,0.021157814716646905,0.01749832476845892,106.98699989318848,102.6563996887207,100.99339981079102,76.15559066665503,3.4542638105072996,3.041134143796355,104.73420890757234,101.21277177621377,95.45053142102333,89.17443019362103,118.7546332603591,95.21936652601786,41637000.0,0
2019-09-24,113.37000274658205,114.51000213623048,111.81999969482422,113.66999816894533,1693000.0,-0.00044079900520554993,0.01635330998561789,107.86199989318848,102.68879974365234,101.12899982452393,72.15457818026285,3.460156403414828,3.12493859572005,105.0728674894943,101.33373924855574,86.29808375644996,87.63146176327795,118.71614561024276,97.0078541761342,39944000.0,0
2019-09-25,112.9499969482422,114.16000366210938,111.8499984741211,113.37000274658205,1346300.0,-0.003704734834299117,0.01656886370981216,108.67199974060058,102.7013996887207,101.2767998123169,65.94722641121943,3.3918363894045456,3.1783181544569494,105.38177452709226,101.44932390228398,79.74020440820209,87.1629398618918,118.39336474951227,98.9506347316889,38597700.0,0
2019-09-26,112.45999908447266,113.58000183105467,111.33000183105467,113.51000213623048,1384700.0,-0.004338183948726315,0.01678066774813415,109.31499977111817,102.70559967041015,101.41999980926514,59.35439675042236,3.260567758076945,3.1947680751809484,105.65935196071503,101.55888285932069,73.37659957097048,79.80496257854084,118.1726720926423,100.45732744959403,37213000.0,0
2019-09-27,114.3000030517578,114.41999816894533,112.5999984741211,113.29000091552734,1840200.0,0.016361408343094963,0.016148442821701327,110.1465000152588,102.78919967651368,101.56744983673096,66.56441100410717,3.2673454402324467,3.2092835481912485,105.99820102310886,101.68566017466833,97.27274078404331,83.46318158773863,117.37354785560882,102.91945217490877,39053200.0,0
2019-09-30,114.16000366210938,115.79000091552734,113.86000061035156,114.45999908447266,2011800.0,-0.0012248415215266872,0.015136872339059734,110.77800025939942,102.90839981079101,101.71534984588624,63.7248548262445,3.224252841718709,3.2122774068967406,106.31827171483438,101.8097829954389,75.0764980850689,81.9086128133609,116.96766591007234,104.5883346087265,37041400.0,0
2019-10-01,113.25,115.08999633789062,113.0,115.08999633789062,1658100.0,-0.007971300218269084,0.01359281642621305,111.34100036621093,103.02239974975586,101.85634983062744,56.34653300978037,3.0811543274816273,3.186052791013718,106.59010419660558,101.92361600045942,61.162070948692914,77.83710327260171,116.03195983097672,106.65004090144515,35383300.0,0
2019-10-02,113.06999969482422,113.37000274658205,111.01000213623048,112.25,2456400.0,-0.001589406668218829,0.013675569472950578,111.74450035095215,103.17399978637695,101.9923998260498,53.8992278470016,2.9195682383931683,3.1327558804896083,106.84421774555533,102.03452529095061,58.409773089706036,64.88278070782262,115.41656091133153,108.07243979057277,32926900.0,0
2019-10-03,112.91999816894533,113.13999938964844,110.6500015258789,112.7699966430664,1934300.0,-0.001326625331951381,0.012520043818654488,112.00900039672851,103.30759979248047,102.13194980621338,50.218649732248664,2.747732084041317,3.05575112119995,107.0824836445118,102.14283845391574,56.116172097651784,58.56267204535024,115.15802164824444,108.85997914521258,30992600.0,0
2019-10-04,115.7300033569336,116.58999633789062,113.1500015258789,113.20999908447266,2595600.0,0.024884920594703486,0.012506116309151783,112.31450042724609,103.49119979858398,102.28129981994628,73.31820527828795,2.80594939025427,3.005790775010814,107.42160206460677,102.27803412459254,88.28346852821214,67.60313790518998,115.66662586097493,108.96237499351724,33588200.0,0
2019-10-07,112.16000366210938,115.66000366210938,111.83000183105467,115.12999725341795,1740900.0,-0.030847659131346017,0.014090344993439573,112.47750053405761,103.61239990234375,102.41094982147217,53.65535787652047,2.5347983081815215,2.911592281644956,107.60742173509708,102.37636217969221,28.663553480098006,57.68773136865398,115.42290638377946,109.53209468433576,31847300.0,0
2019-10-08,112.4800033569336,114.0999984741211,110.80999755859376,111.11000061035156,1731600.0,0.0028530642330242273,0.013980656534769645,112.60500068664551,103.78520004272461,102.5544998550415,50.76283292593881,2.318998452490206,2.7930735158140063,107.79850336732596,102.47689592274935,30.808138541705468,49.251720183338534,115.29585644028522,109.9141449330058,33578900.0,0
2019-10-09,112.98999786376952,114.69000244140624,112.91999816894533,113.16000366210938,1536200.0,0.004534090430434512,0.013883844219609243,112.6865005493164,104.01520004272462,102.70214984893799,54.337264685389485,2.164180481169197,2.6672949088850446,108.00209138679433,102.58150390226199,39.39391214885786,32.95520139022044,115.31663764187581,110.056363456757,35115100.0,0
2019-10-10,113.91000366210938,114.02999877929688,112.3000030517578,113.25,1107000.0,0.008142364950294967,0.0137200717857662,112.78500061035156,104.2584001159668,102.85494987487793,59.68622707995819,2.091612100301873,2.5521583471684104,108.23377422112041,102.69422529290723,54.88223877970682,41.694763156756714,115.44481285336073,110.12518836734239,36222100.0,0
2019-10-11,115.19000244140624,116.58999633789062,114.8000030517578,115.0,2200000.0,0.011236930367360065,0.013871059841999819,112.9015007019043,104.6084001159668,102.99079990386963,56.51215144251004,2.113028660645412,2.464332409863811,108.50656748466105,102.81856138393708,76.4310585986817,56.90240317574878,115.7709887886188,110.0320126151898,38422100.0,0
2019-10-14,115.0199966430664,115.9800033569336,114.93000030517578,115.3499984741211,1154000.0,-0.0014758728599412185,0.013795851401216088,113.17450065612793,104.97139999389648,103.12924987792968,56.017473567056186,2.0921662022362426,2.3898991683382973,108.76199607910833,102.93996869994832,73.56900562186684,68.2941010000851,115.7268214256435,110.62217988661237,37268100.0,0
2019-10-15,116.51000213623048,116.62999725341795,115.0,115.0,1241200.0,0.012954316959231882,0.012146356592147009,113.44800071716308,105.44440002441407,103.27314987182618,62.04330165435801,2.17083945846737,2.346087226364112,109.06583945389744,103.07499390826955,97.99339125553433,82.66448515869428,116.20162250590435,110.69437892842181,38509300.0,0
2019-10-16,116.9000015258789,116.98999786376952,115.8000030517578,116.66000366210938,1639300.0,0.003347346858619149,0.011906979447082276,113.68000068664551,105.92800003051758,103.40604988098144,65.12260022659483,2.2388502007461284,2.3246398212405155,109.37306149593594,103.21255617312138,98.5804985824242,90.04763181994178,116.77311854056356,110.58688283272747,40148600.0,0
2019-10-17,117.37000274658205,117.62000274658205,116.70999908447266,117.2699966430664,1106100.0,0.0040205407576414665,0.011755355022380204,113.96150093078613,106.42780014038085,103.53689990997314,61.53266333098526,2.30411398280701,2.3205346535538145,109.68666703517698,103.3534262882802,96.41320005429237,97.66236329741696,117.32422859170356,110.5987732698687,41254700.0,0
2019-10-18,116.9800033569336,118.04000091552734,116.86000061035156,117.1999969482422,1348700.0,-0.003322819975479674,0.011720795514972529,114.2570011138916,106.90900024414063,103.66799991607667,60.39821328401618,2.2978778039618675,2.316003283635425,109.97268022426549,103.4890141198091,85.65632413882815,93.55000759184823,117.58841057100237,110.92559165678084,39906000.0,0
2019-10-21,116.69000244140624,117.51000213623048,115.9499969482422,117.26000213623048,1346200.0,-0.0024790640041486567,0.011621783863967183,114.42050132751464,107.44100036621094,103.78699993133544,63.29210871695453,2.2436712910472636,2.301536885117793,110.23610462493767,103.62036723743694,81.73208950447112,87.93387123253054,117.89677118999192,110.94423146503736,38559800.0,0
2019-10-22,118.44000244140624,119.70999908447266,117.44000244140624,117.4499969482422,2008200.0,0.014997000286110396,0.011194991214261138,114.67400131225585,107.98980041503906,103.88939994812011,68.50446694993364,2.315234036871459,2.304276315468526,110.55782610793644,103.76782629419286,85.98237323075458,84.45692895801794,118.54477560812474,110.80322701638697,40568000.0,0
2019-10-23,116.62999725341795,118.0999984741211,115.51000213623048,117.86000061035156,1358000.0,-0.015282042812213792,0.011816237648829251,114.85800132751464,108.430400390625,103.9795499420166,61.471843701888666,2.200529403511041,2.283526933077029,110.79595046658278,103.89580809478217,65.39324378654479,77.70256884059016,118.73357541192443,110.98242724310485,39210000.0,0
2019-10-24,115.5999984741211,116.73999786376952,115.0,116.23999786376952,1091100.0,-0.008831336736284445,0.011979190760851357,115.01500129699707,108.87900039672851,104.07169994354248,49.54828092260971,2.0034186980738014,2.2275052860763838,110.98434450609409,104.01226770054674,53.82022577860522,68.39861426530153,118.73274025324723,111.29726234074691,38118900.0,0
2019-10-25,114.5500030517578,116.1999969482422,114.0199966430664,115.20999908447266,1439200.0,-0.009083005503657926,0.012132116684606504,115.02750129699707,109.30720046997071,104.16239994049073,60.06738542741919,1.74239593279259,2.1304834154196253,111.12417425298287,104.11712078861851,42.02252642641768,53.745331997189226,118.73678963489114,111.31821295910301,36679700.0,0
2019-10-28,113.41999816894533,115.4000015258789,113.37000274658205,114.91999816894533,1695100.0,-0.009864730272437394,0.011811708715864296,114.99050102233886,109.70140045166016,104.24309993743897,53.70659959867515,1.4278917136978464,1.9899650750752695,111.21420656341277,104.20968673270137,15.114652048972651,36.98580141799851,118.75063899932687,111.23036304535086,34984600.0,0
2019-10-29,112.58000183105467,114.33999633789062,112.54000091552734,113.7300033569336,1150400.0,-0.0074060690482417035,0.011912460227441414,114.95700111389161,110.02900054931641,104.31984992980956,48.424306362296655,1.0982047491201286,1.8116130098842413,111.26776716214383,104.29297345009793,3.778663012243067,20.305280495877792,118.7935907808125,111.12041144697072,33834200.0,0
2019-10-30,112.05999755859376,112.66999816894533,110.8000030517578,112.36000061035156,1200900.0,-0.004618975519659951,0.011830862573279666,114.90650100708008,110.39760055541993,104.40039993286133,42.66453697317318,0.7859060201051449,1.6064716119284221,111.29883502082815,104.37025727207302,14.141358786352322,11.011557949189344,118.8720923898475,110.94090962431267,32633300.0,0
2019-10-31,110.4000015258789,112.05999755859376,109.25,111.70999908447266,1812500.0,-0.014813457691241538,0.012240176512271904,114.78050117492675,110.68400054931641,104.48309993743896,31.56275567108952,0.39984999880725525,1.365147289304189,111.2635866484772,104.43025472733478,10.994279412376104,9.63810040365716,119.15128747575642,110.40971487409709,30820800.0,0
2019-11-01,111.73999786376952,112.4000015258789,110.66999816894533,111.13999938964844,1290400.0,0.012137647820380737,0.012573917068658859,114.58100090026855,110.97460052490234,104.56894992828369,38.41808640179309,0.19972205467274762,1.1320622423779008,111.28226944123377,104.50298848988638,23.804952980022666,16.313530392917027,119.12991679229496,110.03208500824213,32111200.0,0
2019-11-04,112.20999908447266,112.88999938964844,111.5199966430664,112.05999755859376,1105900.0,0.004206203952824117,0.011230711372576762,114.58350067138672,111.31560043334962,104.65669990539551,33.63773496387937,0.07814359690638639,0.921278513283598,111.31865099587058,104.57967516246933,28.298272882897535,21.032501758432094,119.1268663846621,110.04013495811134,33217100.0,0
2019-11-05,113.27999877929688,114.06999969482422,111.81999969482422,111.83999633789062,1260600.0,0.009535689364177813,0.00921438111327257,114.62350044250488,111.66380035400391,104.74444988250733,36.90302884761363,0.06735539514485822,0.7504938896558501,111.39556659522063,104.66624554671638,38.527716367386745,30.210314076768977,119.10252133219119,110.14447955281857,34477700.0,0
2019-11-06,112.79000091552734,113.38999938964844,112.29000091552734,113.08000183105467,830100.0,-0.004325546160396709,0.009256317360182278,114.61350059509277,111.98460037231445,104.83619987487793,33.45374623215854,0.019047368790026553,0.6042045854826854,111.45025029405619,104.74707893347073,33.8432239519246,33.55640440073629,119.1087407331756,110.11826045700995,33647600.0,0
2019-11-07,112.47000122070312,114.83000183105467,112.4000015258789,113.37000274658205,1265100.0,-0.002837128222597296,0.009222325923721431,114.54150047302247,112.2420004272461,104.92574989318848,33.623808149214824,-0.044544905220845976,0.47445468734197915,111.49024052647371,104.82392393135365,30.783953179145637,34.384964499485655,119.12935915946467,109.95364178658026,32382500.0,0
2019-11-08,110.3499984741211,112.8499984741211,109.98999786376952,112.30999755859376,1297800.0,-0.01884949518602641,0.009863232471450722,114.2995002746582,112.49560043334961,104.99289989471436,29.67947247622297,-0.26297730589435275,0.3269682886947128,111.44552515187165,104.8789097476996,10.516238722754634,25.047805284608287,119.24034991575722,109.35865063355918,31084700.0,0
2019-11-11,108.93000030517578,109.83000183105467,107.91000366210938,109.79000091552734,1450900.0,-0.012868130390398913,0.00971266123228865,113.99500045776367,112.64360046386719,105.05944988250732,18.860496964979234,-0.5443931169829739,0.15269600755917545,111.34687711866789,104.91921910648045,10.009785695514378,17.10332586580488,119.47059202342764,108.51940889209969,29633800.0,0
2019-11-12,107.69000244140624,109.0,107.5999984741211,108.5,1695100.0,-0.011383437623203818,0.009893640082958616,113.55400047302246,112.75760055541993,105.11689990997314,19.59183228606409,-0.857588888398908,-0.04936097163244124,111.20347026857921,104.94678908991256,0.9847261848515737,7.17025020104019,119.57069892131669,107.53730202472822,27938700.0,0
2019-11-13,108.4000015258789,108.45999908447266,106.22000122070312,107.69000244140624,1574900.0,0.006592989770419777,0.009466177465310305,113.12900047302246,112.8256005859375,105.1786999130249,24.965222032518895,-1.0365589944403695,-0.2468005761940269,111.09353031788508,104.9811494126585,21.84369978396111,10.946070554775682,119.3479632928865,106.91003765315841,29513600.0,0
2019-11-14,108.75,109.33000183105467,107.4499969482422,108.81999969482422,1311700.0,0.003228768165999929,0.009461993970823075,112.69800033569337,112.84800064086915,105.23829990386963,28.80114708677445,-1.1370449941789644,-0.4248494597910144,111.0016271681641,105.01865041352758,27.559898640421995,16.79610820307822,118.87406518104395,106.52193549034278,30825300.0,0
2019-11-15,108.8499984741211,109.4499969482422,107.76000213623048,109.37000274658205,1223200.0,0.0009195261988146353,0.009364208254281655,112.29150009155273,112.83260055541992,105.2990998840332,31.936740489934323,-1.1948384775863872,-0.578847263350089,110.91724957231929,105.05677327980216,30.545842822078328,26.649813748820474,118.34998105644652,106.23301912665895,32048500.0,0
2019-11-18,109.05999755859376,109.5,108.29000091552734,108.54000091552734,1428500.0,0.00192925206629746,0.009440136777674506,111.90999984741211,112.83580047607421,105.35169986724854,35.35770594940999,-1.2097498156532254,-0.7050277738107162,110.84441616001634,105.09660635720307,32.98485640612146,30.36353262287392,117.75959897146681,106.0604007233574,33477000.0,0
2019-11-19,106.87999725341795,109.27999877929688,106.58999633789062,108.77999877929688,1261500.0,-0.019989000128159518,0.01011413325461747,111.33199958801269,112.77480041503907,105.39559986114502,31.067229651161185,-1.3815493234899634,-0.8403320837465657,110.68894875191444,105.11435154025,7.665458605442326,23.73205261121403,116.7320561823238,105.93194299370158,32215500.0,0
2019-11-20,107.26000213623048,108.3499984741211,106.41999816894533,107.25,1339700.0,0.003555434997921214,0.009308704866471328,110.86349983215332,112.69280044555664,105.44294986724853,37.33870590638498,-1.4700921458329645,-0.9662840961638455,110.55448025718174,105.13570129742394,12.078987709675603,17.57643424041312,115.94464033535881,105.78235932894783,33555200.0,0
2019-11-21,108.0,109.48999786376952,107.0,107.31999969482422,1540900.0,0.00689910357105572,0.009302663019707997,110.48349990844727,112.61400039672851,105.49149986267089,34.15254527691823,-1.4636789474724026,-1.065763066425557,110.45430456082167,105.1642017820267,20.673619664519364,13.472688659879092,115.19658717301499,105.77041264387955,35096100.0,0
2019-11-22,109.04000091552734,110.16000366210938,108.02999877929688,108.5500030517578,2030700.0,0.009629638106734673,0.009650609921507519,110.20799980163574,112.53760040283203,105.54844985961914,37.186744461439865,-1.359011223900282,-1.1244126979205022,110.39884167277091,105.20276694753416,32.7526073741948,21.835071582796584,114.54976503268216,105.86623457058931,37126800.0,0
2019-11-25,112.38999938964844,113.3499984741211,109.75,109.83000183105467,3367900.0,0.030722656327894837,0.011971291296442144,110.1564998626709,112.59420043945312,105.62239986419678,46.96245815548766,-0.9942829442611867,-1.098386747188639,110.47692628911905,105.27428169820197,71.66083311919057,41.69568671930157,114.36008327368577,105.95291645165602,40494700.0,0
2019-11-26,95.26000213623048,98.9800033569336,92.6500015258789,95.76000213623048,23908100.0,-0.15241567173632087,0.03520857485645724,109.29049987792969,112.27860046386719,105.60829986572266,21.987851484989264,-2.063691817246678,-1.2914477612002468,109.88018416547636,105.17463712544604,11.76736057006512,38.726933687816825,117.03600726636026,101.54499248949912,16586600.0,1
2019-11-27,93.02999877929688,94.5999984741211,92.8499984741211,94.5,7354000.0,-0.023409650503098844,0.03537636788104328,108.33899993896485,111.89400039672852,105.58064987182617,20.72288519828392,-3.055921922079051,-1.6443425933760079,109.21939258170462,105.05379495284754,1.8357357943970014,28.42130982788422,118.8380519086332,97.83994796929649,9232600.0,0
2019-11-29,91.45999908447266,93.0500030517578,91.1999969482422,92.76000213623048,3004800.0,-0.016876273410997955,0.035412167726517396,107.39199981689453,111.48840042114257,105.54529987335205,21.071971024652484,-3.923727000699188,-2.100219474840644,108.52294577789161,104.91853330241597,1.173824461938216,4.92564027546677,120.2581913028185,94.52580833097055,6227800.0,0
2019-12-02,89.47000122070312,91.58999633789062,89.08999633789062,91.5,8044500.0,-0.021758122498247157,0.03550175975475224,106.27849998474122,111.05640045166015,105.49839988708496,20.710411139928752,-4.717662695295445,-2.6237081189316047,107.77577148153128,104.7648165652845,1.566384374900741,1.5253148770786433,121.24375803246696,91.31324193701548,-1816700.0,1
2019-12-03,88.6500015258789,90.08000183105467,88.26000213623047,88.54000091552734,3441600.0,-0.009165079732160297,0.035161215750816766,105.10050010681152,110.56100051879883,105.44639987945557,20.975604309771214,-5.3513426288791095,-3.1692350209211058,107.02574128719198,104.60447014698197,1.5544019393078383,1.4315369253822556,121.71775560990886,88.48324460371418,-5258300.0,0
2019-12-04,89.26000213623047,90.0999984741211,88.68000030517578,89.36000061035156,3945900.0,0.0068809994343146386,0.03522125013777604,103.89950027465821,110.07880050659179,105.3967498779297,20.73394315610588,-5.738170532383791,-3.683022123213643,106.32904563421309,104.45178887324315,3.9856522357869437,2.368812849998498,121.47221700227732,86.3267835470391,-1312400.0,1
2019-12-05,90.8000030517578,91.58999633789062,89.44000244140625,89.94999694824219,4687700.0,0.017252978698980348,0.03547668436035227,102.80000038146973,109.63580062866211,105.36014987945556,23.517265754621206,-5.852999494490604,-4.117017597469036,105.72006357215602,104.31595020835275,10.123560327872385,5.221204834322379,120.77764496809004,84.82235579484941,3375300.0,0
2019-12-06,92.23999786376952,92.58999633789062,91.16999816894533,91.43000030517578,3195200.0,0.01585897316755469,0.035903907438878654,101.78850021362305,109.23140060424805,105.33579986572266,26.426337461392848,-5.761392975587711,-4.4458926730927715,105.19143354437615,104.19579147855589,15.862878869888492,9.990697144515929,119.75174739015996,83.82525303708614,6570500.0,0
2019-12-09,93.1999969482422,93.41999816894533,91.87000274658205,92.0999984741211,3011300.0,0.010407622579203801,0.036130632100694365,100.93100013732911,108.80940048217774,105.31539985656738,27.959974300091005,-5.547383462864403,-4.666190831047098,104.72118112884148,104.08638058770701,19.689101367270467,15.22518018834377,118.81058974526226,83.05141052939595,9581800.0,0
2019-12-10,91.5500030517578,94.26000213623048,91.18000030517578,93.04000091552734,2656900.0,-0.01770379775227582,0.036114656951704086,100.0620002746582,108.3572004699707,105.29069988250733,28.377998842569966,-5.448117591785177,-4.822576183194714,104.20466434150487,103.96164051272245,13.112799504712592,16.221593247290507,117.9940038848541,82.12999666446231,6924900.0,0
2019-12-11,91.5,91.68000030517578,89.87999725341797,91.51000213623048,2259200.0,-0.0005461829611248525,0.03613470030879142,99.25250015258788,107.9222004699707,105.269349899292,27.562631333925808,-5.31224722293986,-4.920510391143743,103.70644221046547,103.8376440897103,12.913504729677953,15.238468533886994,117.19633182522722,81.30866847994855,4665700.0,0
2019-12-12,92.5500030517578,93.0,91.25,91.45999908447266,2861700.0,0.011475443188609713,0.0363582898758676,98.46000022888184,107.51180053710938,105.25044990539551,28.196443491218545,-5.061496722160825,-4.9487076573471604,103.26893479247694,103.72532925351176,17.098451740499538,14.374918658296686,116.10023990464266,80.81976055312101,7527400.0,0
2019-12-13,93.58999633789062,93.91999816894533,91.91999816894533,92.38999938964844,3749700.0,0.011237096184115947,0.03645590529386913,97.70200004577637,107.12520050048828,105.2365998840332,28.196428029240224,-4.724396475395608,-4.90384542095685,102.8893685785716,103.62448016977424,21.243503306578248,17.08515325891857,114.77421398781964,80.62978610373311,11277100.0,0
2019-12-16,94.22000122070312,94.56999969482422,92.56999969482422,94.0,3068700.0,0.006731540842655592,0.03650955717761338,96.97050018310547,106.69500045776367,105.23134990692138,22.22561462007893,-4.356190519609939,-4.794314440687469,102.54939338806696,103.53090326480836,55.59700005408899,31.312985033722253,113.26762248685779,80.67337787935315,14345800.0,0
2019-12-17,92.04000091552734,94.94000244140624,92.0199966430664,94.4800033569336,3266100.0,-0.02313734108397325,0.03665500654621588,96.11950035095215,106.29260040283204,105.2141999053955,40.93467844411852,-4.191970031363283,-4.673845558822632,102.13726034992816,103.4165659279996,56.58680548813858,44.47576961626859,111.51089774327963,80.72810295862467,11079700.0,0
2019-12-18,91.83000183105467,92.37999725341795,91.13999938964844,92.27999877929688,2366500.0,-0.00228160671864186,0.03661372944933113,95.36700057983398,105.87960037231446,105.17159992218018,46.18806323773476,-4.032287581140892,-4.5455339632862835,101.73305413350174,103.30127673300512,53.44310676240709,55.20897076821154,109.99601411548082,80.73798704418715,8713200.0,0
2019-12-19,92.0999984741211,92.63999938964844,91.5199966430664,91.87000274658205,2245500.0,0.002940179001228227,0.036563228231283114,94.60900039672852,105.46180038452148,105.11629989624024,52.21606633563659,-3.8396900593700423,-4.404365182503035,101.35528724489858,103.18982122794161,57.48497249192244,55.83829491415602,108.17580746832934,81.0421933251277,10958700.0,0
2019-12-20,94.05999755859376,94.12000274658205,92.0999984741211,92.5199966430664,3744800.0,0.02128120648148979,0.037005669426282924,93.9120002746582,105.06480026245117,105.07459987640381,65.9264400824674,-3.4886842101116287,-4.221228988024754,101.06919745327878,103.09897721133119,86.8262748112357,65.91811802185508,105.92552824063162,81.89847230868477,14703500.0,1
2019-12-23,92.44000244140624,94.5,92.3000030517578,94.11000061035156,2413900.0,-0.01722299765294344,0.03697518068225946,93.08200035095214,104.60980026245117,105.01759990692139,62.458924871200416,-3.303152922062452,-4.037613774832294,100.73079764889162,102.99291776088418,60.06391139180331,68.12505289832048,102.76188110448842,83.40211959741586,12289600.0,0
2019-12-24,93.2300033569336,93.38999938964844,92.45999908447266,92.76000213623048,952900.0,0.008546093624652418,0.036952044730140396,92.1240005493164,104.17400039672852,104.97149993896484,62.89800297045989,-3.057130866402801,-3.8415171931463954,100.43664885312857,102.8957743339792,68.9091075550428,71.9330979193606,95.49393697775129,88.75406412088152,13242500.0,0
2019-12-26,92.08000183105467,93.3000030517578,91.83999633789062,93.3000030517578,1615100.0,-0.012335101195653841,0.035951433043285005,91.96500053405762,103.685400390625,104.91909996032715,54.26666693793426,-2.9212774588603168,-3.6574692462891796,100.10893720520411,102.78815470708443,43.47830675864133,57.483775235162476,94.99485373920675,88.9351473289085,11627400.0,0
2019-12-27,92.83999633789062,92.95999908447266,91.94000244140624,92.11000061035156,2768300.0,0.008253632620798257,0.01462469548113297,91.9555004119873,103.20420028686523,104.8800499343872,52.09496901620664,-2.7209223503103885,-3.4701598670934217,99.8238807006036,102.6891680566447,58.497945644389326,56.96178665269114,94.97245743453588,88.93854338943872,14395700.0,0
2019-12-30,93.48999786376952,94.01000213623048,92.33999633789062,92.80999755859376,3409500.0,0.007001309258061639,0.013789249587790054,92.05700035095215,102.72660018920898,104.8481999206543,51.034979254671065,-2.4810893389796718,-3.272345761470672,99.57549313837481,102.59763402487481,71.34381243167846,57.773354944903026,95.13964299962774,88.97435770227656,17805200.0,0
2019-12-31,94.0500030517578,94.37999725341795,93.37999725341795,93.66999816894533,1873500.0,0.005990001078022278,0.013255459624267949,92.28600044250489,102.26800018310547,104.8132999420166,59.67492397177354,-2.2202386816134663,-3.061924345499231,99.35880725262513,102.51258297041593,82.41109728975833,70.75095178860869,95.23712624014806,89.33487464486171,19678700.0,0
2020-01-02,93.77999877929688,94.69000244140624,93.3000030517578,94.69000244140624,2191500.0,-0.0028708587315232625,0.01220357890036563,92.54250030517578,101.80980010986327,104.77564994812012,58.6757948447586,-2.0121054455073306,-2.851960565500851,99.14003044974952,102.42569158542968,69.47361235479092,74.40950735874256,95.01611393355218,90.06888667679938,17487200.0,0
2020-01-03,93.02999877929688,93.58000183105467,92.5,93.01000213623048,2102600.0,-0.007997440923038002,0.01215121057100092,92.7310001373291,101.3016000366211,104.73404994964599,51.86914277429587,-1.885937178523804,-2.658755888105442,98.90042136463373,102.33220210477164,49.73678610005761,67.20716524820227,94.66770094652034,90.79429932813787,15384600.0,0
2020-01-06,93.02999877929688,93.05999755859376,90.87999725341795,91.58999633789062,3431600.0,0.0,0.012116200043524943,92.84249992370606,100.82960006713867,104.69214992523193,47.6271296026897,-1.7655952351204718,-2.480123757508448,98.67020871422837,102.23964286770224,52.955634939576,57.388677798141494,94.55489154220194,91.13010830521017,15384600.0,0
2020-01-07,91.93000030517578,93.38999938964844,91.7699966430664,92.61000061035156,2969000.0,-0.011824126502793075,0.011951312353365728,92.82700004577637,100.35620010375976,104.64464992523193,40.668290374711,-1.7389386593341385,-2.331886737873586,98.40588681583415,102.13705935961741,25.862111084594442,42.851510708076006,94.56773164690061,91.08626844465213,12415600.0,0
2020-01-08,89.79000091552734,91.9499969482422,89.79000091552734,91.9499969482422,5911500.0,-0.023278574812840014,0.012501146936510714,92.65650024414063,99.86100006103516,104.5837999343872,40.80130504488437,-1.8689491149796567,-2.2392992132948004,98.06800893739076,102.01420305669114,0.0,26.272582008056805,94.85199943397625,90.46100105430502,6504100.0,0
2020-01-09,91.05999755859376,91.16000366210938,89.12000274658203,89.2699966430664,4131400.0,0.014144076513165516,0.012699724628652102,92.63199996948242,99.41380004882812,104.53024993896484,47.10306748888899,-1.8482003196427286,-2.1610794345643862,97.79318496175166,101.90520598705834,34.82935221368915,20.23048776609452,94.8895491207218,90.37445081824305,10635500.0,0
2020-01-10,91.3499984741211,91.9800033569336,90.63999938964844,91.36000061035156,2682400.0,0.0031847235152924203,0.012133767110939091,92.62449989318847,98.98919998168945,104.46589992523194,47.182568979827685,-1.7877480528877783,-2.086413158229065,97.54051098184459,101.8001790466311,40.035832131395544,24.95506144836155,94.89881819193461,90.35018159444233,13317900.0,0
2020-01-13,90.7699966430664,91.5199966430664,90.45999908447266,90.76000213623048,3509100.0,-0.006349226499647975,0.01221184887108686,92.5354995727539,98.56339996337891,104.40239990234375,36.211228703405844,-1.766279920979997,-2.0223865107792514,97.275000615618,101.69042598788917,29.622872295982248,34.82935221368897,94.95666497607503,90.11433416943278,9808800.0,0
2020-01-14,90.56999969482422,90.7300033569336,88.62000274658203,89.83000183105469,4549100.0,-0.0022033376185814912,0.011912935385403093,92.38449974060059,98.16679992675782,104.33004989624024,41.103699493382244,-1.7452857859150868,-1.9669663658064187,97.01205940303785,101.57977497999798,32.125157269858185,33.92795389907865,94.9034764095921,89.86552307160908,5259700.0,0
2020-01-15,90.75,90.91999816894533,89.86000061035156,90.04000091552734,3945100.0,0.0019874164268773864,0.011606415219395816,92.21099967956543,97.74699996948242,104.26519989013671,37.47473245104665,-1.6945890940876467,-1.9124909114626645,96.76648844605599,101.47201602497313,35.090566070937115,32.27953187892584,94.6750735303413,89.74692582878957,9204800.0,0
2020-01-16,91.08000183105467,91.91999816894533,90.83000183105467,91.16999816894533,2141900.0,0.0036363838132746906,0.011517275245202258,92.16299972534179,97.32440002441406,104.20004989624023,44.493393180935904,-1.609232974718907,-1.851839324113913,96.5434889709579,101.36861289866549,40.52716982128097,35.91429772069208,94.67797468048721,89.64802477019637,11346700.0,0
2020-01-17,91.5500030517578,91.7300033569336,90.87000274658205,91.0,2447300.0,0.005160311937355111,0.010473293279321061,92.14899978637695,96.88980010986329,104.13424991607666,42.662161364575226,-1.4865267100324075,-1.778776801297612,96.34766599373437,101.2709152882485,48.270188673553534,41.2959748552572,94.67487338104709,89.6231261917068,13794000.0,0
2020-01-21,89.5,91.5500030517578,89.44999694824219,91.23999786376952,9623800.0,-0.022392168033012805,0.011538252086897526,92.0189998626709,96.42400009155273,104.05359992980956,30.422012166588672,-1.5369818548195724,-1.7304178120020042,96.07913007241146,101.15379175304206,14.497484310721282,34.43161426851858,94.80928288410333,89.22871684123847,4170200.0,0
2020-01-22,89.87000274658203,90.75,89.69000244140625,89.95999908447266,3153500.0,0.0041341089003579246,0.01156237899021271,91.80950012207032,95.97200012207031,103.97299995422364,29.10001441954465,-1.529480887562869,-1.690230427114177,95.83563488316325,101.0415152455151,20.59308176021583,27.78691824816354,94.58369288460251,89.03530735953812,7323700.0,0
2020-01-23,87.94000244140625,89.55000305175781,87.91000366210938,89.19999694824219,3679600.0,-0.02147546729933958,0.011181988327490056,91.58450012207031,95.52380020141601,103.90049995422363,24.95714192239737,-1.6601342180445755,-1.6842111853002568,95.52600223838847,100.91115193403144,0.5290791708043039,11.873215080580463,94.83280883741855,88.33619140672207,3644100.0,0
2020-01-24,87.70999908447266,88.6500015258789,87.33999633789062,88.0,4061100.0,-0.0026154577046645366,0.01070626127386616,91.30849990844726,95.09940017700195,103.82604995727539,26.122098999892415,-1.761926876176858,-1.6997543234755772,95.21949231078393,100.77979717930945,6.115744792467963,9.079301907829356,94.88915627901707,87.72784353787745,-417000.0,0
2020-01-27,88.4000015258789,88.87999725341797,86.19000244140625,86.7300033569336,2805500.0,0.007866861801488767,0.010672374773791559,91.12449989318847,94.7136001586914,103.75089996337891,30.431134611949133,-1.766557090200493,-1.7131148768205606,94.95206129961119,100.65661513300667,30.694444738788494,12.446422900686912,94.91054776237722,87.33845202399972,2388500.0,0
2020-01-28,86.76000213623047,88.91000366210938,86.63999938964844,88.5199966430664,3821200.0,-0.01855202897443764,0.011039464997698947,90.82050018310547,94.28080017089843,103.66144996643067,29.102692674430457,-1.8808792081658794,-1.7466677430896245,94.63080407751784,100.51834037681985,9.844552758111336,15.551580763122589,94.9841233235949,86.65687704261603,-1432700.0,0
2020-01-29,86.11000061035156,87.4000015258789,86.04000091552734,87.12999725341797,2028400.0,-0.0074919491686765705,0.010784992868797296,90.45150032043458,93.82800018310547,103.56974998474121,33.088253340485835,-2.0008652717910422,-1.7975072488299082,94.29665492194269,100.37497381197937,1.1784455564574963,13.9058143511191,94.91619738096368,85.98680325990547,-3461100.0,0
2020-01-30,87.61000061035156,87.75,85.37000274658203,85.69999694824219,2497000.0,0.017419579484007963,0.011508575326111112,90.12950019836425,93.40320022583008,103.47375,34.47348325655868,-1.9524114438985976,-1.828488087843646,94.03443318423324,100.24795915325672,33.8880129641984,14.970337092922401,94.42724590791227,85.83175448881624,-964100.0,0
2020-01-31,87.06999969482422,87.55000305175781,86.2300033569336,87.41999816894531,2704700.0,-0.006163690352303686,0.011336866461694154,89.79400024414062,92.9634002685547,103.37755001068115,31.162003519187593,-1.9352763361742547,-1.8498457375097677,93.76131814543288,100.11683517854595,25.9541700203023,20.340209513652727,93.93668270665454,85.6513177816267,-3668800.0,0
2020-02-03,87.51000213623047,88.25,87.13999938964844,87.55999755859375,1906000.0,0.005053433363367832,0.01149328478592304,89.5180004119873,92.57600036621093,103.2751000213623,35.472416583369,-1.8646970531877258,-1.8528160006453593,93.51616849801319,99.9913940537468,32.67176924035631,30.83798407495233,93.48470600838198,85.55129481559263,-1762800.0,0
2020-02-04,88.30999755859375,89.54000091552734,87.86000061035156,88.25,1588100.0,0.009141759831269303,0.011743372162618605,89.28200035095215,92.19700027465821,103.17330001831054,40.43993537614091,-1.7243324866343954,-1.8271192978431667,93.31200493176145,99.87516125280001,44.88544834663324,34.503795869097274,92.91666665449081,85.64733404741348,-174700.0,0
2020-02-05,88.70999908447266,89.08000183105469,88.12999725341797,88.83999633789062,1315000.0,0.004529515761944269,0.01183112584895915,89.12100028991699,91.81120025634766,103.0758500289917,41.52824678143269,-1.5628007815822258,-1.7742555945909788,93.13153411422071,99.76406511182164,50.99234613946532,42.84985457548495,92.54070040616593,85.70130017366806,1140300.0,0
2020-02-06,87.94000244140625,88.9800033569336,87.87000274658203,88.9800033569336,1815700.0,-0.008679930684399983,0.011722568247056121,89.02850036621093,91.38920028686523,102.96905002593994,37.41988531465116,-1.4798591405286317,-1.7153763037785095,92.92794463685544,99.64641274694189,40.40879635516507,45.42886361375454,92.47200612472918,85.58499460769269,-675400.0,0
2020-02-07,87.13999938964844,87.88999938964844,86.66000366210938,87.88999938964844,1286500.0,-0.009097146117216126,0.010811247790762974,88.83250045776367,90.88420028686524,102.85370002746582,32.78688817498636,-1.4618297889541623,-1.6646670008136402,92.70096639186694,99.52197082298873,28.64072096540237,40.013954486677584,92.23514222962258,85.42985868590476,-1961900.0,0
2020-02-10,87.18000030517578,87.41999816894531,86.7699966430664,87.18000030517578,1201900.0,0.00045904195326507136,0.010225977758596932,88.6240005493164,90.72260025024414,102.73580001831054,39.2592712946434,-1.427854243445438,-1.6173044493399997,92.48445791787906,99.39916514619458,33.643094472656834,34.230870597741415,91.88522016736972,85.36278093126309,-760000.0,0
2020-02-11,88.19000244140625,88.70999908447266,87.30000305175781,87.30000305175781,1708200.0,0.011585250432380567,0.010597375871403095,88.4950008392334,90.62580032348633,102.62705001831054,42.657347787377496,-1.3043934120974683,-1.5547222418914937,92.31604789919385,99.287631188933,67.46410260622288,43.24930601476069,91.59912764266052,85.39087403580628,948200.0,0
2020-02-12,89.5199966430664,89.62999725341797,88.25,88.48999786376953,1370600.0,0.01508100878604468,0.011137394009639224,88.4425006866455,90.58700027465821,102.51974998474121,57.287793465890495,-1.0867035547881727,-1.4611185044708297,92.20639883032611,99.1904407954418,97.41782271843199,66.1750065991039,91.43227223512882,85.45272913816218,2318800.0,0
2020-02-13,89.2699966430664,89.45999908447266,88.04000091552734,89.20999908447266,1200400.0,-0.0027926721333201288,0.011142375332430359,88.36850051879883,90.58300018310547,102.40969997406006,57.182308797969995,-0.923707757126607,-1.3536363550019852,92.09124580337475,99.0917299083535,91.54927055014095,85.47706529159859,91.18610166581833,85.55089937177932,1118400.0,0
2020-02-14,88.68000030517578,88.94999694824219,88.01000213623047,88.88999938964844,1690300.0,-0.006609122438411719,0.011199219411955775,88.24850044250488,90.58360015869141,102.30484996795654,51.30111023346243,-0.8325431476551017,-1.2494177135326086,91.95747147011204,98.9881306088194,77.69957339809372,88.88888888888887,90.76858625753677,85.72841462747299,-571900.0,0
2020-02-18,91.08000183105467,91.16999816894533,88.9000015258789,88.9000015258789,2078300.0,0.027063616572166493,0.01274789404755616,88.22500038146973,90.62000015258789,102.21299999237061,68.7500041392126,-0.5601770994502715,-1.1115695907161411,91.92306089603136,98.90944276028443,98.44833777723944,89.23239390849136,90.62117672257416,85.82882404036529,1506400.0,0
2020-02-19,91.98999786376952,92.5500030517578,90.5199966430664,91.11000061035156,2154500.0,0.009991172753847755,0.012887032054972736,88.3495002746582,90.64380004882813,102.12884998321533,74.95756227060792,-0.26780883571767333,-0.9428174397164476,91.92568587515835,98.84059256230917,92.20048517846725,89.44946545126679,91.23366639770488,85.46533415161151,3660900.0,0
2020-02-20,93.22000122070312,93.61000061035156,91.8000030517578,91.91000366210938,1979500.0,0.013371055391860676,0.012074755439010664,88.51700019836424,90.6634001159668,102.05184997558594,74.37012722734016,0.0624264972267099,-0.7417686523278162,91.97644333968952,98.78466628030314,94.71545345809156,95.12142547126608,92.08177507956488,84.95222531716361,5640400.0,0
2020-02-21,93.88999938964844,94.08000183105467,92.4000015258789,92.70999908447266,2279000.0,0.007187279126493973,0.01211990152935341,88.81450004577636,90.67720016479493,101.99404998779296,79.2955520729486,0.37389361774313556,-0.5186361983136258,92.0514847534134,98.73596312716231,97.43931956477499,94.78508606711125,93.09732413849555,84.53167595305716,7919400.0,0
2020-02-24,91.04000091552734,92.72000122070312,90.0999984741211,92.33999633789062,2805300.0,-0.03035465430448503,0.01310072342489196,88.98100013732909,90.6670001220703,101.91869998931885,62.56228415039423,0.3863093624601106,-0.3376470861588786,92.01181872055513,98.65938638873807,59.02962714666755,83.72813338984469,93.34124522053222,84.62075505412596,5114100.0,0
2020-02-25,88.66999816894531,92.36000061035156,88.51000213623047,91.62000274658205,2739600.0,-0.02603254308818681,0.014419574954195593,88.9944999694824,90.61040008544921,101.83384998321533,51.152371071983985,0.20257436372229165,-0.2296027961826446,91.88076693421749,98.5599894910287,27.088881440002353,61.18594271714829,93.34883887174999,84.64016106721482,2374500.0,0
2020-02-26,87.75,89.87000274658203,87.66000366210938,89.44999694824219,2372100.0,-0.010375529355401758,0.014510244440313244,89.04399986267089,90.51440002441406,101.7525,47.02602362277304,-0.017076265446533512,-0.1870974900354224,91.7187760740521,98.45242740654085,14.68998122469295,33.60282993712094,93.31305779840909,84.77494192693268,2400.0,0
2020-02-27,85.30000305175781,88.19000244140625,84.80999755859375,86.76000213623047,3271100.0,-0.02792019314236116,0.015227319630873558,89.0034999847412,90.34860015869141,101.68230003356933,42.59259100690071,-0.38441396490641466,-0.22656078500962085,91.46705948494252,98.3215575124634,5.285925213861632,15.688262626185635,93.40312724369095,84.60387272579145,-3268700.0,0
2020-02-28,83.02999877929688,83.73999786376953,80.69000244140625,83.37000274658203,4580400.0,-0.026612006931389653,0.01619480975431476,88.77449989318846,90.12480010986329,101.60370002746582,39.34680652971985,-0.8489163327718074,-0.3510318945620582,91.13619435923094,98.16940269919807,17.47570160234388,12.483869346966145,93.89692685478931,83.65207293158761,-7849100.0,0
2020-03-02,84.55999755859375,84.70999908447266,80.91000366210938,83.2300033569336,3936600.0,0.018427060120328242,0.016255372203494493,88.64899978637695,89.97520004272461,101.52550003051758,43.69585211157719,-1.0811172444857107,-0.4970489645467887,90.87830428861773,98.0339857326249,28.902130646692385,17.221252487632622,94.0620090449051,83.2359905278488,-3912500.0,0
2020-03-03,81.81999969482422,84.75,80.70999908447266,84.0999984741211,3248600.0,-0.03240300310877986,0.017581361365082978,88.36449966430663,89.775,101.43015003204346,35.85071865820191,-1.4692959394399168,-0.6914983595254144,90.52307665748857,97.87265253821893,8.439113554340787,18.27231526779234,94.5697147726788,82.15928455593448,-7161100.0,0
2020-03-04,78.91000366210938,82.48999786376953,78.06999969482422,81.22000122070312,7807300.0,-0.035565827958551344,0.018860963253371922,87.89449996948241,89.51120010375976,101.32275005340576,27.978418526167502,-1.988816868985964,-0.9509620614175244,90.0676620302188,97.6839694648248,5.246744879466547,14.195996360166566,95.40398630672559,80.38501363223924,-14968400.0,0
2020-03-05,77.98999786376953,79.7300033569336,77.51000213623047,78.62999725341797,4237300.0,-0.011658924795888814,0.01864021621856777,87.35849990844726,89.18980010986328,101.21240005493163,27.221322128761784,-2.446575132526519,-1.2500846756393234,89.59402814133844,97.48800954839639,2.89677571743706,5.527544717081455,96.0587967071454,78.65820310974911,-19205700.0,0
2020-03-06,80.23999786376953,80.54000091552734,75.55999755859375,76.0,3879900.0,0.02884985333542689,0.020014586509106588,86.97349967956542,88.94580001831055,101.11475006103515,34.02724635437934,-2.5978492691178303,-1.5196375943350247,89.22720342457103,97.31638754158419,25.26997421990285,11.137831605602143,96.2291944098984,77.71780494923244,-15325800.0,0
2020-03-09,83.51000213623047,84.66000366210938,75.12000274658203,75.44000244140625,5052700.0,0.04075279610566174,0.02228578388378987,86.79199981689452,88.75139999389648,101.03445007324218,36.13045173897913,-2.4259087302495317,-1.7008918215179263,89.00299945247924,97.1790105723767,44.251053769931126,24.13926790242367,96.17543093154974,77.4085687022393,-10273100.0,0
2020-03-10,88.05999755859375,88.94999694824219,84.31999969482422,85.08000183105469,4897100.0,0.054484436665931835,0.025405627771786853,86.83599967956542,88.67099990844727,100.98745006561279,43.64694428322051,-1.900589200517473,-1.7408312973178357,88.96601898605236,97.08827412447836,68.2489210804286,45.923316356754185,96.23533063764037,77.43666872149046,-5376000.0,0
2020-03-11,83.66999816894531,87.79000091552734,83.05999755859375,86.31999969482422,3444800.0,-0.04985236783282221,0.027707889845620982,86.60999946594237,88.48759994506835,100.91370006561279,35.992953831527544,-1.8175543157077243,-1.7561759009958136,88.75833189518542,96.95475894084122,45.09491474271921,52.53162986435964,96.08927299837032,77.13072593351441,-8820800.0,0
2020-03-12,70.3499984741211,81.9000015258789,70.0999984741211,80.12000274658203,6504200.0,-0.15919684458374983,0.04395002847194785,85.6514995574951,88.02479995727539,100.77910007476807,24.818140787962733,-2.7943497028004884,-1.9638106613567485,88.03643646690838,96.69003495609773,1.1052164882596045,38.149684103802464,97.47800043280935,73.82499868218085,-15325000.0,1
2020-03-13,74.69999694824219,74.8499984741211,69.48999786376953,73.2300033569336,5591600.0,0.06183366835070059,0.046385910265185,84.9229995727539,87.63779983520507,100.67600006103515,33.063842567500146,-3.1807923676549734,-2.2072070026163937,87.51343883872539,96.47122860776086,22.780928984590094,22.993686738522957,97.57703348515902,72.26896566034877,-9733400.0,1
2020-03-16,67.0199966430664,74.91000366210938,66.8499984741211,68.56999969482422,5182600.0,-0.10281125326547291,0.05080334296336087,83.83999938964843,87.10259979248048,100.51955005645752,29.785244279556437,-4.059962088194226,-2.5777580197319603,86.70977443889562,96.17818152353506,0.7384801798177032,8.208208550889124,98.66200578257842,69.01799299671843,-14916000.0,1
2020-03-17,76.44999694824219,77.9800033569336,68.0,68.55000305175781,5021600.0,0.14070427898404514,0.06080786826290267,83.1084991455078,86.77099975585938,100.39385005950928,40.8959043697279,-3.9502521629822667,-2.8522568483820216,86.30743022357588,95.9818811795023,43.43891012192878,22.319439762112182,97.86996425444417,68.34703403657144,-9894400.0,1
2020-03-18,65.56999969482422,77.33999633789062,60.20000076293945,73.08999633789062,4355600.0,-0.14231520847259016,0.06720514010351264,81.78749923706054,86.22179977416992,100.21825004577637,36.00510430212793,-4.687199983524948,-3.219245475410607,85.4941976538209,95.6792753935851,18.678259632708958,20.951883311485137,97.87179151642385,65.70320695769723,-14250000.0,1
2020-03-19,70.87000274658203,77.63999938964844,64.26000213623047,65.62999725341797,4218400.0,0.08082969462292322,0.07014659944242291,80.6699993133545,85.80059982299805,100.06915004730224,41.73014377860309,-4.788373103940671,-3.5330710011166198,84.92069981432134,95.43241695928656,37.11305530223751,33.07674168562507,96.51370756172068,64.82629106498831,-10031600.0,1
2020-03-20,75.97000122070312,78.7699966430664,71.31999969482422,72.08000183105469,5334700.0,0.07196272437518791,0.07225359075635422,79.77399940490723,85.52419982910156,99.94755004882812,44.42859207033809,-4.40623395414913,-3.707703591723122,84.56969202633631,95.2387610812907,54.852182783333525,36.88116590609332,94.4539172726458,65.09408153716866,-4696900.0,1
2020-03-23,76.37000274658203,83.76000213623047,73.19000244140625,76.70999908447266,4496200.0,0.005265256278156993,0.07223574181775357,79.04049949645996,85.23039993286133,99.81830005645752,46.354517091476794,-4.024714738383096,-3.771105821055117,84.24813558399302,95.05101224213938,56.24349262317062,49.40291023624721,92.78653361746805,65.29446537545186,-200700.0,1
2020-03-24,79.66000366210938,82.98999786376953,77.02999877929688,82.19999694824219,3509300.0,0.04307975379344331,0.07283566697472306,78.58999977111816,84.99660003662109,99.70340007781982,50.499134800516686,-3.4174877613917687,-3.7003822091224476,84.06820884195837,94.89786787815898,67.68697558686306,59.594216997789054,91.57684694283944,65.60315259939688,3308600.0,1
2020-03-25,76.37000274658203,82.80000305175781,76.12999725341797,79.83000183105469,3022100.0,-0.04130053683505219,0.07314485728681731,78.02099990844727,84.70860015869141,99.56635009765625,48.95484185987903,-3.1652446158549736,-3.5933546904689533,83.76631840684557,94.71351101117811,56.24349262317062,60.05798694440142,90.29569800240212,65.74630181449241,286500.0,1
2020-03-26,78.13999938964844,79.54000091552734,76.05999755859375,76.7699966430664,3506500.0,0.023176595252193177,0.07337543940860142,77.66299972534179,84.4600001525879,99.42440010070801,48.636718666807326,-2.790350742658674,-3.4327539009068975,83.54567844538686,94.5486004477798,62.40000350288769,62.11015723764044,89.45185266412649,65.87414678655709,3793000.0,1
2020-03-27,77.05000305175781,78.79000091552734,75.2300033569336,76.58000183105469,2863400.0,-0.013949274973183878,0.07320008394564521,77.36399993896484,84.18600021362305,99.26940010070801,45.68412609625414,-2.551782877591222,-3.2565596962437624,83.29094607700925,94.37448505080447,58.608711389785284,59.08406917194785,88.8798843764208,65.84811550150887,929600.0,1
2020-03-30,79.8499984741211,80.55999755859375,77.0,77.0,2910500.0,0.03633997808517164,0.07343919659603616,77.12849998474121,83.96140014648438,99.12535007476806,44.38363637103811,-2.1124291276479568,-3.0277335825246015,83.15600695532737,94.22996279631012,71.22144835993598,64.07672108420297,88.20918660318067,66.04781336630175,3840100.0,1
2020-03-31,73.47000122070312,77.62999725341797,72.76000213623047,76.87000274658203,5920600.0,-0.07989977927783787,0.07536785992635336,76.71100006103515,83.59980010986328,98.94115009307862,43.20724642217102,-2.2530784876214938,-2.87280256354398,82.77616359318525,94.02339601446329,56.32427709790932,62.051478949210185,87.67602575901228,65.74597436305802,-2080500.0,1
2020-04-01,72.94000244140625,75.0,70.58000183105469,71.33000183105469,4847000.0,-0.007213812038804335,0.07509130778416472,76.4125,83.26860015869141,98.76520011901856,52.078989054161866,-2.379876851902253,-2.774217421215635,82.39043178331157,93.81361100378611,54.07470685850469,60.54014410544999,87.45027014216109,65.3747298578389,-6927500.0,1
2020-04-02,70.45999908447266,72.94000244140625,68.80999755859375,72.12000274658203,4696700.0,-0.03400059328111227,0.07505781299824982,76.03600006103515,82.88040008544922,98.5701501083374,46.4912292885961,-2.6499342215995227,-2.749360781292413,81.92257167747476,93.58123675583273,43.5483774341564,51.31578713019013,87.35726537702547,64.71473474504484,-11624200.0,1
2020-04-03,70.23999786376953,71.38999938964844,68.43000030517578,70.5199966430664,2416800.0,-0.003122356281034966,0.07502949561347314,75.53600006103515,82.52639999389649,98.37450008392334,53.04003185445602,-2.8488689052463627,-2.769262406083203,81.4644315279177,93.34898562257838,42.61458622923512,46.74589017396539,86.95834679781002,64.11365332426028,-14041000.0,1
2020-04-06,76.27999877929688,76.41000366210938,71.30999755859375,72.4000015258789,3555700.0,0.08599090403222864,0.07721643649608814,75.17449989318848,82.29779998779297,98.20195007324219,49.828527137223546,-2.4904402350102686,-2.7134979718686165,81.2611204397365,93.17914495747111,68.25126094681234,51.471408203401275,85.97496480718053,64.37403497919644,-10485300.0,1
2020-04-07,76.23999786376953,80.12000274658203,75.72000122070312,78.04000091552734,2967600.0,-0.0005243958595630982,0.07666426935783702,74.58349990844727,82.05459991455078,98.022200050354,63.774850691964296,-2.1844299227019945,-2.6076843620352923,81.06421367205152,93.0105962301706,61.43587552584135,57.43390756729627,83.55364122521402,65.61335859168051,-13452900.0,1
2020-04-08,79.22000122070312,80.30000305175781,76.3499984741211,76.62000274658203,2425400.0,0.03908713851564438,0.07617460586381757,74.36100006103516,81.90379989624023,97.85475006103516,61.46662920069878,-1.6820633997113248,-2.422560169570499,80.99189161513591,92.87337637933014,70.38486384045659,66.69066677103675,82.57067198911311,66.1513281329572,-11027500.0,1
2020-04-09,77.55999755859375,80.72000122070312,76.97000122070312,79.63999938964844,2498300.0,-0.020954350372763608,0.07552875021531621,74.72150001525878,81.73279983520507,97.69780006408692,52.41127734155528,-1.4017245254030115,-2.2183930407370016,80.8573075344872,92.7210044507656,59.55640027989374,63.79237988206389,82.82205405038427,66.6209459801333,-13525800.0,1
2020-04-13,76.16999816894531,77.43000030517578,75.01000213623047,77.22000122070312,2374300.0,-0.01792160177156199,0.06646350718370461,74.79500007629395,81.50399978637695,97.53330005645752,49.70552917693074,-1.2769948797442083,-2.030113408538443,80.67349148093653,92.55631782109575,53.159334901132254,61.033533007160855,82.92136747605913,66.66863267652876,-15900100.0,1
2020-04-14,79.87999725341797,80.43000030517578,77.0199966430664,77.12999725341797,2313600.0,0.048706829114579575,0.06597122318953531,75.43800010681153,81.36019973754883,97.39200004577637,50.31994416649745,-0.86876523176592,-1.7978437731839385,80.64237406024952,92.43018527813379,79.67985219046406,64.13186245716334,82.98877296262724,67.88722725099582,-13586500.0,1
2020-04-15,78.08999633789062,78.61000061035156,76.58000183105469,78.5199966430664,1726100.0,-0.022408625151157602,0.06156997448805719,75.52000007629394,81.17179962158202,97.24550003051758,52.615562249065874,-0.6818188258219493,-1.5746387837115408,80.54228081623546,92.2874968309672,78.60045006595794,70.47987905251807,83.15222783168511,67.88777232090277,-15312600.0,1
2020-04-16,80.43000030517578,82.19000244140625,77.68000030517578,77.68000030517578,2057000.0,0.029965476719451933,0.054015517851825935,76.26300010681152,81.01419967651367,97.097200050354,53.423020332048544,-0.340913845702687,-1.32789379610977,80.537877658939,92.16951179090958,87.20928878639972,81.82986368094056,82.60013196964005,69.92586824398299,-13255600.0,1
2020-04-17,81.7300033569336,81.97000122070312,79.26000213623047,81.81999969482422,2609500.0,0.01616316109443261,0.04239442534548943,76.80600013732911,80.87459976196288,96.9604500579834,56.951869779017365,0.03376595590650311,-1.0555618457065155,80.58462768631134,92.06563608509887,96.65698391672872,87.48890758969544,83.05795754903076,70.55404272562745,-10646100.0,0
2020-04-20,79.19000244140625,80.8499984741211,79.0,80.23999786376953,1832200.0,-0.031077949482451128,0.040206920343180845,76.96700019836426,80.69959976196289,96.80765007019043,49.01198248346718,0.12431255415191345,-0.8195869657348297,80.52993650023663,91.9375203274502,78.19767780340007,87.35465016884284,83.29370661554036,70.64029378118816,-12478300.0,0
2020-04-21,77.73999786376953,78.7300033569336,76.47000122070312,77.9800033569336,2556300.0,-0.018310449967590237,0.0375469826225466,77.03549995422364,80.51159973144532,96.64815006256103,57.499109636745196,0.07816707303238957,-0.6400361579813859,80.42052714194381,91.79625144721457,67.65985547400656,80.8381723980451,83.36465624663873,70.70634366180855,-15034600.0,0
2020-04-22,77.25,79.11000061035156,77.11000061035156,79.05000305175781,1466100.0,-0.0063030341810427215,0.03757792961136755,76.91499977111816,80.3129997253418,96.48310005187989,57.580010626935525,0.0020342645265571946,-0.5116220734797974,80.29619274422052,91.65151262684428,64.0988250401569,69.98545277252117,83.1244005677032,70.70559897453312,-16500700.0,0
2020-04-23,74.93000030517578,76.48999786376953,74.05999755859375,76.22000122070312,4372700.0,-0.030032358509051393,0.036885817038511085,76.84299964904785,80.04779968261718,96.30030006408691,57.90590401920653,-0.24270833049419593,-0.45783932488267715,80.0857538250423,91.4851294196635,47.23836475929985,59.66568175782109,83.11211605571235,70.57388324238336,-20873400.0,0
2020-04-24,74.54000091552734,75.80000305175781,74.27999877929688,75.6500015258789,2541400.0,-0.0052048497005210415,0.03580096324518801,76.66299972534179,79.7481997680664,96.11455005645752,57.559775625119045,-0.46280338239985497,-0.45883213638611275,79.8682733187868,91.31652117584125,29.68751753077001,47.00823577674225,82.98184776926259,70.344151681421,-23414800.0,0
2020-04-27,80.2699966430664,81.69999694824219,75.11000061035156,75.29000091552734,3092100.0,0.0768714201390015,0.03932411635855879,76.82399940490723,79.5681997680664,95.96105003356934,57.09206556882629,-0.17287473673992793,-0.40164065645687586,79.88402717464092,91.20660550884847,76.38370670110058,51.10319633039014,83.34521143486934,70.30278737494511,-20322700.0,1
2020-04-28,80.79000091552734,82.88999938964844,79.83000183105469,81.70999908447266,1984900.0,0.0064781897870660465,0.03916192976131399,76.87099952697754,79.41039978027344,95.8028500366211,57.9517660398531,0.09772924084509782,-0.30176667699648113,79.91955555663647,91.10295770194976,76.21746275594755,60.762895662606034,83.49675148032391,70.24524757363118,-18337800.0,0
2020-04-29,80.86000061035156,82.0,79.68000030517578,81.87000274658203,1540000.0,0.0008664400796010163,0.03840895515687289,77.24049949645996,79.20599975585938,95.64840003967285,53.1906587756401,0.3142112018923342,-0.17857110121871805,79.95643575482137,91.00103773088908,77.01021111731293,76.53712685812035,83.89185524452049,70.58914374839944,-16797800.0,0
2020-04-30,79.66999816894531,80.58000183105469,78.31999969482422,80.2300033569336,2299900.0,-0.014716824541476825,0.033887065549727896,77.57699928283691,78.95959976196289,95.48515003204346,54.18152931343341,0.38530985180983635,-0.06579491061300718,79.94520290831643,90.88829106858118,63.53340257101038,72.25369214809028,83.98893026498051,71.1650683006933,-19097700.0,0
2020-05-01,77.38999938964844,79.38999938964844,77.0,78.5,1665400.0,-0.02861803478973346,0.03456879542312194,77.9234992980957,78.6429997253418,95.3108500289917,52.33537660043428,0.2547426822934824,-0.001687392031709263,79.84499884876082,90.7539797085918,37.71235719729109,59.418656961871456,83.39626655336149,72.45073204282993,-20763100.0,0
2020-05-04,77.81999969482422,77.95999908447266,76.33000183105469,76.94000244140625,1529700.0,0.005556277407508192,0.0334911337820842,78.30249938964843,78.32159973144532,95.14935001373291,45.49037541011315,0.18384543499649908,0.035419173373932404,79.7655871172339,90.62528339004686,42.58212181799016,47.94262719543053,82.41588724377124,74.18911153552563,-19233400.0,0
2020-05-05,76.55000305175781,78.9000015258789,76.1500015258789,77.94000244140625,1712300.0,-0.01631966908309912,0.03377890189710431,78.31599960327148,78.03179977416993,94.99110004425049,46.55019538353418,0.02489378043092927,0.033314094785331774,79.6394857813329,90.48523084936737,28.199376860906575,36.16461862539593,82.40312696565681,74.22887224088615,-20945700.0,0
2020-05-06,75.66000366210938,78.1500015258789,75.30999755859375,77.01000213623047,1943400.0,-0.011626379544971144,0.02829468262864503,78.28699989318848,77.77159988403321,94.83165004730225,38.572122627421294,-0.1709217837782404,-0.007533080927382665,79.4834276590104,90.3377161509867,18.120110665079153,29.633869781325288,82.44378532669637,74.13021445968059,-22889100.0,0
2020-05-07,76.69000244140625,78.52999877929688,75.95999908447266,75.95999908447266,2598700.0,0.013613517439104994,0.02844973791390944,78.16049995422364,77.55039993286132,94.68765007019043,37.76698716298722,-0.24022556498078984,-0.054071577738064106,79.37388157204553,90.20191800462271,29.784873583637328,25.368120369874344,82.351580058916,73.96941984953128,-20290400.0,0
2020-05-08,78.05000305175781,79.16999816894531,77.80000305175781,77.97000122070312,1884800.0,0.01773374060576738,0.027368607707800165,78.18500022888183,77.40539993286133,94.54670009613037,47.06488286010392,-0.18329570880111135,-0.07991640395067356,79.32196476732837,90.0810034279773,45.186915807099915,31.03063335193879,82.3670187613456,74.00298169641806,-18405600.0,0
2020-05-11,77.91000366210938,78.58000183105469,76.62999725341797,78.0,2205600.0,-0.001793714082952702,0.026964070038644285,78.27200050354004,77.30300003051758,94.40350009918212,50.46937013868147,-0.1477717476203395,-0.09348747268460676,79.2665937435943,89.95989895269503,43.60141908436916,39.52440282503546,82.34858535214117,74.19541565493891,-20611200.0,0
2020-05-12,76.33000183105469,78.86000061035156,75.97000122070312,77.81999969482422,1895700.0,-0.02027983258615995,0.02704963453103103,78.09450073242188,77.1384001159668,94.2546501159668,47.60417105423149,-0.2442956078890859,-0.12364909972550259,79.15143327643588,89.82427808581303,25.707857324303635,38.16539740525756,82.18540633422585,74.00359513061791,-22506900.0,0
2020-05-13,74.45999908447266,76.41999816894531,73.55000305175781,76.08999633789062,1840100.0,-0.02449892180955282,0.025170305794325512,77.91300086975097,76.99120010375977,94.10775012969971,48.746663411458336,-0.46630972768009826,-0.19218122531642173,78.96745546498636,89.67139968778974,9.743002029060326,26.350759479244363,82.31501964084423,73.51098209865772,-24347000.0,0
2020-05-14,75.52999877929688,75.55999755859375,72.12000274658203,75.33000183105469,2216500.0,0.0143701276924586,0.025034776170673567,77.66800079345703,76.92360000610351,93.97795013427735,52.54760125635668,-0.549582242143714,-0.2636614286818802,78.83265324201815,89.53068923098883,31.661997173510336,22.370952175624755,82.02538571774656,73.31061586916749,-22130500.0,0
2020-05-15,75.06999969482422,76.20999908447266,74.6500015258789,75.27999877929688,1974900.0,-0.00609028322397831,0.023998728796343464,77.33500061035156,76.86520004272461,93.84455013275146,31.638433603810384,-0.6452562788222167,-0.3399803987099475,78.68509820095173,89.38680177291755,27.390880851772224,22.931960018114285,81.39298243935201,73.2770187813511,-24105400.0,0
2020-05-18,78.58999633789062,78.88999938964844,76.87999725341797,77.41000366210938,2976300.0,0.04688952520815182,0.026073168373536258,77.30500030517578,76.83220001220702,93.74905010223388,43.589728769626475,-0.4320637687522577,-0.35839707271840954,78.6813687161258,89.27937087306654,65.48578329888007,41.5128871080542,81.31381324426982,73.29618736608174,-21129100.0,0
2020-05-19,79.98999786376953,81.19999694824219,78.70999908447266,78.7300033569336,2072900.0,0.017813991488938585,0.02548055318587737,77.41750030517578,76.76179992675782,93.66465007781983,47.64736926150011,-0.14842776285807702,-0.3164032107463431,78.73268750622948,89.18693930083474,86.67401038371342,59.850224844788556,81.60022479178669,73.23477581856487,-19056200.0,0
2020-05-20,79.61000061035156,81.62999725341797,79.51000213623047,80.5999984741211,2380800.0,-0.004750559614530081,0.025142129483765905,77.53550033569336,76.59279998779297,93.59840007781982,49.830323576219755,0.04517249234601195,-0.2440880701278721,78.76709194168525,89.09164637854137,78.7592238711137,76.97300585123573,81.82999241922418,73.24100825216253,-21437000.0,0
2020-05-21,81.22000122070312,81.26000213623047,78.83000183105469,79.16000366210938,1643000.0,0.020223597512976532,0.02539941458216093,77.85000038146973,76.54380004882813,93.54090007781983,61.258092498253,0.32477191485764934,-0.13031607313076782,78.86328446243105,89.01332155110019,95.68878791233652,87.0406740557212,82.2607851666456,73.43921559629385,-19794000.0,0
2020-05-22,81.69999694824219,82.41000366210938,79.77999877929688,81.41000366210938,2403600.0,0.005909821722789088,0.024270063111458174,78.20800018310547,76.77080001831055,93.48750007629394,61.37162820587929,0.5784204444940002,0.011431230394185796,78.97452808932562,88.94055215206679,93.10003254911469,89.18268144418829,82.64977451895976,73.76622584725118,-17390400.0,0
2020-05-26,85.19999694824219,85.43000030517578,83.58000183105469,84.1500015258789,3583900.0,0.04283965888294072,0.025549979902825846,78.45450019836426,76.98080001831055,93.44890007019043,72.42093547721109,1.0497585182034612,0.2190966879560409,79.21866412300862,88.90333269730237,98.2719504198174,95.68692362708953,83.82763807708817,73.08136231964035,-13806500.0,0
2020-05-27,87.52999877929688,88.16999816894531,85.87999725341797,87.0,4501500.0,0.027347440311179083,0.020543187972742807,78.79150009155273,77.39100006103516,93.43610008239746,78.62999894741569,1.592946516684421,0.49386665370171695,79.54459881541209,88.88966768319287,96.01246372471425,95.79481556454876,85.46862731790742,72.11437286519805,-9305000.0,0
2020-05-28,97.63999938964844,99.81999969482422,95.0500030517578,96.86000061035156,13547000.0,0.11550326461038218,0.03180339700465101,79.63050003051758,77.81480010986328,93.4693000793457,85.13921278769551,2.8068636978963184,0.9564660625406373,80.25422236734292,88.97673566037153,92.12996193014338,95.47145869155833,90.37816020601413,68.88283985502103,4242000.0,1
2020-05-29,97.87000274658205,99.30999755859376,96.05999755859376,97.0199966430664,3934700.0,0.002355626365950103,0.03178478584517699,80.54050025939941,78.46080017089844,93.48565010070801,84.55369505565761,3.7442992079699025,1.5140326916264906,80.94503728417583,89.06522588013483,92.96029905026427,93.70090823504061,94.03356933654428,67.04743118225454,8176700.0,0
2020-06-01,96.25,98.0,95.58000183105467,97.41000366210938,3060400.0,-0.016552597334412833,0.03185743090260421,81.48350028991699,78.9684001159668,93.50105010986329,80.40449952088619,4.306856163907369,2.0725973860826663,81.54523190048266,89.13671616988474,87.1119130392151,90.7340580065409,96.5892787767385,66.37772180309548,5116300.0,0
2020-06-02,96.9800033569336,99.61000061035156,96.75,96.75,3926000.0,0.007584450461647796,0.03064780242205087,82.44150047302246,79.3886001586914,93.5202501296997,85.22688138987705,4.756758819808567,2.6094296728278463,82.1505170556376,89.21475882846234,89.74730450982649,89.93983886643527,98.93546534200007,65.94753560404484,9042300.0,1
2020-06-03,94.56999969482422,98.08000183105467,94.54000091552734,97.7300033569336,2375600.0,-0.024850521537304826,0.031631739447411426,83.34250030517578,79.75260009765626,93.52455013275147,83.6850862619808,4.862787573525182,3.0601012529673137,82.63755559050766,89.2680448072321,81.04692931984904,85.96871562296353,100.43910756342405,66.2458930469275,6666700.0,1
2020-06-04,93.26000213623048,95.95999908447266,92.23999786376952,94.26000213623048,2674800.0,-0.013852147222386368,0.0315343658509073,84.22250022888184,80.02460006713868,93.5098501586914,79.46161684825672,4.785940922064626,3.4052691867867764,83.05412212171248,89.30776577567985,73.93723466103606,81.57715616357052,101.46531410574099,66.9796863520227,3991900.0,0
2020-06-05,92.9000015258789,95.25,92.33999633789062,94.8000030517578,3719800.0,-0.003860182308656812,0.031314068441308414,85.03300018310549,80.3552000427246,93.50620018005371,79.72657313303736,4.6424747969086155,3.6527103088111446,83.44023503952293,89.34350941498532,69.83436167184162,74.93950855090888,102.30888417564296,67.75711619056801,272100.0,0
2020-06-08,93.7300033569336,94.0500030517578,91.80999755859376,92.7300033569336,3192600.0,0.008934357561054318,0.031305729223307655,85.81700019836427,80.6670001220703,93.4944501876831,77.72893973535231,4.543377838686382,3.830843814786192,83.8437553656959,89.38715612087536,71.15113139833679,71.64090924373814,103.18150902029491,68.45249137643363,3464700.0,0
2020-06-09,92.58000183105467,93.95999908447266,92.2699966430664,93.73999786376952,2432500.0,-0.012269299954034918,0.031620412752019864,86.55050010681153,80.97760009765625,93.47130020141601,73.27171718282808,4.322223372616676,3.929119726352289,84.18635326629821,89.41892572993187,65.50739113572575,68.83096140196804,103.7472344725866,69.35376574103645,1032200.0,0
2020-06-10,91.47000122070312,93.0,91.04000091552734,92.66000366210938,2687800.0,-0.011989636945321513,0.0318655978763481,87.30750007629395,81.2100001525879,93.45285018920899,71.34628260822994,4.011151039997074,3.945525989081246,84.47198651941213,89.43933444128284,60.21915519803897,65.62589257736717,103.93334155497305,70.68165859761484,-1655600.0,0
2020-06-11,89.0999984741211,90.94000244140624,88.8499984741211,90.47000122070312,2505600.0,-0.02591016415167169,0.03213911702908977,88.03950004577636,81.52260009765625,93.41900016784668,63.805173068733744,3.5326622293569727,3.862953237136392,84.65347718430267,89.43595796399765,46.50698238043951,57.411176238068066,103.53433220850053,72.5446678830522,-4161200.0,0
2020-06-12,87.7699966430664,90.25,86.12999725341797,89.8499984741211,2800100.0,-0.014927069066572263,0.03172236189244085,88.65149993896485,81.81919998168945,93.37410015106201,60.32663336802337,3.011422562368409,3.6926471021827956,84.77569363366595,89.41938123443614,25.800464058922987,44.17553387913381,102.98967713780213,74.31332274012756,-6961300.0,0
2020-06-15,89.11000061035156,89.75,85.51000213623047,86.01000213623047,2414100.0,0.015267221357368133,0.03173151938428079,89.3534999847412,82.19220001220702,93.32165016174316,57.17958114860521,2.6756206034301044,3.4892418024322573,84.94566645628109,89.41630282026615,25.15722633341153,32.48822425759133,102.1878108105881,76.5191891588943,-4547200.0,0
2020-06-16,91.12999725341795,91.87999725341795,89.47000122070312,91.0,2352400.0,0.022668574001016628,0.03169713862853519,89.98050003051758,82.61,93.28895015716553,56.686470390348624,2.54317583102015,3.300028608149836,85.1881892326394,89.43335450616817,39.273208078309175,30.076966156881213,101.7846753749537,78.17632468608146,-2194800.0,0
2020-06-17,89.08999633789062,91.81999969482422,88.9800033569336,91.56999969482422,1848800.0,-0.022385613705818708,0.031238219811635135,90.43549995422363,82.86619995117188,93.2267501449585,27.320972513973715,2.2476913826680516,3.0895611630534794,85.34120127598258,89.42993800698135,25.390032546675936,29.940155652798865,101.28082884047208,79.59017106797518,-4043600.0,0
2020-06-18,90.69000244140624,90.93000030517578,88.5999984741211,88.91000366210938,2603300.0,0.01795943618009921,0.031240885227932214,90.98950004577637,83.15520004272462,93.17025016784667,32.24532209627732,2.11820757090436,2.895290444623656,85.55095818443057,89.44247596155274,36.73759479253175,33.8002784725056,100.56397836917397,81.41502172237877,-1440300.0,0
2020-06-19,88.80000305175781,91.94000244140624,88.5,91.12999725341795,2869700.0,-0.02084021765099775,0.031722642572014716,91.36850013732911,83.3468000793457,93.08925018310546,31.8204260541511,1.8418518403379949,2.684602723766524,85.67837170863947,89.43608319628116,23.333342351531154,28.48698989691293,99.8527081975154,82.88429207714282,-4310000.0,0
2020-06-22,90.29000091552734,90.36000061035156,87.87999725341797,88.08999633789062,1569500.0,0.016779254645983288,0.0316524822528182,91.79800033569336,83.60140014648438,93.00255020141601,34.258829088042035,1.7232042817010864,2.492323035353437,85.85921991283116,89.44457989000502,38.02703974022431,32.69932562809572,98.99313441785957,84.60286625352715,-2740500.0,0
2020-06-23,89.75,90.9499969482422,89.16000366210938,90.76000213623048,1797200.0,-0.005980738842084499,0.03175117250830322,92.02550048828125,83.87300018310548,92.90320018768311,37.564508300012136,1.5675321409981677,2.3073648564823834,86.01179952409268,89.44761889607462,40.574154086071275,33.97817872594223,98.60349912764188,85.44750184892062,-4537700.0,0
2020-06-24,90.0999984741211,90.33000183105467,87.58000183105469,89.37999725341797,2738300.0,0.0038997044470316933,0.030541391762972943,92.15400047302246,84.07740020751953,92.80920017242431,41.42236330470995,1.4556232806508689,2.1370165413160804,86.17212105154478,89.45411023515966,47.12522941061739,41.90880774563764,98.45689189708587,85.85110904895906,-1799400.0,0
2020-06-25,93.11000061035156,93.2300033569336,88.69999694824219,90.0,3134800.0,0.03340734946954549,0.030809500894261963,91.92750053405761,84.37780029296874,92.7251001739502,50.498336344171996,1.5914712296433038,2.027907478981525,86.44419475973329,89.4904872538183,88.99294683098763,58.897443442558746,97.70390078160038,86.15110028651485,1335400.0,0
2020-06-26,92.62000274658205,96.1999969482422,92.11000061035156,93.4800033569336,4310400.0,-0.005262569654789995,0.01701856613389088,91.66500053405761,84.62160034179688,92.63140018463135,47.32272064138407,1.640680234967519,1.9504620301787239,86.68638330823717,89.52162671145774,66.51079570555522,67.54299064905341,96.7387804166885,86.59122065142672,-2975000.0,0
2020-06-29,93.66999816894533,94.80999755859376,91.41000366210938,92.93000030517578,1880100.0,0.011336594593245541,0.017254531386022766,91.53600044250489,84.86040023803712,92.54005016326904,52.64177430902784,1.7442974069061563,1.9092291055242105,86.9602505576767,89.56290403939295,76.33302144867216,77.27892132840498,96.23640078051426,86.83560010449551,-1094900.0,0
2020-06-30,92.68000030517578,93.52999877929688,90.6500015258789,92.81999969482422,3581900.0,-0.01056899629680752,0.01704943236102831,91.321000289917,85.1302001953125,92.43915016174316,52.94977805569123,1.7266267301823746,1.8727086304558433,87.18455446934334,89.59391992263458,67.07204535673672,69.97195417032135,95.31289846641162,87.32910211342237,-4676800.0,0
2020-07-01,93.38999938964844,93.83999633789062,92.04000091552734,92.18000030517578,2399000.0,0.007660758331190953,0.017051509130389896,91.2620002746582,85.44320022583008,92.35830017089843,61.3793136944203,1.749743628602502,1.8481156300851753,87.42790525053178,89.63169185762975,73.71376125050752,72.37294268530543,95.08292831294038,87.44107223637603,-2277800.0,0
2020-07-02,93.61000061035156,94.33999633789062,92.9000015258789,93.76000213623048,2606400.0,0.002355725689484389,0.01621413150888612,91.27950019836426,85.77040023803711,92.27115016937256,66.45999061592966,1.7654650152999807,1.8315855071281364,87.67034036268159,89.67127701934838,75.7717717974904,72.18585946824487,95.1419388006001,87.41706159612842,328600.0,0
2020-07-06,89.77999877929688,95.23999786376952,89.2699966430664,94.9800033569336,3456800.0,-0.04091445151247186,0.018283416688316036,91.12350006103516,86.06740020751953,92.15875015258788,51.65595232438247,1.4521358700323788,1.755695579708985,87.75307206529396,89.67235882790509,25.522020817106807,58.335851288368225,94.96231322432493,87.28468689774539,-3128200.0,0
2020-07-07,90.5,91.04000091552734,88.95999908447266,89.75,2224500.0,0.00801961718080535,0.01839504184918862,90.96199989318848,86.38660018920899,92.05255016326905,48.3359819248241,1.247537510348522,1.6540639658368925,87.86079472940008,89.68059406344832,33.874707923245715,45.05616684594762,94.60592945798999,87.31807032838697,-903700.0,0
2020-07-08,90.29000091552734,90.4800033569336,89.68000030517578,90.2300033569336,1790000.0,-0.002320431872625983,0.018251965320592953,90.84749984741211,86.58700027465821,91.94865016937256,53.50878562782562,1.0562706347938615,1.5345052996282864,87.95605771709135,89.68665781322026,31.438522268639755,30.278417002997404,94.42058652255058,87.27441317227364,-2693700.0,0
2020-07-09,91.33999633789062,92.0,89.66000366210938,91.26000213623048,1962800.0,0.011629143999517977,0.01829973847980126,90.84099960327148,86.79800018310547,91.83825016021729,51.96372923235792,0.9781407160174069,1.4232323829061106,88.08876119241683,89.70310894281897,43.61945054166954,36.31089357785165,94.40978841780917,87.2722107887338,-730900.0,0
2020-07-10,91.87000274658205,91.93000030517578,90.4800033569336,91.04000091552734,1555800.0,0.00580256656383904,0.018151576969047994,90.97949981689453,87.01820022583007,91.73075016021728,60.10533490240754,0.9480606274583323,1.3281980318165552,88.23704517493312,89.72467007519474,49.76802025065504,41.60866435365477,94.47811069813,87.48088893565907,824900.0,0
2020-07-13,92.30999755859376,94.11000061035156,91.76000213623048,92.23999786376952,2261400.0,0.004789319678430992,0.017137495513978633,91.2064998626709,87.27100021362304,91.62755016326905,57.1428494348364,0.948788798035963,1.2523161850604367,88.39676879782176,89.75039472677085,54.872371309212,49.41994736717885,94.40452735240248,88.00847237293931,3086300.0,0
2020-07-14,94.36000061035156,94.51000213623048,91.01000213623048,91.11000061035156,1882900.0,0.022207811786112863,0.017237833608856612,91.4689998626709,87.61040023803712,91.53705017089844,64.72844219890447,1.1020799010727842,1.2222689282629062,88.63062102576411,89.79626145198061,78.65432273596248,61.09823809860982,94.80149338206354,88.13650634327826,4969200.0,0
2020-07-15,95.70999908447266,95.98999786376952,94.58999633789062,94.97000122070312,1997000.0,0.014306893444137936,0.017206567818441935,91.69799995422365,87.96820022583007,91.44410015106202,66.8468548554126,1.3173126389822585,1.2412776704067767,88.90824369473309,89.85510461250293,93.46669514973941,75.66446306497129,95.52514724448376,87.87085266396353,6966200.0,0
2020-07-16,96.62999725341795,99.0,96.12000274658205,97.25,2813300.0,0.009612351663835117,0.01670992825292565,92.07500000000002,88.36980010986328,91.35645011901856,62.087908920895764,1.5443203344228493,1.3018862032099914,89.21105755977955,89.92251647957671,76.39439710690941,82.83847166420375,96.2866093090543,87.86339069094574,9779500.0,0
2020-07-17,95.45999908447266,96.91000366210938,95.41000366210938,96.7699966430664,1444800.0,-0.012108022376083771,0.016069694514993644,92.31349983215333,88.76580001831054,91.26750011444092,59.317579257645384,1.6112430870667254,1.3637575799813382,89.45611409015967,89.97761580897865,64.7410299529698,78.20070740320618,96.73012413926632,87.89687552504033,8334700.0,0
2020-07-20,97.12000274658205,98.87999725341795,95.47000122070312,97.18000030517578,2216600.0,0.017389521035302336,0.016044369461897325,92.72949981689455,89.17440002441407,91.18775012969971,60.8832962453267,1.7777356431005273,1.446553192605176,89.75665874335272,90.04868433572099,81.27492946230265,74.13678550739392,97.31673381154188,88.14226582224721,10551300.0,0
2020-07-21,96.06999969482422,98.30999755859376,95.66999816894533,97.2300033569336,1933600.0,-0.010811398497358238,0.015424350921360536,93.01849975585938,89.5347999572754,91.1035001373291,60.65367256238263,1.8041585060283722,1.5180742552898154,90.00424074144965,90.10859792138372,70.81673268929293,72.2775640348551,97.68619985284326,88.3507996588755,8617700.0,0
2020-07-22,97.12000274658205,97.27999877929688,95.0500030517578,95.5199966430664,1288600.0,0.01092956235134035,0.0152311339662415,93.38699989318849,89.91899993896484,91.01045013427735,61.476928017518055,1.8880608955732754,1.5920715833465076,90.283290231847,90.178363143525,81.27492946230265,77.7888638712994,98.13127409385322,88.64272569252375,9906300.0,0
2020-07-23,96.31999969482422,97.2699966430664,95.93000030517578,96.9800033569336,1754000.0,-0.008237263479546009,0.015309783479192032,93.69799995422365,90.31879989624024,90.93125011444091,58.05109198197776,1.8684621152124095,1.647349689719688,90.52002393627748,90.23947395498072,73.3067723028687,75.1328114848214,98.3495948766439,89.04640503180339,8152300.0,0
2020-07-24,95.5999984741211,97.25,95.33999633789062,96.41000366210938,1205300.0,-0.007475095753574967,0.01549437570127576,93.82249984741212,90.7415998840332,90.84685009002686,71.20989774282391,1.7743779350421107,1.6727553387841727,90.71923862403607,90.29281250740999,66.13544605737395,73.57238260751508,98.54064385034772,89.10435584447652,6947000.0,0
2020-07-27,95.41999816894533,95.9800033569336,94.08999633789062,95.9800033569336,1298200.0,-0.0018828484105519738,0.01385142516774019,93.96249961853029,91.13939987182617,90.75900009155274,68.66462521634938,1.6660854283984463,1.6714213567070275,90.90358213560114,90.34382928016159,61.67020091291392,67.03747309105218,98.69654643184496,89.22845280521561,5648800.0,0
2020-07-28,95.63999938964844,95.9000015258789,94.54000091552734,95.30999755859376,1359300.0,0.0023056091482374086,0.013771460250216569,94.06099967956543,91.55079986572265,90.66765007019043,70.2804942733311,1.5798040983103618,1.6530979050276946,91.08932398870104,90.39652749020624,64.02567529153447,63.9437740872741,98.8510683416208,89.27093101751005,7008100.0,0
2020-07-29,95.0199966430664,96.58999633789062,94.75,95.87000274658205,1559300.0,-0.006482672004796575,0.013691594058689298,94.17799949645996,91.87939987182617,90.56680004119873,64.42004423368635,1.444742391553234,1.6114268023328027,91.24346801436243,90.4425321583939,53.286327170415845,59.66073445828806,98.94027087514374,89.41572811777618,5448800.0,0
2020-07-30,93.9499969482422,95.11000061035156,93.79000091552734,94.16000366210938,1682400.0,-0.011260784388822498,0.013721045128121149,94.20599937438965,92.15859985351562,90.4614500427246,57.819520794098885,1.2371044132640492,1.536562324519052,91.34960640392634,90.47743230555658,36.79593990059829,51.369314120849516,98.95533057119428,89.45666817758502,3766400.0,0
2020-07-31,93.3499984741211,93.70999908447266,92.2300033569336,93.70999908447266,1805500.0,-0.00638635969782575,0.013709123252556762,94.19299926757813,92.43339981079102,90.34565002441406,53.86329794681077,1.012463903412268,1.4317426402976954,91.42805315177712,90.5060150535025,29.286570256811665,39.789612442608586,98.95061566191627,89.43538287323999,1960900.0,0
2020-08-03,94.51000213623048,94.62999725341795,92.73999786376952,94.01000213623048,1516500.0,0.01242639187006489,0.013966797767698737,94.4294994354248,92.69919982910156,90.23370002746582,50.596664070935745,0.9174613584441005,1.3288863839269764,91.54891389626549,90.54585572099232,33.67798980568158,33.25349998769716,98.70976286216285,90.14923600868676,3477400.0,0
2020-08-04,95.9000015258789,96.23999786376952,94.41999816894533,94.62999725341795,1976200.0,0.014707431575811558,0.010571880720041248,94.69949951171876,92.9831999206543,90.1263500213623,50.75337907334132,0.9434569071909351,1.2518004885797682,91.71954478370131,90.59913080362801,54.20974872571017,39.05810292940112,98.60055256851844,90.79844645491907,5453600.0,0
2020-08-05,95.81999969482422,97.11000061035156,95.44000244140624,96.31999969482422,1010900.0,-0.0008342213741581173,0.010546501782148322,94.97599945068359,93.19559997558594,90.02055000305175,46.55906450943794,0.9466902319974366,1.190778437263302,91.88034693707868,90.65107974781903,53.98495688527686,47.29089847222286,98.30274337759542,91.64925552377176,4442700.0,0
2020-08-06,95.5999984741211,95.9499969482422,94.86000061035156,95.75,1080500.0,-0.002295984360298542,0.010545912357607707,95.18899955749512,93.35699996948242,89.91509998321533,50.646945921667005,0.9208850160832327,1.136799753027288,92.02621562480584,90.70032272022004,50.676664815724244,52.957123475570405,98.04817848720235,92.3298206277879,3362200.0,0
2020-08-07,96.48999786376952,97.02999877929688,95.63999938964844,96.16999816894533,1345200.0,0.009309617195123243,0.010460370658047618,95.4199993133545,93.33399993896484,89.80534996032715,46.86565305979902,0.9611699404975127,1.101673790521333,92.20126590868678,90.75793142811607,70.06576594551213,58.24246254883773,97.86692794631561,92.97307068039338,4707400.0,0
2020-08-10,97.73999786376952,97.93000030517578,96.25,96.48999786376952,1797200.0,0.012954710619486498,0.01068164953851622,95.69149932861328,93.3313998413086,89.7108999633789,58.14632040432003,1.0814937993349503,1.0976377922840566,92.4184710833959,90.82740472598327,96.66662205030025,72.46968427051219,97.87644644029045,93.5065522169361,6504600.0,0
2020-08-11,96.48999786376952,98.5199966430664,95.91000366210938,97.87999725341795,1345200.0,-0.012789032405569056,0.011210722357644464,95.79799919128418,93.33619979858399,89.61534996032715,46.985626091476554,1.063724813531394,1.090855196533524,92.5781388002733,90.8837489363095,67.72653503824382,78.15297434468539,97.91630723472782,93.67969114784053,5159400.0,0
2020-08-12,99.20999908447266,99.4000015258789,95.87000274658205,96.81999969482422,2326400.0,0.028189462959087308,0.01180548900162756,95.97299919128417,93.38079971313476,89.53864994049073,61.68147520418022,1.2546611777182477,1.1236163927704688,92.83821175259484,90.96659719649024,97.3500350079699,87.24773069883798,98.5821263631532,93.36387201941515,7485800.0,0
2020-08-13,97.2699966430664,98.83999633789062,96.86000061035156,98.56999969482422,1908700.0,-0.019554505184043336,0.012403193386674321,96.0049991607666,93.43479965209961,89.45789993286132,56.1442117141141,1.2351990326502573,1.1459329207464266,93.01200723849568,91.0293175889935,70.29281134215663,78.4564604627901,98.66328958173561,93.34670873979759,5577100.0,0
2020-08-14,98.83999633789062,99.63999938964844,96.73999786376952,97.20999908447266,1863700.0,0.016140636876809555,0.012711940604520893,96.1739990234375,93.54639953613281,89.38919990539551,61.41520581015143,1.3311167119402398,1.1829696789851893,93.24055583062882,91.10703578549995,89.20373171286691,85.61552602099779,99.10243951590044,93.24555853097456,7440800.0,0
2020-08-17,100.87000274658205,101.87999725341795,99.63999938964844,99.66000366210938,1709400.0,0.020538309226072027,0.013001894027152053,96.3614990234375,93.70579956054688,89.33324993133544,65.57474186634171,1.5530343028244005,1.2569826037530316,93.53974982733287,91.20417973536146,89.53372906065914,83.01009070522754,99.95064290562892,92.77235514124608,9150200.0,0
2020-08-18,99.23999786376952,101.48999786376952,97.80999755859376,101.30999755859376,1627500.0,-0.016159461072957737,0.013167885066285778,96.51999893188477,93.81599945068359,89.2774499130249,61.85392381928805,1.5791740850554277,1.3214209000135109,93.76328896601666,91.28413812469887,72.64247606819494,83.79331228057366,100.32823432595951,92.71176353781003,7522700.0,0
2020-08-19,99.75,100.5199966430664,99.04000091552734,100.0500030517578,1844800.0,0.005139078468447522,0.012903156521564029,96.65149879455566,93.9593994140625,89.21749992370606,66.821334310461,1.6223416166445048,1.3816050433397098,93.99806194774149,91.36837555629391,77.92747564126496,80.03456025670634,100.71972426892528,92.58327332018605,9367500.0,0
2020-08-20,98.91000366210938,99.63999938964844,98.69000244140624,99.2699966430664,1212400.0,-0.008421015918703034,0.012914818586244135,96.78099899291992,94.10819946289062,89.15099994659424,65.90388806275995,1.5706658538510254,1.419417205441973,94.19068711301082,91.44341663197368,67.50553840657511,72.69183003867833,100.96795177206072,92.59404621377912,8155100.0,0
2020-08-21,100.3000030517578,100.48999786376952,98.2300033569336,98.6999969482422,1481800.0,0.014053172967184002,0.013037477034340892,97.01599922180176,94.33219955444336,89.08609996795654,66.3466861271354,1.6231629613340601,1.4601663566203904,94.43026813021659,91.5315418699815,78.8204504615988,74.75115483647961,101.44448000370022,92.5875184399033,9636900.0,0
2020-08-24,102.29000091552734,102.55999755859376,99.73999786376952,101.01000213623048,1923000.0,0.019840456662226114,0.013401327323537455,97.35949935913087,94.62259963989258,89.03359996795655,67.44946727612884,1.8045418584794817,1.5290414569922086,94.73849294532681,91.63859121371827,96.493548700327,80.93984585616694,102.30259400641637,92.41640471184536,11559900.0,0
2020-08-25,102.63999938964844,102.8499984741211,100.83999633789062,102.5999984741211,1779500.0,0.003421629396700432,0.013348416095773646,97.70949935913086,94.89319961547852,88.98444995880126,68.35305764871045,1.9540033586403354,1.6140338373218341,95.04835594314335,91.74805796173747,97.37172539901553,90.89524152031375,103.11007199376593,92.30892672449579,13339400.0,0
2020-08-26,104.23999786376952,104.63999938964844,102.27999877929688,102.58999633789062,3093200.0,0.01558844976262197,0.013598177106761637,98.17049942016601,95.15539962768554,88.9538999557495,71.64327776414468,2.1764701859482045,1.7265211070471085,95.40881248905025,91.87235587121043,95.55553860134533,96.4736042335626,104.14770070942002,92.193298130912,16432600.0,0
2020-08-27,96.72000122070312,101.86000061035156,96.54000091552734,99.56999969482422,8814500.0,-0.07214118186086516,0.02145496483413715,98.30899963378906,95.3079997253418,88.89284996032715,50.43249966644719,1.726078706631995,1.726432626964086,95.46023165499743,91.92059114831982,9.692118580148978,67.53979419350327,103.99574507571279,92.62225419186532,7618100.0,1
2020-08-28,94.7300033569336,97.43000030517578,93.6500015258789,97.22000122070312,4675700.0,-0.020574832905849605,0.021815850897181813,98.37799987792968,95.38879974365234,88.82804996490478,44.493241300453,1.194791208557831,1.620104343282835,95.43159525115179,91.94854549865428,9.827134130891,38.35826377079509,103.84046320022435,92.91553655563501,2942400.0,0
2020-08-31,96.2699966430664,96.61000061035156,93.91999816894533,94.5,2594400.0,0.01625665820289557,0.02201061351783486,98.46599960327148,95.53819961547852,88.76739994049072,49.6017355908832,0.8877729327945758,1.4736380611851834,95.46447373710923,91.99154501252903,23.839814617478467,14.453022442839469,103.7187741768793,93.21322502966368,5536800.0,0
2020-09-01,93.68000030517578,96.37000274658205,93.5199966430664,96.22000122070312,3014100.0,-0.026903463469448052,0.022714691927599465,98.35499954223633,95.60599960327148,88.6920499420166,39.9417956642599,0.43050508371476326,1.2650114656910993,95.39449438683734,92.00834556270462,1.4388814981053446,11.70194341549159,103.92059529325059,92.78940379122207,2522700.0,0
2020-09-02,94.6999969482422,94.97000122070312,93.76000213623048,94.05999755859376,1926300.0,0.010888093934069643,0.022604652715007924,98.29899940490722,95.70499954223632,88.62129993438721,45.16371622081442,0.1487080101365592,1.0417507745801913,95.36725919316694,92.03512816355575,10.61151091476568,11.963402343449815,103.99304829698872,92.60495051282572,4449000.0,0
2020-09-03,92.91999816894533,95.45999908447266,92.43000030517578,94.95999908447266,2215000.0,-0.018796186237151846,0.022960906463032164,98.16499938964844,95.76139953613281,88.54059993743897,38.94697197178665,-0.21576205566076112,0.7902482085320008,95.27128817260925,92.0439328402263,4.013086818267425,5.354493077046135,104.23988893026913,92.09010984902775,2234000.0,0
2020-09-04,91.2300033569336,93.31999969482422,90.05000305175781,93.31999969482422,2561500.0,-0.018187632859602676,0.023258592428410108,97.90199966430664,95.72379959106445,88.46234996795654,31.770027181911047,-0.6336711001278559,0.5054643468000295,95.11280641513177,92.03583403939753,8.087735444533921,7.570777725855661,104.69519295531113,91.10880637330216,-327500.0,0
2020-09-08,89.83000183105469,90.9499969482422,88.58999633789062,90.58000183105467,2926200.0,-0.015345845383798351,0.02328342902522358,97.50649986267089,95.6679995727539,88.37519996643067,32.04882236180842,-1.065552426488395,0.19126099214234457,94.90563760791306,92.01388546021003,7.725889454134751,6.608903905645351,105.20069465652307,89.81230506881872,-3253700.0,0
2020-09-09,91.80999755859376,92.5199966430664,89.3499984741211,89.6500015258789,2383700.0,0.022041586187016904,0.023678508059060424,97.2724998474121,95.63079956054688,88.29424995422363,35.65749043292466,-1.2338295623063402,-0.0937571187473924,94.78423995892015,92.01185672487057,20.062309086916226,11.958644661861618,105.37090451540284,89.17409517942137,-870000.0,0
2020-09-10,90.25,91.9800033569336,89.75,91.5199966430664,2054900.0,-0.016991586973936768,0.0237855255058768,96.82449989318847,95.58219955444336,88.200299949646,34.7534950193959,-1.4760541370679903,-0.370216522411512,94.6064266271978,91.99432581218528,10.342699978038757,12.71029950636323,105.44604295845473,88.20295682792222,-2924900.0,0
2020-09-11,90.05000305175781,90.8000030517578,89.8499984741211,90.48999786376952,1979900.0,-0.002216032667503476,0.02269877492488993,96.46350021362305,95.51539962768555,88.08859996795654,31.16498582349358,-1.6649642682986467,-0.6291660715889389,94.42774334972958,91.97497931705665,9.096613310034767,13.167207458329903,105.59598932669874,87.33101110054736,-4904800.0,0
2020-09-14,88.91999816894531,90.86000061035156,87.88999938964844,90.83000183105467,2205300.0,-0.012548637918013306,0.02251489903212374,95.96750030517578,95.42159957885742,88.05689994812012,24.62994496116245,-1.8841396692501746,-0.8801607911211862,94.21175334264,91.94458149468738,6.149246443563433,8.529519910545638,105.6193075396886,86.31569307066295,-7110100.0,0
2020-09-15,88.6500015258789,89.87000274658203,88.29000091552734,88.98999786376953,1226700.0,-0.0030363995571999203,0.02204029775434892,95.35650024414062,95.39899963378906,88.03499996185303,23.372638173682674,-2.055924804835712,-1.1153135938640912,93.99364542825721,91.9117996044505,4.53732618645056,6.5943953133495725,105.24580765901784,85.4671928292634,-8336800.0,0
2020-09-16,89.26000213623047,90.08000183105467,88.30999755859375,89.0999984741211,2008900.0,0.0068809994343146386,0.021444632332612495,94.85750045776368,95.37419967651367,88.02399997711181,20.371806696009358,-2.118423938672862,-1.3159356628258454,93.80801235798165,91.8854135599906,9.806747508022605,6.831106712678852,104.92723755907498,84.78776335645237,-6327900.0,0
2020-09-17,88.54000091552734,89.04000091552734,87.7300033569336,88.08000183105469,1761000.0,-0.008066336583817724,0.021317372948376767,94.29700050354003,95.33919967651367,88.01934997558594,27.86793201406823,-2.2006849079896966,-1.4928855118586157,93.60142367396385,91.85212587198599,8.35049292196464,7.564855538812587,104.46753761968743,84.12646338739263,-8088900.0,0
2020-09-18,88.0199966430664,89.1500015258789,87.48999786376953,89.1500015258789,2553900.0,-0.005873099921887892,0.021185460297844707,93.75250015258788,95.27279968261719,88.01619995117187,30.27626425635522,-2.2815371773887847,-1.6506158449646495,93.38254418255612,91.81399523289227,5.8113883737097165,7.98954293456564,104.0484424961738,83.45655780900196,-10642800.0,0
2020-09-21,85.97000122070312,87.66999816894531,84.41000366210938,87.44999694824219,1978600.0,-0.023290110208437076,0.02152596558153557,93.03600006103515,95.15479965209961,87.99974994659424,20.605004661687033,-2.4824149471932486,-1.8169756654103695,93.09185622326777,91.75584603874114,13.043458846238966,9.068446713971094,103.40762719128931,82.664372930781,-12621400.0,0
2020-09-22,86.80000305175781,87.04000091552734,85.70999908447266,86.22000122070312,1407600.0,0.009654551811903556,0.02133727657328647,92.26150016784668,95.04459976196289,87.97974994659424,28.172579371668576,-2.545297213967956,-1.962639975121887,92.84511688320855,91.7065341682239,21.62896271261336,13.494603310853998,102.01870759303982,82.50429274265353,-11213800.0,0
2020-09-23,86.72000122070312,88.11000061035156,86.56999969482422,86.86000061035156,1933700.0,-0.000921680048870277,0.020514173501224794,91.46550025939942,94.89179977416993,87.9521499633789,23.07692307692311,-2.5719396235882073,-2.084499904815151,92.60491626899264,91.65691692496499,20.90496394160231,18.5257951668182,100.20184126038282,82.72915925841602,-13147500.0,0
2020-09-24,88.43000030517578,89.06999969482422,86.66999816894531,86.83000183105469,1915800.0,0.019718623851499917,0.02124815375374388,90.67500038146973,94.74619979858399,87.92829998016357,34.77966038573203,-2.427093269702098,-2.1530185777925404,92.44119407433315,91.62480830188251,45.11782753108059,29.217251395098742,97.09972280748448,84.25027795545498,-11231700.0,0
2020-09-25,89.41999816894531,89.91000366210938,87.13999938964844,87.48999786376953,2642200.0,0.011195271518184002,0.021036757857177176,90.31000022888183,94.60199981689453,87.91764995574951,43.55869829997487,-2.2069762879840624,-2.1638101198308446,92.32271580353364,91.60286989259956,61.7755714289746,42.59945430055249,96.08534747063048,84.53465298713319,-8589500.0,0
2020-09-28,90.94000244140624,91.37999725341795,89.75,90.25,1684600.0,0.016998482482510235,0.015517337603820392,90.12050018310546,94.5115998840332,87.91484996795654,53.916728136155314,-1.8881153342709496,-2.1086711627188657,92.26849175011688,91.59627419656778,80.51793379636538,62.470444252140176,95.52180196892259,84.71919839728834,-6904900.0,0
2020-09-29,89.87000274658203,91.1999969482422,89.80999755859375,90.91999816894533,1233800.0,-0.011765995888482816,0.015127410753240589,89.80050048828124,94.3665998840332,87.90144996643066,42.68478695523335,-1.702134615886024,-2.0273638533522975,92.1744333578214,91.57909736621967,72.12680719400534,71.4734374731151,94.36063058390629,85.2403703926562,-8138700.0,0
2020-09-30,91.33999633789062,92.31999969482422,90.26000213623048,90.27999877929688,1915700.0,0.016356888242829104,0.015133604550265325,89.68350028991699,94.27199981689454,87.89019996643066,54.13817953468219,-1.4197612353274849,-1.905843329747335,92.14171033743196,91.57671825150993,87.61057081595982,80.0851039354435,93.93409736342397,85.43290321641001,-6223000.0,0
2020-10-01,91.87000274658205,93.37999725341795,91.58999633789062,91.63999938964844,1700200.0,0.00580256656383904,0.014134794469252324,89.54200057983398,94.16699981689453,87.87844997406006,56.74073580099844,-1.1400692010304283,-1.7526885040039537,92.1310551377908,91.57963650519225,83.1661584652746,80.96784549174657,93.24224507949803,85.84175608016993,-4522800.0,0
2020-10-02,90.76000213623048,91.91999816894533,90.1500015258789,90.6500015258789,1792700.0,-0.012082296475090293,0.014071006580251738,89.43400077819824,94.05579986572266,87.87204998016358,56.82493883185402,-0.9964920809564433,-1.6014492193944518,92.07728835341588,91.57148093933195,70.79156087997544,80.52276338706993,92.83293173655379,86.03506981984269,-6315500.0,0
2020-10-05,89.9800033569336,91.69000244140624,89.44999694824219,91.22000122070312,2215500.0,-0.008594080662604142,0.013628636059091969,89.37150077819824,93.94339996337891,87.86279998779297,54.75339996008067,-0.9348689740508718,-1.4681331703257359,91.9950418829656,91.55564534149714,62.09591610211668,72.01787848245556,92.67603813530951,86.06696342108697,-8531000.0,0
2020-10-06,88.68000030517578,92.4499969482422,88.12000274658203,90.61000061035156,1905100.0,-0.014447688411401205,0.013421728781505165,89.31400070190429,93.80860000610352,87.84569999694824,48.024517991952756,-0.979638931754522,-1.370434322611493,91.86504025246404,91.52703195805117,47.60311810260147,60.16353169489785,92.62496076142678,86.0030406423818,-10436100.0,0
2020-10-07,90.5500030517578,90.93000030517578,89.44999694824219,89.83999633789062,1749000.0,0.021087085477523138,0.013857985869370685,89.2510009765625,93.7068000793457,87.82815002441406,56.348707943770926,-0.8543771247379794,-1.2672228830367904,91.81347016616184,91.51731027739153,68.4504322901383,59.38315549828547,92.40628028331521,86.09572166980978,-8687100.0,0
2020-10-08,91.52999877929688,91.80999755859376,90.43000030517578,91.0,1658800.0,0.01082270231375837,0.01318476654563799,89.31500091552735,93.63700012207032,87.82360000610352,60.77348661437089,-0.6683247435425415,-1.1474432551379405,91.80235364118674,91.51743653114184,79.37569904271031,65.14308314515,92.60466263976181,86.02533919129289,-7028300.0,0
2020-10-09,93.63999938964844,94.7300033569336,91.81999969482422,92.06999969482422,2039000.0,0.023052558051916305,0.013505796640967056,89.49450073242187,93.63080017089844,87.8256499862671,73.45564313672057,-0.3466218350161654,-0.9872789711135855,91.8744181803421,91.53855655958469,87.9157045344972,78.58061195578192,93.3037659664498,85.68523549839394,-4989300.0,0
2020-10-12,95.55999755859376,96.91000366210938,93.7699966430664,94.27999877929688,2475300.0,0.02050403867428452,0.014062815704093349,89.8265007019043,93.67500015258788,87.84304996490478,75.11465963455908,0.06253695676527116,-0.7773157855378142,92.01895070497942,91.5785708978833,86.94385313790102,84.74508557170282,94.48721222807166,85.16578917573693,-2514000.0,0
2020-10-13,96.62999725341795,97.68000030517578,95.16000366210938,95.4800033569336,2053100.0,0.011197150713279536,0.013706475420434894,90.22550048828126,93.71740005493164,87.86199996948243,76.88550154264449,0.4677463908619046,-0.5283033502578706,92.19977605982014,91.62883384669459,90.46318939119371,88.44091568786395,95.7486574820171,84.70234349454542,-460900.0,0
2020-10-14,95.16000366210938,97.0,94.4800033569336,96.61000061035156,1321100.0,-0.01521260098407573,0.014267596520168976,90.5205005645752,93.70260009765624,87.87034999847413,68.49918987467072,0.6626232804815118,-0.2901180241099941,92.31586341677266,91.66396986475843,76.09111552017048,84.49938601642171,96.44238919818811,84.59861193096229,-1782000.0,0
2020-10-15,96.54000091552734,96.91999816894533,94.01000213623048,94.55999755859376,1486500.0,0.014501862130207765,0.014454205206123978,90.92050056457519,93.71700012207032,87.88279998779296,69.16040088415598,0.9178385927868504,-0.048526700730625205,92.48151586770422,91.71248758665662,88.07531714666956,84.87654068601123,97.33903686784025,84.50196426131014,-295500.0,0
2020-10-16,95.55999755859376,97.12000274658205,95.1500015258789,96.41000366210938,1866900.0,-0.010151267325873348,0.014546938265393989,91.29750061035156,93.71620010375976,87.89169998168946,62.80486928101821,1.0291570045209681,0.16701004031969346,92.60224063989597,91.75077126796944,77.82423338930367,80.66355535204788,97.88230077885903,84.71270044184409,-2162400.0,0
2020-10-19,95.0,96.58000183105467,94.75,96.05999755859376,1312600.0,-0.00586016715048987,0.014546511185200287,91.7490005493164,93.68640014648437,87.90154998779298,64.63205887997995,1.0599718295015208,0.345602398156059,92.69627041872357,91.783101902119,71.96651684532436,79.28868912709918,98.02690291550317,85.47109818312964,-3475000.0,0
2020-10-20,95.41000366210938,96.88999938964844,95.12999725341795,95.6999969482422,1755500.0,0.004315828022203982,0.013163142664550128,92.17950057983398,93.63980026245117,87.91345001220704,62.3558197406284,1.1047418924379997,0.4974302970124472,92.8026913302289,91.81919047684526,76.25525917602518,75.34866980355105,98.20420477615501,86.15479638351296,-1719500.0,0
2020-10-21,94.83999633789062,95.93000030517578,94.63999938964844,95.6999969482422,1169200.0,-0.005974293075571069,0.013330884280205922,92.58550033569335,93.60680023193359,87.9279999923706,58.99452818601114,1.081757831639294,0.6142958039378166,92.88258564425486,91.84924824660692,70.29283794395745,72.8382046551023,98.13691412420712,87.03408654717958,-2888700.0,0
2020-10-22,93.83999633789062,95.18000030517578,93.58000183105467,94.6999969482422,1632100.0,-0.010544074637426792,0.01368054043434515,92.8560001373291,93.49940017700196,87.94824996948242,59.39022535089393,0.9716505722484214,0.6857667575999375,92.92013116165234,91.86905668532616,59.832584226621805,68.79356044886812,98.07193933934553,87.64006093531268,-4520800.0,0
2020-10-23,95.47000122070312,96.0500030517578,93.80999755859376,94.5500030517578,2030100.0,0.017370044186098665,0.013553367173694514,93.15850028991699,93.4634002685547,87.97029998779297,65.91303024821397,1.0043401394770939,0.7494814339753688,93.02012606592884,91.90488697921052,76.88284886133651,69.00275701063858,98.23528685430583,88.08171372552815,-2490700.0,0
2020-10-26,92.52999877929688,94.91000366210938,92.02999877929688,94.9000015258789,1567800.0,-0.030795039319311268,0.015373890008674734,93.23800010681153,93.33720031738281,87.97619998931884,60.190569199471256,0.7839760428121565,0.7563803557427264,93.00090538802169,91.91110699712182,37.42406530684893,58.04649946493573,98.21737325852418,88.25862695509888,-4058500.0,0
2020-10-27,92.81999969482422,94.0500030517578,92.58999633789062,92.58999633789062,1265500.0,0.003134128599947994,0.01497857453830388,93.38549995422363,93.17620025634766,87.98645000457763,56.55689186229018,0.6255258857769945,0.7302094617495801,92.99381104711199,91.92015070555668,32.96550882273707,49.09080766364082,98.11321086577395,88.65778904267331,-2793000.0,0
2020-10-28,90.58000183105467,92.87999725341795,90.5199966430664,91.80999755859376,1598400.0,-0.02413270707966242,0.015733048394875736,93.34750022888184,93.00300033569336,87.98650001525878,47.44212015737003,0.315566236451275,0.6472808166899191,92.89915186216857,91.90681589088501,0.8380608561111992,23.742544995232382,98.15596414362993,88.53903631413375,-4391400.0,0
2020-10-29,91.91000366210938,92.56999969482422,90.1500015258789,90.31999969482422,1525100.0,0.01468317293187238,0.015652700279353525,93.3495002746582,92.84620040893554,87.99230003356934,45.13773216249273,0.17522117308703855,0.552868887969343,92.86036173667605,91.90684761000168,23.373206129454534,19.05892526943425,98.15540918935963,88.54359135995676,-2866300.0,0
2020-10-30,90.31999969482422,91.51000213623048,89.13999938964844,90.9800033569336,1429300.0,-0.017299574626615355,0.016061479247598834,93.32750015258789,92.67440032958984,87.98850002288819,34.994291067716674,-0.06357053119073441,0.4295810041373275,92.76073969581913,91.89105807850738,13.817332302978054,12.67619976284791,98.18704973979091,88.46795056538487,-4295600.0,0
2020-11-02,91.12000274658205,91.56999969482422,89.79000091552734,91.52999877929688,1259800.0,0.008857429743809764,0.01596837889687857,93.3845001220703,92.49080032348633,87.9863500213623,33.97327273614938,-0.18611569102664305,0.3064416651045334,92.69639707035886,91.88338588614992,24.812061704375562,20.66753337893603,98.10343478049951,88.6655654636411,-3035800.0,0
2020-11-03,93.6500015258789,94.94000244140624,91.75,92.0999984741211,1894100.0,0.027765569611901242,0.01689872628545192,93.63300018310547,92.31800033569336,88.0071000289917,45.86301303433391,-0.07818261515899394,0.22951680905182795,92.73379332351651,91.90096415122186,56.516293722005145,31.715229243119566,97.7999822372157,89.46601812899523,-1141700.0,0
2020-11-04,95.25,96.79000091552734,92.8499984741211,94.2300033569336,1610900.0,0.017084873978127524,0.01676065787514097,93.86800003051758,92.17020034790039,88.03400001525878,46.5078526483713,0.1349065119054842,0.2105947496225592,92.83246809514331,91.9342878910107,76.56639147955683,52.631582301979165,97.82787990288026,89.9081201581549,469200.0,0
2020-11-05,95.0999984741211,96.33999633789062,93.9499969482422,96.12999725341795,1453700.0,-0.001574819169332331,0.016297765008777117,94.04650001525879,91.98740036010742,88.06979999542236,48.69614936640204,0.2883533528470821,0.2261464702674638,92.92139085510323,91.96578749880285,76.90321399319556,69.99529973158583,97.88254530037948,90.2104547301381,-984500.0,0
2020-11-06,95.52999877929688,95.98999786376952,93.58999633789062,95.73999786376952,1538800.0,0.004521559538119169,0.016193854291403104,94.14099998474121,91.9636003112793,88.10889999389649,51.51341525371296,0.43959117732704556,0.2688354116793802,93.0236892050716,92.0012522876635,82.45160502772177,78.64040350015803,98.0276661851797,90.25433378430273,554300.0,0
2020-11-09,95.87000274658205,101.25,95.86000061035156,97.95999908447266,2405300.0,0.003559132959591871,0.015479562869975264,94.15650024414063,91.98640029907227,88.14625,51.318802799248814,0.5801955878873741,0.331107446920979,93.13530934395438,92.0397473171055,55.573930782305965,71.64291660107442,98.06937826703594,90.24362222124532,2959600.0,0
2020-11-10,94.97000122070312,96.06999969482422,93.91999816894533,94.73999786376952,1780700.0,-0.009387728174556687,0.014985624411387082,94.07350044250488,91.960400390625,88.18729999542236,50.36579836781798,0.6119488295623796,0.3872757234492591,93.20725804500334,92.06890407236517,48.14204407282386,62.05585996095051,97.83287428586887,90.31412659914089,1178900.0,0
2020-11-11,94.31999969482422,96.12999725341795,94.1500015258789,95.98999786376952,1496000.0,-0.006844282589492101,0.014816502075514645,94.03150024414063,91.97320037841797,88.22834999084472,51.377734720754425,0.578000976051726,0.4254207739697525,93.2508949724473,92.09130303378268,42.77456683815478,48.83018056442818,97.75839334413507,90.30460714414619,-317100.0,0
2020-11-12,93.19000244140624,94.70999908447266,92.58999633789062,94.70999908447266,1869500.0,-0.011980462861260976,0.01467813395042528,93.86400032043457,91.94300048828126,88.25625,43.26242030174862,0.4546745181732774,0.4312715228104575,93.24850703005353,92.10223536619685,33.443458692280146,41.45335653441958,97.41307421873427,90.31492642213487,-2186600.0,0
2020-11-13,94.9499969482422,95.0500030517578,93.38999938964844,93.41999816894533,1449600.0,0.018886087141617658,0.014936945160765349,93.833500289917,91.98360046386719,88.2956499862671,57.68741208507305,0.49326817117082555,0.44367085248253113,93.31523212488446,92.1305713023366,47.976856034403575,41.39829385494615,97.33131986037716,90.33568071945683,-737000.0,0
2020-11-16,95.61000061035156,95.9800033569336,94.9499969482422,95.80999755859376,1707400.0,0.006951065648471033,0.014861002361199601,93.86400032043457,92.07120040893555,88.33614997863769,58.659216289672436,0.570533938773977,0.4690434697408203,93.40522304588318,92.16519248948104,53.42692728828274,44.94908067165547,97.41488308920145,90.31311755166769,970400.0,0
2020-11-17,93.81999969482422,95.1500015258789,93.4800033569336,94.5500030517578,1530300.0,-0.018721900471712183,0.015376328505182672,93.78450012207031,92.15100036621094,88.36369998931885,60.344813306511924,0.4817758894891,0.47158995369047624,93.42148879682205,92.1816582328178,38.645747888528945,46.683177070405065,97.26004034270792,90.3089599014327,-559900.0,0
2020-11-18,93.6500015258789,95.55999755859376,93.5999984741211,94.3499984741211,1873200.0,-0.0018119608771933748,0.015338821327398085,93.72500038146973,92.18780044555665,88.38840000152588,55.99998947670271,0.39318467626469555,0.45590889820532016,93.43045008031447,92.19626861384329,37.24196456584274,43.104879914218124,97.16502080362964,90.28497995930981,-2433100.0,0
2020-11-19,94.5500030517578,94.8000030517578,92.5,93.48999786376952,1605100.0,0.009610267071167078,0.015451234216954412,93.76050071716308,92.2738005065918,88.42145000457764,65.31499553893272,0.3910898625405821,0.44294509107237257,93.47435411841029,92.21968885700662,41.5357985733163,39.141170342562646,97.22011637143116,90.300885062895,-828000.0,0
2020-11-20,94.97000122070312,96.91999816894533,94.0199966430664,94.29000091552734,1680800.0,0.004442074620721215,0.01528664111069866,93.73550071716309,92.3722004699707,88.46060001373291,64.3335755273115,0.4184958896236992,0.4380552507826379,93.53300694595119,92.2470551491827,33.89474969161184,37.55750427692361,97.1500351850527,90.32096624927348,852800.0,0
2020-11-23,97.61000061035156,98.05999755859376,95.2300033569336,95.72000122070312,2779400.0,0.02779824529551478,0.016008207983720296,93.98950080871582,92.54600051879883,88.51275001525879,64.62333388741285,0.6457969061465434,0.47960358185541907,93.69288905043749,92.30041779058737,58.40000697544643,44.610185080124836,97.76333483077858,90.21566678665306,3632200.0,0
2020-11-24,111.3499984741211,112.77999877929688,104.9800033569336,107.37999725341795,9476600.0,0.14076424319079872,0.03330587800297741,94.91600074768067,93.00000045776368,88.62854999542236,81.34734868144865,1.912590444906499,0.7662009544656351,94.38532471411135,92.4899658570902,92.94871601947226,61.74782422884349,103.50607781272295,86.32592368263839,13108800.0,1
2020-11-25,111.7300033569336,112.93000030517578,109.9000015258789,111.05999755859376,3665600.0,0.003412706672832222,0.03330333474271317,95.9735008239746,93.44940048217774,88.7396000289917,82.09186131287986,2.9136103825079402,1.1956828400740962,95.06550819030045,92.68140901629262,94.12629990055272,81.82500763182378,107.13776178033122,84.80923986761799,16774400.0,0
2020-11-27,109.9000015258789,111.41000366210938,109.13999938964844,111.0999984741211,1379200.0,-0.01637878614581756,0.03295457918966407,96.87300071716308,93.87660049438476,88.84275005340577,76.30904433680287,3.5186986732226018,1.6602860067037974,95.6472530269898,92.85273829499496,85.16887550643233,90.74796380881908,109.46620560410588,84.27979583022028,15395200.0,0
2020-11-30,109.23999786376952,109.91999816894533,107.88999938964844,109.3499984741211,2186200.0,-0.006005492747458874,0.033107996976732834,97.81900062561036,94.30100051879883,88.94555004119873,74.19470277673453,3.900021700899458,2.10823314554293,96.18030184411842,93.01579560413701,81.93831431088412,87.07782990595638,111.15987035012884,84.47813090109187,13209000.0,0
2020-12-01,112.38999938964844,112.41999816894533,109.22000122070312,110.0500030517578,2039500.0,0.028835605890501936,0.032822806544483905,98.88250045776367,94.82940048217773,89.0521000289917,79.14992523807379,4.405616540022379,2.56770982443882,96.81597625766861,93.20857375125654,97.35682375202639,88.15467118978093,113.32087125315539,84.44412966237195,15248500.0,1
2020-12-02,111.62999725341795,112.6500015258789,110.94000244140624,111.66999816894533,1502300.0,-0.0067621864966437295,0.03304860796339207,99.78150024414063,95.32600036621093,89.15030002593994,78.85961051680925,4.690904445390629,2.992348748629182,97.39691825750192,93.39187149754672,93.63679377220332,90.9773106117046,115.06252897421689,84.50047151406437,13746200.0,0
2020-12-03,112.12000274658205,114.31999969482422,110.6999969482422,110.88999938964844,2252900.0,0.004389550346863391,0.032820207510556705,100.62500038146973,95.83400039672851,89.24480003356933,82.248707747536,4.900051767337359,3.3738893523708176,97.97429411981881,93.57822106221374,89.91752071947086,93.6370460812335,116.6948874566394,84.55511330630006,15999100.0,0
2020-12-04,112.51000213623048,113.4800033569336,110.7699966430664,111.56999969482422,1955800.0,0.0034784104539304916,0.03278867480521255,101.4955005645752,96.31560043334962,89.33790004730224,81.37954521967481,5.0391836459019,3.7069482110770346,98.54432188516829,93.76659699329849,91.70486900133608,91.75306116433673,118.17967677186233,84.81132435728806,17954900.0,0
2020-12-07,111.9499969482422,112.6500015258789,111.1999969482422,112.33000183105467,2024300.0,-0.004977381364815958,0.03284897495411269,102.31650047302246,96.76620040893555,89.44245002746582,79.30413295058679,5.046090730682465,3.9747767149981206,99.0700346327398,93.947526346084,89.13839239354256,90.25359403811649,119.37643636938269,85.25656457666223,15930600.0,0
2020-12-08,109.45999908447266,111.88999938964844,109.01000213623048,111.26000213623048,1973400.0,-0.0222420538780429,0.03351432968108607,102.99600028991699,97.13660034179688,89.54640003204345,77.36177403337916,4.79536464864934,4.138894301728365,99.47748421908227,94.10187930865503,77.7268529866003,86.19003812715964,120.05740363933155,85.93459694050243,13957200.0,0
2020-12-09,110.86000061035156,111.88999938964844,109.77999877929688,110.41000366210938,1898000.0,0.012790074343034696,0.03352746659074043,103.79050025939941,97.55640029907227,89.66195003509522,78.86613096290768,4.655959838310025,4.242307409044697,99.92385741089676,94.2686267842938,84.14299205836662,83.66941247950314,120.75787319841227,86.82312732038655,15855200.0,0
2020-12-10,108.29000091552734,110.75,107.79000091552734,110.66000366210938,2437800.0,-0.02318238932594996,0.03400538564986911,104.48900032043457,97.895400390625,89.77690002441406,71.8233636255016,4.288665953262651,4.251579117888288,100.25194146990188,94.40814294480359,70.29557698133091,77.38847400876593,120.95768105659427,88.02031958427487,13417400.0,0
2020-12-11,106.5500030517578,108.20999908447266,106.02999877929688,107.93000030517578,2065900.0,-0.016067945785011584,0.03424890080632208,105.15700035095215,98.18900039672852,89.89450004577637,67.65243196119053,3.813223154440351,4.163907925198701,100.4989242770335,94.52895747323099,59.298071589232286,71.24554687630992,120.75685705085542,89.55714365104888,11351500.0,0
2020-12-14,107.68000030517578,108.25,106.2699966430664,107.87999725341795,2760500.0,0.010605323519972787,0.03399839528244612,105.79350051879882,98.52740036010742,90.01010005950928,66.09139419859085,3.487411931653469,4.028608726489654,100.78053510166653,94.65981362081253,28.90790157260344,52.83385004772219,120.66147191658726,90.92552912101038,14112000.0,0
2020-12-15,110.04000091552734,110.61000061035156,107.91999816894533,108.30999755859376,2899400.0,0.021916796096425495,0.03405588645718976,106.51500053405762,98.9286003112793,90.1512000656128,46.71020513893457,3.380666299450752,3.899020241081874,101.14365140809244,94.81285031031219,48.37155239295151,45.52584185159572,120.68640668833153,92.34359437978371,17011400.0,0
2020-12-16,112.8499984741211,113.4800033569336,109.38999938964844,109.38999938964844,3202200.0,0.02553614626694567,0.03427990815477941,107.46650047302246,99.4120002746582,90.32090003967285,52.506702183972806,3.48266691935693,3.815749576736885,101.60272384205435,94.99232442139487,82.26777975440531,53.18241123998674,120.56369731063532,94.36930363540961,20213600.0,0
2020-12-17,113.0500030517578,114.16999816894533,112.30999755859376,113.2699966430664,2074500.0,0.0017723046552151622,0.03375541528486358,108.4365005493164,99.8620002746582,90.4962000656128,57.60502014549249,3.538848204173476,3.7603693022242037,102.05163675223879,95.17200281572684,84.6803799419649,71.77323736310723,120.01015974136664,96.86284135726618,22288100.0,0
2020-12-18,111.87999725341795,113.54000091552734,111.52999877929688,113.11000061035156,3392400.0,-0.010349453929728636,0.033948379112533206,109.30300025939941,100.26900024414063,90.65440006256104,56.22054038506479,3.44920232996931,3.698135907773225,102.43706265424582,95.33825151659939,70.56692193077943,79.17169387571653,118.9304496187785,99.67555090002033,18895700.0,0
2020-12-21,111.5199966430664,112.52999877929688,110.33999633789062,111.27999877929688,2369100.0,-0.0032177388200691492,0.034052448645012355,110.13050003051758,100.62660018920899,90.79445003509521,47.639712393181334,3.3109418119753826,3.620697088613657,102.7932561440035,95.49926390591746,66.22433362445896,73.82387849906775,117.0290438073341,103.23195625370106,16526600.0,0
2020-12-22,108.9800033569336,111.37000274658205,108.12999725341795,111.37000274658205,1882100.0,-0.022776124126531072,0.03472232911787024,110.69900016784668,100.89500030517578,90.89905006408691,43.44385696154656,2.9622659666535895,3.489010864221644,103.03587368176545,95.63340061687285,35.585093508389114,57.45878302120914,114.37392067212957,107.02407966356378,14644500.0,0
2020-12-23,107.62000274658205,109.43000030517578,107.5199966430664,109.43000030517578,1535200.0,-0.012479359226088893,0.03463481277643355,110.51250038146972,101.11480041503906,91.01880008697509,39.326376638709114,2.546838791667966,3.300576449710909,103.21564344901316,95.75267028980528,19.53321973595184,40.44754895626662,114.41957160399092,106.60542915894852,13109300.0,0
2020-12-24,109.02999877929688,109.04000091552734,107.48999786376952,107.87999725341795,651800.0,0.013101616769468194,0.01564994994902081,110.37750015258788,101.39220031738282,91.21220008850098,42.12668869409954,2.304816172375368,3.101424394243801,103.44365738353409,95.88478301109376,36.85503961849269,30.657784287611197,114.2940163965562,106.46098390861957,13761100.0,0
2020-12-28,107.93000030517578,109.69000244140624,107.63999938964844,109.51000213623048,1299100.0,-0.010088952457458555,0.015741601965750557,110.27900009155273,101.62000030517578,91.37835010528565,41.12191230978315,2.001182433713396,2.88137600213772,103.61959240006905,96.00463591949259,23.34154383715455,26.576601063866338,114.3424165410086,106.21558364209686,12462000.0,0
2020-12-29,109.0999984741211,109.62000274658205,107.5999984741211,108.77999877929688,1681200.0,0.010840342496406086,0.015577462943960254,110.27200012207031,101.89080032348633,91.58875011444091,49.15572058083618,1.8338204418717083,2.6718648900845183,103.834510285326,96.13493803446401,37.714986793835685,32.63719008316096,114.3434273150368,106.20057292910381,14143200.0,0
2020-12-30,107.8000030517578,109.80999755859376,107.47000122070312,109.1500015258789,1145900.0,-0.011915631902338242,0.0157395228814982,110.04250030517578,102.14680038452148,91.7455001449585,42.78982190637191,1.5780947969995793,2.4531108714675307,103.99001980557823,96.25100833314356,21.74452586214955,27.60035216437991,114.12867500299737,105.95632560735419,12997300.0,0
2020-12-31,108.04000091552734,108.3000030517578,106.9000015258789,107.94000244140624,1121300.0,0.002226325203852797,0.014260166890632356,109.86300048828124,102.39940032958984,91.95785015106202,49.338273663259486,1.3789010894716824,2.2382689150683612,104.1488425942037,96.3683117419235,24.692902788009622,28.050805147998272,113.97089701621164,105.75510396035085,14118600.0,0
2021-01-04,106.94000244140624,108.33999633789062,105.30999755859376,107.62999725341795,1664800.0,-0.010181400081449077,0.014339185036292503,109.60400047302247,102.64140045166016,92.13820014953613,51.06849237185324,1.1193745048464905,2.014490033023987,104.2582998431136,96.47350269415716,18.397345039774137,21.61159122997775,113.76556910895128,105.44243183709365,12453800.0,0
2021-01-05,107.12999725341795,107.75,106.13999938964844,106.30999755859376,1620900.0,0.0017766486597550202,0.014292741901297484,109.33500022888184,102.9072004699707,92.29400012969971,48.41131249520679,0.9184415873109089,1.7952803438813714,104.37091542783143,96.5795374658911,20.54175586283592,21.210667896873208,113.40005613752658,105.2699443202371,14074700.0,0
2021-01-06,112.97000122070312,113.25,106.79000091552734,106.9000015258789,3097300.0,0.05451324668169777,0.01888429127116269,109.38600044250488,103.2572004699707,92.47700012207031,57.04666264217968,1.2164182038706173,1.6795079158792205,104.70813447853229,96.74262665748127,86.45601731855201,41.79837274038734,113.61161735167161,105.16038353333815,17172000.0,0
2021-01-07,114.75,115.0,111.88999938964844,112.98999786376952,2508400.0,0.01575638452742334,0.019131570090472703,109.65050048828125,103.70160049438476,92.65245010375976,54.807699361501115,1.578007555889826,1.6592078438813418,105.10193312643298,96.92180450168543,97.42002128986339,68.13926482375042,114.51028263022313,104.79071834633937,19680400.0,0
2021-01-08,112.97000122070312,115.4499969482422,112.19000244140624,114.72000122070312,1928200.0,-0.01551197193287035,0.018769568281580506,109.75600051879883,104.10460052490234,92.83545009613037,49.81255411905444,1.7013268600534133,1.6676316471157562,105.41048481640436,97.08148805112839,75.54244697419988,86.47282852753841,114.81391003407403,104.69809100352363,17752200.0,0
2021-01-11,112.43000030517578,113.0999984741211,111.16999816894533,112.5,2144600.0,-0.0047800381489983,0.018640239739562,109.96300048828125,104.54160049438477,93.00690010070801,51.32786983081221,1.735479212104707,1.6812011601135464,105.6857599336111,97.23420956609404,70.21699383779622,81.05982070061981,115.10643312112414,104.81956785543836,15607600.0,0
2021-01-12,114.18000030517578,114.41999816894533,112.0500030517578,112.37999725341795,1482200.0,0.015565240551897785,0.018052662326895834,110.34450035095215,104.98700042724609,93.1925500869751,56.01811448109012,1.8820603516080894,1.721372998412455,106.01886739916266,97.40282439931873,87.47537751961885,77.74493944387164,115.5534898373655,105.13551086453879,17089800.0,0
2021-01-13,112.47000122070312,114.08000183105467,112.30999755859376,113.79000091552734,1229500.0,-0.014976345068332786,0.01799747291277104,110.58400039672851,105.43000045776367,93.355650100708,58.2040454119751,1.8390449601316305,1.7449073907562902,106.27185303922307,97.55274655674545,70.61148020796483,76.10128385512661,115.71708098393859,105.45091980951844,15860300.0,0
2021-01-14,109.97000122070312,112.95999908447266,109.6500015258789,112.66999816894533,1996000.0,-0.022228149487561355,0.01869190271649263,110.5805004119873,105.8070004272461,93.53815010070801,55.2431960960344,1.5849554658394567,1.7129170057729237,106.41687845810465,97.67630132952115,45.95664637678964,68.01450136812441,115.71523798125668,105.44576284271793,13864300.0,0
2021-01-15,108.33999633789062,109.6999969482422,107.79000091552734,109.30999755859376,1881900.0,-0.014822268479757317,0.01836919716669048,110.35500030517578,106.10080032348633,93.71515007019043,48.47546893995533,1.2377914501344378,1.6178918946452265,106.49229484554724,97.78240774751488,29.8816465648911,48.81659104988184,115.46615422038573,105.24384638996582,11982400.0,0
2021-01-19,108.0500030517578,109.5999984741211,107.12000274658205,108.58999633789062,1745400.0,-0.0026766964734648013,0.01736782809226819,110.10500030517578,106.35680038452148,93.90310009002685,50.27498357511162,0.9285575979089913,1.4800250352979796,106.55338144186922,97.8845728749203,27.02175205218659,34.28668166462243,115.14981986113233,105.06018074921923,10237000.0,0
2021-01-20,107.54000091552734,108.4499969482422,106.31999969482422,108.2300033569336,1940200.0,-0.004720056657343652,0.0173564792608593,109.88800048828125,106.60560043334961,94.08960010528564,46.313803370636634,0.6350145791964792,1.3110229440776795,106.59207240162051,97.98064678577212,21.992144883264096,26.29851450011391,114.98444506867257,104.79155590788993,8296800.0,0
2021-01-21,107.79000091552734,109.44000244140624,107.62999725341795,108.62999725341795,1431100.0,0.002324716364809909,0.017280416886811097,109.7015007019043,106.85080047607421,94.2471501159668,49.975131427843046,0.4177371191887289,1.1323657790998896,106.63904999040118,98.07825229950103,24.457628266381615,24.490508400610747,114.81943300059513,104.58356840321346,9727900.0,0
2021-01-22,107.87999725341795,108.20999908447266,106.12999725341795,107.63999938964844,1160300.0,0.0008349228789890084,0.017284450393115984,109.64650039672851,107.09100036621093,94.40535011291504,49.59918905158479,0.24992414905212001,0.9558774530903357,106.68771458895087,98.17578210003752,25.345166168824537,23.931646439490066,114.8204160072762,104.47258478618083,10888200.0,0
2021-01-25,106.37000274658205,108.18000030517578,105.75,107.63999938964844,1605700.0,-0.013996983178344191,0.016843104246291842,109.58400039672851,107.31900039672851,94.54110012054443,48.600883542108775,-0.00485678990851568,0.7637306044905655,106.67525530101484,98.257316633834,6.39178290354411,18.7315257795834,114.88951455236625,104.27848624109077,9282500.0,0
2021-01-26,105.6999969482422,106.77999877929688,104.94000244140624,106.26000213623048,1545600.0,-0.006298822798153747,0.016686138114861835,109.41750030517578,107.54660034179688,94.68180011749267,46.570742422473884,-0.25786389363517515,0.5594117048654175,106.63700987541593,98.33137315437537,7.2311598863505235,12.98936965290637,114.99809453028796,103.8369060800636,7736900.0,0
2021-01-27,101.55999755859376,105.06999969482422,99.62000274658205,104.9800033569336,2897700.0,-0.03916745041795655,0.01833702436531004,109.09900016784668,107.71400024414062,94.80875011444091,20.208858227876306,-0.7834065741492822,0.2908480490624775,106.4379113531876,98.36349877033776,12.255183339285516,8.62604204306003,115.67532529688515,102.52267503880822,4839200.0,0
2021-01-28,102.87000274658205,103.91999816894533,101.29000091552734,101.66999816894533,2034500.0,0.012898830439932674,0.01859058360876783,108.78750038146973,107.87240036010742,94.92370014190674,18.201292667735345,-1.0817269889102619,0.016333041467929632,106.29799336861484,98.40833960592228,20.53064554918889,13.338996258274959,115.92948909909344,101.64551166384601,6873700.0,0
2021-01-29,101.66000366210938,103.38999938964844,101.33999633789062,102.25,1694300.0,-0.011762409372666927,0.018456479205397707,108.48050041198731,107.99340042114258,95.04155017852783,18.77416571667854,-1.3996505799896397,-0.26686368282358425,106.11611141934013,98.440694472153,13.783794233103754,15.523207707192702,116.29720442038416,100.66379640359045,5179400.0,0
2021-02-01,100.86000061035156,102.31999969482422,100.2300033569336,102.08000183105467,1262600.0,-0.00786939821895749,0.018381881742986952,108.12150039672852,108.13420043945312,95.14370018005371,18.508443209196088,-1.6966034878987273,-0.5528116438386129,105.90998942683078,98.46476717004553,8.378366535815541,14.230935439369375,116.6504535574807,99.59254723597634,3916800.0,0
2021-02-02,104.0199966430664,104.62999725341795,101.52999877929688,101.8499984741211,2766800.0,0.03133051768384121,0.0198356633195212,107.97550010681152,108.34160034179688,95.25515014648437,24.3174815745096,-1.657844931794429,-0.7738183014297761,105.83587206276158,98.52004308519997,30.42872873490803,17.530296501275757,116.68761536771723,99.26338484590582,6683600.0,0
2021-02-03,104.94000244140624,105.29000091552734,103.26000213623048,103.76000213623048,1835300.0,0.00884450901778755,0.019859494076430066,107.86600036621094,108.54940032958984,95.38390014648438,30.17378462052703,-1.5351949460127372,-0.9260936303463684,105.80073992074765,98.58392327779904,39.880068630254335,26.229054633659285,116.67734581164848,99.0546549207734,8518900.0,0
2021-02-04,106.13999938964844,106.20999908447266,104.5199966430664,105.11000061035156,1516600.0,0.01143507642771624,0.020031123938613178,107.52450027465821,108.77280029296875,95.52590015411377,39.174671276217666,-1.3258803009278495,-1.0060509644626647,105.81404421364573,98.65910811473287,64.68254358710406,44.99711365075546,116.02694449354122,99.0220560557752,10035500.0,0
2021-02-05,105.6500015258789,107.5199966430664,105.1500015258789,106.75,1615300.0,-0.004616524086934581,0.015617551288677724,107.06950035095215,108.93360031127929,95.66790016174316,41.87312520831017,-1.18586574703464,-1.0420139209770598,105.80761116706664,98.72866924320199,60.42085531817948,54.994489178512616,114.89052868176567,99.24847202013864,8420200.0,0
2021-02-08,107.06999969482422,107.3000030517578,105.66000366210938,106.06999969482422,1681900.0,0.01344058824833505,0.015485601142494651,106.77450027465821,108.84800033569336,95.8286001586914,47.22849734157898,-0.9493773879485019,-1.0234866143713484,105.85711659952771,98.81166755615345,75.86555172877277,66.98965021135209,114.08698258850794,99.46201796080848,10102100.0,0
2021-02-09,109.81999969482422,109.87999725341795,106.69000244140624,107.29000091552734,1863600.0,0.02568413194954866,0.016425917306250398,106.64400024414063,108.80980026245118,96.0050001525879,55.72288902830154,-0.5339021506251811,-0.9255697216221149,106.01252377973542,98.92120319932431,99.4152281606607,78.56721173587097,113.61678447273411,99.67121601554715,11965700.0,0
2021-02-10,110.25,111.08999633789062,109.72000122070312,109.81999969482422,1721100.0,0.003915500877533118,0.016441200681619486,106.44750022888184,108.8168002319336,96.15490016937255,56.11940117219393,-0.1680009899091317,-0.7740559752795183,106.17869931778502,99.0339275455997,92.67657535112195,89.31911841351847,112.71157258373351,100.18342787403016,13686800.0,0
2021-02-11,109.08999633789062,111.94000244140624,108.36000061035156,110.58999633789062,1176100.0,-0.010521575166524966,0.016125123239410837,106.27849998474122,108.81380020141602,96.29640014648437,52.85781472144792,0.028052345183411376,-0.6136343111869325,106.2928678283774,99.13398793159264,76.86683300233409,89.65287883803889,112.01892739513731,100.53807257434512,12510700.0,0
2021-02-12,108.37999725341795,109.88999938964844,107.5,108.68000030517578,811900.0,-0.006508379395976371,0.015889747944296515,106.19899978637696,108.7336001586914,96.43400012969971,54.93371007117012,0.12469759704804062,-0.4659679295399378,106.37471604112409,99.22598802434713,71.10385327782198,80.21575387709265,111.76557506010677,100.63242451264715,11698800.0,0
2021-02-16,107.6500015258789,108.62999725341795,106.70999908447266,108.43000030517578,1462200.0,-0.006735520816005813,0.01523220852619022,106.16450004577636,108.65400024414062,96.57390014648438,54.772404670847415,0.14076247882435666,-0.34462184786707895,106.42472723660467,99.30980905421313,65.17856313478953,71.04974980498186,111.68355500861365,100.64544508293908,10236600.0,0
2021-02-17,108.31999969482422,108.61000061035156,106.27999877929688,107.19000244140624,1284100.0,0.006223856567101338,0.014960624851379153,106.1779998779297,108.57800018310547,96.72855014801026,69.92925265668032,0.2051919412279659,-0.23465909004806995,106.49905164673092,99.39946269242817,69.08622519550741,68.45621386937295,111.71775588121143,100.63824387464796,11520700.0,0
2021-02-18,107.76000213623048,108.47000122070312,105.04000091552734,105.95999908447266,1863100.0,-0.005169844536294765,0.014993600922627297,106.18899993896484,108.48300018310547,96.87825016021729,65.08328799308694,0.20866032514662436,-0.1459952070091311,106.54850068553483,99.48265213963019,64.30400826658989,66.18959886562892,111.7410033332362,100.63699654469349,9657600.0,0
2021-02-19,107.9000015258789,108.41999816894533,106.9800033569336,108.31999969482422,1705600.0,0.0012991776807078637,0.014956760981388538,106.19449996948242,108.4020002746582,97.03500015258788,70.60766598351469,0.22016786699052204,-0.07276259220920048,106.6015007184895,99.56640685989137,65.49956249881919,66.29659865363881,111.75339498130583,100.63560495765901,11363200.0,0
2021-02-22,104.87999725341795,107.5,104.87000274658205,107.41999816894533,2247000.0,-0.027988917791967105,0.016162355962763022,106.04449996948242,108.3104002380371,97.18110012054443,61.578336026622,-0.014237309903506912,-0.06105753574806177,106.53399077868278,99.61927840609563,32.18056960262659,53.99471345601187,111.5737191324126,100.51528080655223,9116200.0,0
2021-02-23,102.9800033569336,105.0500030517578,102.0999984741211,104.79000091552734,2226400.0,-0.01811588430817246,0.016568328605384684,105.875,108.15280029296875,97.31255012512207,46.77020534929852,-0.34929230565224145,-0.1187044897288977,106.3946187229279,99.6527184553577,8.943135447284718,35.54108918291015,111.56763308344493,100.18236691655507,6889800.0,0
2021-02-24,101.12999725341795,102.5,99.7300033569336,102.13999938964844,2482700.0,-0.01796471201407357,0.01673282756077195,105.6465000152588,108.00960021972656,97.42795009613037,38.81383685272752,-0.7553980763266708,-0.24604320704845234,106.18816297902556,99.6674177468807,11.465962337906493,17.52988912927258,111.72266603971148,99.5703339908061,4407100.0,0
2021-02-25,98.87999725341795,99.86000061035156,97.69000244140624,98.75,3412200.0,-0.02224859152682268,0.01727799695300339,105.5125,107.85620010375976,97.53280006408691,29.92255402503433,-1.244450767580716,-0.4457247191549051,105.90156824468801,99.659582717095,8.350840786047149,9.586646190412766,112.06746527928932,98.95753472071068,994900.0,0
2021-02-26,98.1999969482422,100.72000122070312,98.06999969482422,99.58999633789062,3058000.0,-0.006877025931068648,0.015214656435506525,105.27899971008301,107.66660003662109,97.64215003967286,29.611368509845747,-1.6676749714823131,-0.6901147696203868,105.59954584090582,99.64505947561389,3.5789088199015153,7.7985706479517,112.52643726886473,98.0315621513013,-2063100.0,0
2021-03-01,99.2300033569336,100.37999725341795,98.5,98.8000030517578,1889200.0,0.01048886395825721,0.01510941721590587,105.15749969482422,107.45040008544922,97.76600006103516,28.076078867777596,-1.8980902898402974,-0.9317098736643689,105.3497598611422,99.64092956398524,10.807023968613038,7.578924524853882,112.73438139560321,97.58061799404524,-173900.0,0
2021-03-02,98.9499969482422,99.9499969482422,96.54000091552734,99.9499969482422,3431200.0,-0.002821791788963246,0.014933855532741574,105.06199951171875,107.17240005493164,97.88310005187988,14.730711285801945,-2.0793211469127613,-1.1612321283140474,105.09878876651868,99.63405461258482,15.649323337176211,10.011752041896903,112.91023878766518,97.21376023577233,-3605100.0,0
2021-03-03,101.87999725341795,104.69000244140624,95.86000061035156,96.18000030517578,5164500.0,0.029610918600718517,0.016273943826004836,104.95499954223632,106.94899993896485,98.01715003967286,26.63317289321691,-1.96388294908472,-1.321762292468182,104.97256164835788,99.65640230055331,37.4377858057218,21.298044370503664,112.920530181759,96.98946890271364,1559400.0,0
2021-03-04,101.80999755859376,103.94000244140624,100.3000030517578,101.8000030517578,3035300.0,-0.0006870798656390953,0.014672456383328165,104.7984992980957,106.74759994506836,98.13325004577636,28.359109366098167,-1.8566435053697035,-1.4287385350484865,104.84853952719067,99.67783110909103,42.409105245413215,31.83207146277039,112.88730817910812,96.7096904170833,-1475900.0,0
2021-03-05,104.08000183105467,104.54000091552734,100.20999908447266,102.47000122070312,2407600.0,0.02229647703462989,0.015395864848948346,104.69549942016602,106.59880004882812,98.25370006561279,38.30252313618532,-1.570382705734346,-1.4570673691856584,104.81840079400887,99.72163380284192,64.36964276859266,48.0721779399092,112.76482241931438,96.62617642101765,931700.0,0
2021-03-08,108.06999969482422,109.31999969482422,103.23999786376952,104.48999786376952,2903100.0,0.03833587426570384,0.01740702176337417,104.81649932861328,106.58059997558594,98.39600006103515,50.970420251022425,-1.0099177743718997,-1.3676374502229067,104.94591447639378,99.80470212017508,90.71322373682781,65.83065725027787,113.0175869738589,96.61541168336765,3834800.0,0
2021-03-09,107.58999633789062,109.87000274658205,106.4499969482422,108.62999725341795,1822600.0,-0.004441596727020047,0.01740424035924882,104.84249916076661,106.57999984741211,98.52785003662109,48.29836204698065,-0.5975889047764298,-1.2136277411336114,105.04960396115837,99.88216773428171,83.7258668020098,79.60291110247674,113.07689729642155,96.60810102511167,2012200.0,0
2021-03-10,107.83000183105467,109.11000061035156,107.54000091552734,109.0,1403600.0,0.0022307417170115418,0.01717431696797956,104.74299926757813,106.55599990844726,98.65850006103516,50.165640328500366,-0.248583353305051,-1.0206188635678994,105.15863917174254,99.96125066061776,85.4389678481787,86.62601946233876,112.76962458168201,96.71637395347425,3415800.0,0
2021-03-11,108.56999969482422,108.81999969482422,107.0199966430664,107.72000122070312,1596800.0,0.006862634250242916,0.016259810752616524,104.65899925231933,106.56879989624024,98.77535007476807,51.541641416783534,0.08671807191831249,-0.7991514764706571,105.29241801578496,100.04690985498799,90.7208932652768,86.62857597182176,112.47537405254738,96.84262445209129,5012600.0,0
2021-03-12,108.61000061035156,109.33999633789062,107.37000274658205,108.55999755859376,1102000.0,0.0003684343339760421,0.016230920958298974,104.63499946594239,106.55899993896485,98.88075008392335,59.946663476566506,0.35162133483432,-0.5689969142096617,105.42251929400325,100.13211473812594,91.00641010630497,89.05542373992013,112.39684681926991,96.87315211261486,6114600.0,0
2021-03-15,109.3000030517578,109.37000274658205,107.26000213623048,108.55999755859376,1578200.0,0.006353028611809641,0.016131992831349824,104.68099975585938,106.58899993896485,98.93905010223389,68.01593035601901,0.6102024753526649,-0.3331570362971964,105.57457748058187,100.2233375074158,95.93148031469458,92.55292789542541,112.54651051441755,96.8154889973012,7692800.0,0
2021-03-16,109.04000091552734,110.29000091552734,108.1999969482422,109.41999816894533,1137300.0,-0.0023787934947022693,0.01607099471707723,104.7504997253418,106.60899993896484,98.99490009307861,74.79620702553648,0.785099751497043,-0.10950567873834849,105.71047643881502,100.31106550152637,91.33749152069215,92.75846064723055,112.7498950613876,96.75110438929599,6555500.0,0
2021-03-17,107.6999969482422,108.95999908447266,107.29000091552734,108.8499984741211,1703200.0,-0.012289104512418714,0.016239294211441067,104.7194995880127,106.62419982910156,99.05215007781982,79.32174621460612,0.8062856228637969,0.0736525815820806,105.78849685094943,100.38458720746385,82.0512549375612,89.77340892431596,112.6652767642921,96.77372241173329,4852300.0,0
2021-03-18,105.25,107.12999725341795,104.58000183105467,106.0,2586000.0,-0.02274834742492715,0.016913885517683826,104.59399948120117,106.5865998840332,99.09350006103516,70.96963496970952,0.6182544478883756,0.1825729548433396,105.76737932738278,100.43299927505129,65.07275946682006,79.48716864169113,112.41589587727518,96.77210308512716,2266300.0,0
2021-03-19,108.12000274658205,108.62999725341795,104.56999969482422,104.70999908447266,2694800.0,0.02726843464686035,0.01798373388654354,104.60499954223633,106.48959991455078,99.16125007629394,73.83374732460204,0.6928370290692669,0.28462576968852504,105.85963906931217,100.50948687178294,84.96189796914308,77.36197079117477,112.447064654626,96.76293442984665,4961100.0,0
2021-03-22,110.25,110.75,107.4499969482422,108.1999969482422,2208800.0,0.01970030705983583,0.018475795572380407,104.87349967956543,106.39959991455078,99.2462000656128,77.56096253858433,0.9132894074287492,0.4103584972365699,106.03181008620189,100.60640740042192,96.6420415010386,82.2255663123339,113.11286590174461,96.63413345738624,7169900.0,0
2021-03-23,109.86000061035156,111.30999755859376,109.62999725341795,109.9800033569336,1765700.0,-0.0035374094299177594,0.017276651060740274,105.21749954223633,106.33739990234375,99.33100006103516,72.21602723810629,1.0444895883660195,0.5371847154624598,106.181935204796,100.69848295474958,86.93696263451953,89.51363403490039,113.69505051529326,96.73994856917939,5404200.0,0
2021-03-24,110.5,112.1999969482422,109.4800033569336,109.72000122070312,1378800.0,0.005825590625275545,0.016636495297750846,105.68599967956543,106.29879989624024,99.41485004425049,73.44845077706128,1.1864328200311007,0.667034336376188,106.35127107911772,100.79601048753814,85.82154085799196,89.80018166451669,114.24765745595835,97.1243419031725,6783000.0,0
2021-03-25,111.08000183105467,111.41999816894533,109.51000213623048,110.16999816894533,1221300.0,0.005248885348910992,0.015894122037539295,106.29599990844727,106.23679992675781,99.50735004425049,70.78383366844055,1.3303892550661516,0.7997053201141808,106.53671150076231,100.89833875961293,87.500053218438,86.75285223698314,114.54879539056833,98.04320442632621,8004300.0,0
2021-03-26,114.38999938964844,114.43000030517578,110.58000183105467,110.88999938964844,2046000.0,0.029798321066181188,0.015552769095038672,107.10550003051758,106.27519989013672,99.62195003509521,69.55444083800535,1.6920598939692724,0.9781762348851992,106.84468357483628,101.03258413901628,99.59431122666109,90.97196843436366,115.18898238000244,99.02201768103271,10050300.0,0
2021-03-29,115.75,116.2300033569336,114.1999969482422,115.05999755859376,1586100.0,0.01188915654872047,0.01524706821852043,107.9314998626709,106.39079986572266,99.75520004272461,73.94366071060794,2.0646274244887337,1.1954664728059061,107.19391166994075,101.1790260878818,95.88333442386966,94.32589962298955,116.00271160448858,99.86028812085323,11636400.0,0
2021-03-30,116.2300033569336,116.6500015258789,114.5,115.5999984741211,1505700.0,0.004146897252126136,0.015257490130026526,108.79550018310547,106.54860000610351,99.89750007629395,74.30555095643349,2.371287410782287,1.4306306604011823,107.54826820668558,101.32878705573306,96.52319449268956,97.33361338107342,116.51020268416278,101.08079768204817,13142100.0,0
2021-03-31,114.45999908447266,117.26000213623048,114.1999969482422,116.0,2782800.0,-0.015228462714789615,0.015910227555514522,109.4245002746582,106.67679992675781,100.02425006866456,66.08409411941184,2.4433279434281303,1.633170117006572,107.81931647640272,101.45944588188968,77.93536238715222,90.1139637679038,116.80945738116873,102.03954316814767,10359300.0,0
2021-04-01,115.93000030517578,116.06999969482422,113.38999938964844,114.58999633789062,1521300.0,0.012842925322917864,0.01512415123910896,110.1305004119873,106.84459991455078,100.14825008392334,68.54102033614923,2.589190817740331,1.824374257153324,108.13738250890363,101.60343149804177,89.51929412783221,87.99261700255799,117.14065416981286,103.12034665416174,11880600.0,0
2021-04-05,119.26000213623048,119.6500015258789,116.02999877929688,116.44000244140624,1853400.0,0.028724245857748354,0.015793789811416676,110.88950042724609,107.07399993896485,100.29910011291504,72.25199623780387,2.939605571114768,2.0474205199456126,108.5735636707596,101.7791187680735,97.41379746489628,88.28948465996022,118.40990583074348,103.3690950237487,13734000.0,0
2021-04-06,117.61000061035156,120.37000274658205,117.47000122070312,118.11000061035156,1836600.0,-0.013835330339790897,0.01608716332669394,111.36650047302246,107.26860000610351,100.43370010375976,68.02691502681839,3.0490232126216057,2.2477410584808113,108.92793374682203,101.93663998043449,82.53163542317532,89.82157567196792,119.33100488835912,103.40199605768579,11897400.0,0
2021-04-07,117.16000366210938,118.33000183105467,116.6500015258789,117.88999938964844,1010000.0,-0.0038261792866837174,0.014385347491675492,111.84500083923339,107.48440002441406,100.57550010681152,70.67308718315337,3.06410538929714,2.4110139246440774,109.25076001800977,102.08811623597356,79.68355402238012,86.54299563681722,120.00177734358363,103.68822433488316,10887400.0,0
2021-04-08,116.87999725341795,117.25,116.16000366210938,117.1999969482422,1024600.0,-0.0023899487874630143,0.014332367738316934,112.29750061035156,107.70800003051758,100.70845008850098,78.0781970032819,3.01866663597869,2.532544466911,109.54994579194735,102.23529913166954,77.91136190460539,80.04218378338692,120.52028813837143,104.0747130823317,9862800.0,0
2021-04-09,117.5500030517578,117.6999969482422,116.08000183105467,117.16999816894533,1341900.0,0.005732424829606675,0.014330527298022661,112.74650077819824,108.02780014038086,100.84745010375977,75.47269433607624,3.0021134697308867,2.6264582674749777,109.86367352762619,102.38768424530225,78.17338677056473,78.58943423251672,121.09206513146873,104.40093642492775,11204700.0,0
2021-04-12,117.04000091552734,117.80999755859376,115.94000244140624,117.16999816894533,1461800.0,-0.004338597388261256,0.014435153662783584,113.16800079345703,108.31120010375976,100.9821501159668,70.10062747057218,2.914248414427419,2.684016296865466,110.1450981310733,102.53347844102589,69.4214690753789,75.16873925018298,121.48539379737406,104.85060778953999,9742900.0,0
2021-04-13,117.6500015258789,118.2300033569336,116.13999938964844,117.33999633789062,1115500.0,0.005211898543916016,0.014418243529719717,113.58550071716309,108.63100006103515,101.10485012054443,72.7644366362041,2.8608584805917587,2.719384733610725,110.4394080681245,102.68389160604931,75.02294423185505,74.20593335926621,121.92363348330238,105.24736795102379,10858400.0,0
2021-04-14,114.9000015258789,117.6999969482422,114.77999877929688,117.0500030517578,1710700.0,-0.023374415336451126,0.015579270875429825,113.87850074768066,108.91180007934571,101.21625011444092,61.446399601144314,2.567053165129721,2.6889184199145246,110.61433330176193,102.80544493858494,49.63166746520042,64.69202692414477,121.95172535869108,105.80527613667024,9147700.0,0
2021-04-15,117.0199966430664,117.3499984741211,115.4000015258789,115.98999786376952,1413600.0,0.018450784064698356,0.015912812507995557,114.34450073242188,109.1718000793457,101.33300010681153,64.30633389892236,2.4767260678894587,2.6464799495095117,110.86553578573466,102.94688326400266,65.78135045725703,63.47865405143748,121.98018574618442,106.70881571865934,10561300.0,0
2021-04-16,117.36000061035156,118.56999969482422,116.58000183105467,117.18000030517578,1353800.0,0.0029055202276431213,0.015499589234718029,114.95000076293945,109.42020004272462,101.4564001083374,58.347378433759005,2.404854999716676,2.598154959550945,111.12022068081768,103.09029736695142,56.87678096543481,57.42993296263074,121.3735298297421,108.52647169613681,11915100.0,0
2021-04-19,116.9499969482422,118.0500030517578,116.23999786376952,117.79000091552734,1263200.0,-0.0034935553849443357,0.014351966766991922,115.39150047302246,109.63639999389649,101.57420009613037,53.56293062517446,2.288433158447603,2.5362105993302766,111.34883935797158,103.22820482547174,51.00280582325838,57.886979081983384,121.00062591193641,109.78237503410851,10651900.0,0
2021-04-20,116.33999633789062,117.0500030517578,116.0199966430664,116.87000274658205,1273800.0,-0.005215909587595324,0.013576139116934819,115.696000289917,109.85019989013672,101.68785007476806,50.32408021418021,2.122479437442962,2.4534643669528142,111.54457100424293,103.35867041265999,42.26354626766474,50.047711018785954,120.76512423419804,110.62687634563595,9378100.0,0
2021-04-21,116.66999816894533,117.23999786376952,116.43000030517578,116.44000244140624,1278900.0,0.0028365294949490583,0.013064205031396953,116.03650016784668,110.04219985961915,101.82230007171631,57.11524791076227,1.994595848393061,2.361690663240864,111.74556814795675,103.49112143511059,46.99136392303726,46.75257200465344,120.30701251706337,111.76598781863,10657000.0,0
2021-04-22,115.1500015258789,116.97000122070312,114.33000183105467,116.70999908447266,1096200.0,-0.013028170625882463,0.013452067503891454,116.26900024414063,110.14879989624023,101.94555007934571,47.496797420699444,1.750418422785799,2.2394362151498513,111.8790753392478,103.60713019223266,13.576151829980908,34.27702067356095,119.69272489234619,112.84527559593506,9560800.0,0
2021-04-23,115.55999755859376,116.23999786376952,114.08000183105467,115.19000244140624,952700.0,0.0035605386650621185,0.013431684450473644,116.49300003051758,110.25499984741211,102.07190006256104,35.38704076780816,1.5718697708851437,2.10592292629691,112.02342523020255,103.72606419587804,23.529340415286786,28.032285389434964,118.93182813167104,114.05417192936412,10513500.0,0
2021-04-26,113.9800033569336,115.3000030517578,113.37999725341795,115.3000030517578,1577500.0,-0.013672501168572992,0.013846565408034023,116.47250022888184,110.35279998779296,102.18510009765625,35.583812114553666,1.2880287566324142,1.942344092364011,112.100153784192,103.82809344126169,11.560805804805435,16.222099350024358,118.99133779104758,113.9536626667161,8936000.0,0
2021-04-27,115.01000213623048,115.51000213623048,114.11000061035156,114.23999786376952,1232900.0,0.00903666212459564,0.012374381673485322,116.43550033569336,110.48540008544921,102.3008000946045,41.837507291948576,1.1331329500064555,1.7805018638925,112.21426548427195,103.93935621434595,31.406630367034438,22.165592195708868,119.01991076037017,113.85108991101656,10168900.0,0
2021-04-28,114.04000091552734,115.31999969482422,113.6500015258789,114.75,1167900.0,-0.008434059670342053,0.012218922963786107,116.32600021362305,110.61320007324218,102.40945011138916,39.754703416933836,0.9214836257846315,1.6086982162709265,112.28586295216432,104.0398601417209,12.716827584585047,18.561421252141624,119.12383677760805,113.52816364963805,9001000.0,0
2021-04-29,115.43000030517578,115.72000122070312,114.22000122070312,114.37999725341795,1066500.0,0.012188700267356634,0.012499167760313071,116.3745002746582,110.75540008544922,102.51480010986329,42.72975449352163,0.8560434099613161,1.4581672550090046,112.40916245620399,104.15319486971548,39.49907682899597,27.87417826020513,119.06781696749948,113.68118358181692,10067500.0,0
2021-04-30,114.9000015258789,115.88999938964844,113.5,115.48999786376952,964700.0,-0.004591516745175883,0.012070187740984369,116.32300033569337,110.8982000732422,102.61075012207031,42.67123037128005,0.752738000241763,1.3170814040555563,112.50684241972066,104.2601282692793,29.2871591029367,27.167687838839218,119.09047331566767,113.55552735571906,9102800.0,0
2021-05-03,116.2300033569336,116.87999725341795,115.26000213623048,115.61000061035156,1312500.0,0.01157529863700768,0.012007076204482376,116.17150039672852,111.06480010986328,102.7087501525879,45.36553882377785,0.7693195147594025,1.2075290261963256,112.65284873098392,104.37923150398234,54.91338656756801,41.23320749983354,118.56901801786084,113.7739827755962,10415300.0,0
2021-05-04,114.83000183105467,115.62000274658205,113.8000030517578,115.06999969482422,1442800.0,-0.012045095805251038,0.010343762249778891,116.03250045776367,111.26380020141602,102.8056001663208,49.74946411261139,0.6618625224764969,1.09839572545236,112.73822728392787,104.48321926843083,27.93841802594279,37.37965456548248,118.40103751051682,113.66396340501053,8972500.0,0
2021-05-05,114.68000030517578,115.4800033569336,113.97000122070312,115.33999633789062,2143500.0,-0.001306292114316765,0.009966271268444439,115.90850028991699,111.49780014038086,102.89340015411376,40.25001525878913,0.5581640447205984,0.9903493893060078,112.81437524554543,104.58467977625914,25.048216574741776,35.96667372275084,118.28814286649181,113.52885771334216,6829000.0,0
2021-05-06,115.6999969482422,115.73999786376952,114.43000030517578,115.25,1124300.0,0.008894285318731265,0.01017996558010242,115.8495002746582,111.78920013427734,102.99155014038087,43.45424045362443,0.5519252083790178,0.9026645531206098,112.92753688094531,104.69527994712465,49.6787326398822,34.221789080188906,118.18584318931252,113.51315736000387,7953300.0,0
2021-05-07,116.25,116.94000244140624,115.37999725341795,115.88999938964844,1211200.0,0.004753699794856958,0.010234529667195512,115.78450012207031,112.13660018920899,103.08720012664794,47.269901008247096,0.5846223725436062,0.8390561170052091,113.0578295522808,104.81025228595922,74.35239100443174,49.69311340635189,117.99033241320502,113.5786678309356,9164500.0,0
2021-05-10,116.04000091552734,117.5,115.95999908447266,116.70999908447266,1444800.0,-0.0018064437373992437,0.010147615814552655,115.73450012207032,112.4934002685547,103.18580013275147,48.792288039962834,0.5868253819164124,0.7886099699874498,113.1747774488787,104.92199107829325,64.56315264149104,62.86475876193498,117.86453866246767,113.60446158167296,7719700.0,0
2021-05-11,112.80999755859376,116.13999938964844,112.12000274658205,116.11000061035156,1738200.0,-0.027835257940793223,0.011752780663768725,115.49249992370605,112.76500015258789,103.27185012817382,37.40208025609286,0.3241998322176016,0.6957279424334802,113.16047235514205,105.00047870496292,12.825188926878347,50.58024419093369,117.79870859494284,113.18629125246926,5981500.0,0
2021-05-12,109.83000183105467,112.44000244140624,109.47000122070312,111.9499969482422,2213300.0,-0.026416060562285515,0.012804232896321623,115.23899993896484,112.98260025024415,103.34390014648437,34.14778754261985,-0.12297596797368726,0.5319871603520467,113.02986566792293,105.04853366144144,4.483196327248642,27.29051263187266,118.66309192064233,111.81490795728735,3768200.0,0
2021-05-13,109.58000183105467,111.2699966430664,109.20999908447266,110.37000274658205,1792200.0,-0.002276245068124072,0.011939953731994196,114.86700019836425,113.13660034179688,103.41360015869141,32.00963452343352,-0.4918689627905195,0.3272159357235335,112.89457689000653,105.09362289695999,4.463241323520172,7.257208859215702,119.01620588532512,110.71779451140338,1976000.0,0
2021-05-14,111.2300033569336,111.66999816894533,109.58999633789062,110.0199966430664,1089900.0,0.015057505916296732,0.011666531211602474,114.56050033569336,113.32500045776368,103.49465019226074,41.761535057725595,-0.6436582932715851,0.1330410899245098,112.8292994965527,105.15468140899954,24.366755722275343,11.1043977910147,118.83796672448565,110.28303394690107,3065900.0,0
2021-05-17,109.6500015258789,111.87000274658205,108.6999969482422,111.33000183105467,1193000.0,-0.014204816896251526,0.011876858589218138,114.1955005645752,113.43640045166016,103.57315021514893,34.454759563513804,-0.8812864527551767,-0.06982441861142749,112.70462114476156,105.19941096240133,10.795502820273924,13.20849995535646,118.844172626254,109.5468285028964,1872900.0,0
2021-05-18,110.02999877929688,110.87999725341795,109.5,110.19000244140624,1515600.0,0.0034655471785678404,0.01196394045939527,113.8800006866455,113.47560043334961,103.6565502166748,37.95795264643741,-1.0271060395109117,-0.26128074279132435,112.59973399317471,105.24747651281821,15.113651929802522,16.758636824117243,118.76628570844667,108.99371566484433,3388500.0,0
2021-05-19,108.79000091552734,109.7300033569336,107.8499984741211,109.02999877929688,1181200.0,-0.011269634440847165,0.012096461868668173,113.4860008239746,113.49960052490235,103.7279502105713,29.878789728338106,-1.2285644508651217,-0.45473748440608386,112.45033269601207,105.28272551185015,9.74095640177255,11.883370383949647,118.68578331185198,108.28621833609724,2207300.0,0
2021-05-20,108.37000274658205,108.79000091552734,107.5999984741211,108.33999633789062,1210500.0,-0.0038606320931223737,0.012019613104187064,113.14700088500976,113.5104005432129,103.79030021667481,30.079319638592978,-1.4059056304930948,-0.6449711136234861,112.29031975681873,105.31344468831514,7.77781973516001,10.877476022245007,118.75780576104474,107.53619600897478,996800.0,0
2021-05-21,108.58000183105467,109.41999816894533,107.9000015258789,108.01000213623048,1618500.0,0.001937797168499733,0.011865301481299823,112.79800109863281,113.5106005859375,103.85410022735596,24.95087358335296,-1.5120743698392118,-0.8183917648666313,112.14481709306328,105.34594774446181,9.899022281681683,9.139266139538062,118.64039217979182,106.9556100174738,2615300.0,0
2021-05-24,107.1999969482422,109.33999633789062,107.06999969482422,109.0500030517578,1064100.0,-0.012709567687792966,0.011965051593294588,112.45900077819825,113.4824005126953,103.91210021972657,24.983590548155732,-1.6881092489263239,-0.9923352616785699,111.95090257758011,105.3643959952457,1.2463782321604837,6.307740083000707,118.77983318713396,106.13816836926253,1551200.0,0
2021-05-25,106.9800033569336,108.08000183105467,106.62999725341795,107.4499969482422,1435300.0,-0.002052179081822425,0.011737666129263665,112.0575008392334,113.43600051879883,103.96455024719238,24.869448641498906,-1.8243399478149058,-1.1587361989058371,111.75596535324102,105.38047169038687,3.219926541653311,4.788442351831807,118.70761586661314,105.40738581185366,115900.0,0
2021-05-26,108.47000122070312,108.62999725341795,106.8000030517578,107.27999877929688,2126200.0,0.013927816573329421,0.012032193185200732,111.77900085449218,113.42460052490235,104.01820026397705,27.105766935668456,-1.7914229740757293,-1.2852735539398155,111.62710401471013,105.4112132777532,16.927355127520457,7.131219967111399,118.54505768714856,105.0129440218358,2242100.0,0
2021-05-27,100.11000061035156,103.8499984741211,99.5500030517578,102.33999633789062,8135700.0,-0.07707200623462274,0.020208216371935598,111.01300086975098,113.27280059814453,104.03630027770996,15.805072773460523,-2.4121128812417396,-1.5106414194002005,111.17545290081371,105.35846489300295,3.1197640880301285,7.755681919067946,119.32979926974761,102.69620246975435,-5893600.0,1
2021-05-28,97.5,100.7300033569336,97.1500015258789,100.5999984741211,5616400.0,-0.026071327484156304,0.020212689787361203,110.14300079345703,113.11780059814453,104.0277502822876,14.34614162331846,-3.0791251035651896,-1.8243381562331984,110.63916063019357,105.28027121247557,1.8430674749513571,7.296728896833962,120.20499609599605,100.08100549091802,-11510000.0,0
2021-06-01,98.87999725341795,99.47000122070312,97.37000274658205,97.98999786376952,4292800.0,0.014153817983773909,0.020767988905399864,109.27550048828125,112.93300048828125,104.03580028533935,21.159403257800605,-3.4565380312831024,-2.1507781312431793,110.17801696835923,105.216586894475,11.314556075547385,5.425795879509605,120.09128157957332,98.45971939698919,-7217200.0,0
2021-06-02,98.01000213623048,99.12999725341795,97.8499984741211,98.87999725341795,2870400.0,-0.008798494552520797,0.020332467310062108,108.43450050354004,112.68820053100586,104.03165031433106,23.185101208969,-3.782242493615115,-2.4770710037175667,109.7008399161189,105.1448795834477,5.842394966258682,6.333339505585788,120.02009656422594,96.84890444285413,-10087600.0,0
2021-06-03,100.55999755859376,101.12999725341795,98.01000213623048,98.04000091552734,4324300.0,0.026017706017584574,0.021599879462406425,107.72850036621094,112.5022004699707,104.03010028839111,31.470806729168828,-3.7909031356113303,-2.7398374300963195,109.34237550994145,105.09925886678249,23.165731996807338,13.44089434620445,119.43190946348383,96.02509126893804,-5763300.0,0
2021-06-04,101.8000030517578,102.62000274658205,100.8000030517578,102.25,3701100.0,0.012331001623598015,0.02195238578124577,107.03350067138672,112.32820053100586,104.04290031433105,30.296685754511742,-3.655569546431636,-2.922983853363383,109.04659619785582,105.0664304507126,31.589681659393047,20.19926954081967,118.38944794235812,95.67755340041532,-2062200.0,0
2021-06-07,100.3499984741211,101.7699966430664,99.88999938964844,101.6500015258789,3497300.0,-0.01424365947120343,0.021777947288664525,106.23850059509277,112.11360046386719,104.04590030670165,30.462168441730512,-3.6235499252455554,-3.0630970677398173,108.70555314986623,105.01950077930374,23.30661284783773,26.02067550134602,117.09287780402529,95.38412338616025,-5559500.0,0
2021-06-08,101.30999755859376,101.94000244140624,100.0999984741211,100.33000183105467,2900100.0,0.009566508211958258,0.021927357080330816,105.50200042724609,111.8520004272461,104.05790027618409,32.116478810740176,-3.4805881876603877,-3.1465952917239313,108.41553136197321,104.98259029949568,33.06832613049064,29.32154021257379,115.52308588715255,95.48091496733963,-2659400.0,0
2021-06-09,98.87000274658205,101.4800033569336,98.69000244140624,101.33999633789062,2298200.0,-0.02408444251121933,0.022236164578819377,104.80500068664551,111.51440048217773,104.0507502746582,30.60984484702422,-3.5235597664346585,-3.221988186666077,108.04119690646768,104.92176853280003,14.017943694182545,23.464294224170285,114.62298235211559,94.98701902117544,-4957600.0,0
2021-06-10,99.6999969482422,100.08999633789062,98.91000366210938,99.01000213623048,2525100.0,0.008394803060616463,0.021971557340892994,104.29850044250489,111.1838003540039,104.03780025482178,33.320485569162244,-3.4508620668639907,-3.26776296270566,107.71409102575296,104.86981060658553,20.782364466287422,22.622878096986852,114.07005104555834,94.52694983945143,-2432500.0,0
2021-06-11,101.18000030517578,101.6500015258789,100.0999984741211,100.22000122070312,2144700.0,0.014844567725532665,0.021864324371270918,103.87850036621094,110.91820037841796,104.03050025939942,36.42698993372832,-3.2365161704436787,-3.261513604253264,107.45785217396562,104.83309607622326,33.05988920787574,22.62006578944855,113.41345534417097,94.34354538825092,-287800.0,0
2021-06-14,100.1999969482422,101.4800033569336,99.5199966430664,101.1500015258789,2358500.0,-0.009685741786694235,0.021900563273084477,103.32700004577637,110.6036003112793,104.01030025482177,36.96946422647096,-3.1098748821154203,-3.2311858598256955,107.17323040040785,104.78699558738762,26.56791426365033,26.80338931260448,112.33286631703834,94.32113377451441,-2646300.0,0
2021-06-15,100.68000030517578,102.12999725341795,99.79000091552734,100.30999755859376,3260500.0,0.004790452809908974,0.021565493015350514,102.87849998474121,110.2320002746582,104.03010025024415,38.38494803458654,-2.936923463845133,-3.1723333806295835,106.91859392608502,104.746129962689,30.749129730326096,30.12564440061737,111.44102474115192,94.3159752283305,614200.0,0
2021-06-16,100.56999969482422,101.33999633789062,99.9000015258789,100.2699966430664,2246200.0,-0.0010925765794411735,0.021460198759734508,102.40550003051757,109.89120025634766,104.05930023193359,34.654230416625964,-2.7767259801133264,-3.0932119005263323,106.66962944642773,104.70457642768537,51.044772040419865,36.12060534479875,110.32570208689545,94.4852979741397,-1632000.0,0
2021-06-17,100.69000244140624,101.80999755859376,99.9800033569336,100.29000091552734,3748300.0,0.0011932260808009687,0.021427004868106208,102.00050010681153,109.56180023193359,104.08140026092529,51.65714808872765,-2.6099986614495094,-2.9965692527109677,106.43513426976023,104.66463041787165,64.7166384923088,48.83684675435157,109.35421287590867,94.64678733771439,2116300.0,0
2021-06-18,100.31999969482422,101.12000274658205,99.12999725341795,100.62000274658205,3684200.0,-0.00367467213835182,0.021361981295238586,101.59799995422364,109.23060028076172,104.11460025787353,59.23984043268569,-2.4791441589593433,-2.893084233960643,106.19532507074312,104.62140026142343,56.19041806175568,57.31727619816143,108.33953772787261,94.85646218057467,-1567900.0,0
2021-06-21,101.19000244140624,101.87000274658205,100.5199966430664,100.6999969482422,2973700.0,0.008672276208418817,0.021529569660521553,101.2284999847412,108.90340026855469,104.14705028533936,57.830522010662605,-2.2789685415093857,-2.7702610954703912,105.99903790880835,104.58725699953273,70.02098481479891,63.64268045628777,107.11455991420233,95.34244005528008,1405800.0,0
2021-06-22,100.87999725341795,102.1500015258789,100.37000274658205,101.04000091552734,3219300.0,-0.0030635950242988708,0.021499496056511885,100.9125,108.5802001953125,104.18685028076172,60.11272564215333,-2.12089439991081,-2.6403877563584754,105.79829121644009,104.55036884285498,62.25585113249266,62.822418003015734,106.08393246884664,95.74106753115335,-1813500.0,0
2021-06-23,101.48999786376952,101.91000366210938,100.44000244140624,101.2300033569336,2058000.0,0.006046794478187678,0.021477297951707115,100.6379997253418,108.25700012207031,104.2381502532959,53.79591252059146,-1.9242163838734854,-2.4971534818614773,105.62933853594322,104.51991739032677,71.24669732660549,67.84117775796567,104.96769010529556,96.30830934538804,244500.0,0
2021-06-24,99.33999633789062,99.9499969482422,98.37000274658205,99.62000274658205,3685000.0,-0.02118436861891404,0.021865153923682976,100.18149948120117,107.94580001831055,104.28570022583008,40.65348337014683,-1.9197056225596896,-2.38166391000112,105.38269766543135,104.46837588731746,25.661214406238873,53.054587621778985,102.48578633958799,97.87721262281435,-3440500.0,0
2021-06-25,98.3499984741211,99.62999725341795,97.66000366210938,99.5500030517578,6837100.0,-0.009965752972269093,0.021543859834271022,100.09349937438965,107.57240005493163,104.31840023040772,42.12599182033569,-1.973268751716418,-2.29998487834418,105.10690554028194,104.40749651007174,15.367375062233119,37.425095598359135,102.53936198711959,97.64763676165971,-10277600.0,0
2021-06-28,99.37999725341795,99.62000274658205,98.4499969482422,98.83000183105467,2184900.0,0.010472788970788738,0.013896333758909411,100.18749923706055,107.21279998779296,104.3640502166748,42.443232159809504,-1.9105816283287425,-2.2221042283410926,104.8823209015814,104.35747164184633,38.307225159002115,26.44527154249135,102.34067488001419,98.03432359410691,-8092700.0,0
2021-06-29,99.4800033569336,100.0500030517578,98.7300033569336,99.4000015258789,2508700.0,0.0010063001235613989,0.012574621286909215,100.21749954223633,106.8634001159668,104.41120021820069,52.92425337433541,-1.8317170803419458,-2.1440267987412636,104.67046531159521,104.30893961911089,40.53453364666541,31.40304462263353,102.30983010013212,98.12516898434053,-5584000.0,0
2021-06-30,99.5,100.29000091552734,98.9800033569336,99.87000274658205,2762100.0,0.00020101168467645536,0.012210022667597817,100.2919994354248,106.52660018920898,104.46410022735596,48.96051759197274,-1.7474591742918193,-2.0647132738513747,104.46770196604247,104.2610894736471,40.97989339232948,39.94055073266565,102.14590172891174,98.43809714193786,-2821900.0,0
2021-07-01,99.91000366210938,100.37999725341795,99.52999877929688,100.18000030517578,2073900.0,0.004120639820194727,0.01204944623758658,100.25949974060059,106.19140029907227,104.52040023803711,42.57314157882471,-1.6288242358302227,-1.9775354662471445,104.28896869922157,104.21779508746266,50.11138241636124,43.87526981845202,102.116407374506,98.40259210669518,-748000.0,0
2021-07-02,99.4499969482422,100.18000030517578,99.18000030517578,100.0,2551500.0,-0.004604210759744265,0.01063877378624119,100.14199943542481,105.87740020751953,104.57135021209717,45.33002949135017,-1.5540102271920944,-1.8928304184361344,104.09920510114395,104.17035430995799,39.86623914849831,43.65250498572966,101.88220639219676,98.40179247865285,-3299500.0,0
2021-07-06,99.0999984741211,99.48999786376952,98.0500030517578,99.27999877929688,1908100.0,-0.003519341225352246,0.010239642763142588,100.07949943542481,105.54820022583007,104.62415019989014,40.0000193148631,-1.505605851098494,-1.8153855049686063,103.90315778243716,104.11990300810886,32.0711692010202,40.68293025529323,101.87709423796967,98.28190463287994,-5207600.0,0
2021-07-07,99.37000274658205,99.9499969482422,99.06999969482422,99.2300033569336,1409300.0,0.0027245638407498163,0.009822281980994944,99.98249969482421,105.25600021362305,104.68090023040772,42.55587612784024,-1.4289854908163306,-1.738105502138151,103.72538699671736,104.07264031893945,38.08463024606115,36.6740128651932,101.70846118301883,98.2565382066296,-3798300.0,0
2021-07-08,98.2699966430664,99.27999877929688,98.08000183105467,98.5999984741211,2475900.0,-0.01106980047410211,0.00980538789725112,99.95249938964844,104.92120010375976,104.74240020751954,36.615058718283116,-1.4404203337153945,-1.6785684684535997,103.5114501201036,104.01490257092081,13.58559624001509,27.913798562365457,101.77787585580496,98.12712292349191,-6274200.0,0
2021-07-09,99.51000213623048,99.51000213623048,98.43000030517578,98.5999984741211,1755400.0,0.012618352859703252,0.008777713128282452,99.94299964904785,104.63060012817382,104.8059502029419,45.913245383885865,-1.3340463925581076,-1.6096640532745015,103.35453059132426,103.97007769097365,41.20265822505227,30.957628237042815,101.7758713010351,98.1101279970606,-4518800.0,0
2021-07-12,98.9499969482422,99.1999969482422,98.26000213623048,99.0500030517578,2051700.0,-0.005627627132613555,0.008667320480321365,99.83149948120118,104.30100006103515,104.86710018157959,38.33334922784482,-1.2801749563050606,-1.5437662338806133,103.18180378179164,103.92012663880718,28.730376389306926,27.839543618124747,101.61826226002933,98.04473670237303,-6570500.0,0
2021-07-13,98.0,99.1500015258789,97.83999633789062,98.91000366210938,1650100.0,-0.009600777943824634,0.008154701302580268,99.72149963378907,103.96300003051758,104.91495018005371,35.93755238674976,-1.299162334527196,-1.49484545400993,102.97859579034883,103.86121990608274,7.999913832720588,25.977649482359908,101.67577034012955,97.76722892744858,-8220600.0,0
2021-07-14,98.88999938964844,99.12000274658205,98.0999984741211,98.19000244140624,1680700.0,0.009081626424984002,0.008239279026871715,99.63199958801269,103.61619995117188,104.96230018615722,37.642624708006096,-1.228236114478264,-1.4415235861035969,102.81825867659587,103.8117550253222,45.22053770528613,27.316942642437862,101.56528370005813,97.69871547596725,-6539900.0,0
2021-07-15,98.68000030517578,99.37000274658205,98.12999725341795,98.56999969482422,1577900.0,-0.0021235624003314024,0.008151026899896897,99.53749961853028,103.2931999206543,105.00100017547608,46.15388035401003,-1.17542220961748,-1.3883033108063736,102.6559740345794,103.76069278930083,37.499964938361835,30.240138825456167,101.46248185902058,97.61251737803997,-8117800.0,0
2021-07-16,98.19000244140624,99.18000030517578,98.0,98.95999908447266,1453100.0,-0.004965523533179805,0.00819872445642339,99.41249961853028,102.9633999633789,105.04260017395019,49.00992856906792,-1.1597368179091205,-1.342590012226923,102.48083789367065,103.70526303459542,13.779762888114787,32.16675517725423,101.34702688895521,97.47797234810534,-9570900.0,0
2021-07-19,98.0,98.86000061035156,97.4000015258789,97.83999633789062,2314100.0,-0.0019350487491801571,0.00818323257895997,99.29649963378907,102.60940002441406,105.07590019226075,40.469669587392765,-1.149388209270768,-1.3039496516356919,102.30511876058553,103.64849424818154,20.134205850576397,23.804644559017657,101.27952542998297,97.31347383759517,-11885000.0,0
2021-07-20,99.01000213623048,99.68000030517578,97.80999755859376,97.80999755859376,1834900.0,0.010306144247249849,0.008537710126571283,99.18749961853027,102.26460006713867,105.11160018920899,47.116565565790566,-1.0476119128972954,-1.2526821038880125,102.17589850080691,103.60234009781387,54.026943578243106,29.313637438978077,100.96086790229717,97.41413133476337,-10050100.0,0
2021-07-21,99.08999633789062,99.77999877929688,98.69000244140624,99.08999633789062,1825400.0,0.0008079406113947751,0.008279658556255698,99.0979995727539,101.92559997558594,105.15325016021728,47.50302944696797,-0.9495527482227288,-1.1920562327549558,102.05488272971215,103.55744115492905,56.71131661008645,43.62415534630196,100.68231214582379,97.51368699968403,-8224700.0,0
2021-07-22,99.38999938964844,99.9800033569336,98.47000122070312,99.11000061035156,1562100.0,0.0030275816212044226,0.008309120410920768,98.99299964904785,101.65720001220703,105.20030014038086,46.79010554909834,-0.8379727860357917,-1.121239543411123,101.95037750069005,103.51597407268746,71.58268840221747,60.773649530182325,100.12305120380273,97.86294809429296,-6662600.0,0
2021-07-23,100.1500015258789,100.62000274658205,99.33999633789062,99.58000183105467,1241000.0,0.007646666072015584,0.008380860539533753,99.03349990844727,101.46360000610352,105.25765014648438,54.16668558873818,-0.6803760892836408,-1.0330668525856268,101.8797745212857,103.48248180854011,85.4036943315038,71.2325664479359,100.26904961978296,97.79795019711158,-5421600.0,0
2021-07-26,100.58999633789062,100.81999969482422,99.72000122070312,100.08999633789062,1360300.0,0.004393358016055782,0.006981395430935517,99.14549980163574,101.28379989624024,105.30785011291503,58.77500330247126,-0.5140500189123998,-0.9292634858509814,101.82919498468198,103.4537008585834,93.27475204454498,83.42037825942207,100.518617428082,97.77238217518948,-4061300.0,0
2021-07-27,99.0,100.68000030517578,98.8499984741211,100.16000366210938,1726400.0,-0.015806704401794436,0.0075197665037291805,99.12649993896484,101.03919982910156,105.34520011901856,48.114156213520204,-0.5047167654457212,-0.8443541417699294,101.71824616175327,103.40938542715472,46.7836061624125,75.1540175128204,100.4964679230722,97.75653195485748,-5787700.0,0
2021-07-28,99.02999877929688,99.61000061035156,98.8000030517578,98.86000061035156,1667100.0,0.0003030179726957183,0.007153162525530411,99.103999710083,100.82679977416993,105.3721501159668,54.347839370653354,-0.48925956434761986,-0.7733352262854676,101.61282469577459,103.36580944060887,47.660763921421655,62.57304070945969,100.46426910440265,97.74373031576336,-4120600.0,0
2021-07-29,99.0999984741211,99.97000122070312,98.91000366210938,99.4499969482422,1311000.0,0.0007068534351921674,0.007151053835129638,99.08399963378906,100.60819976806641,105.38985012054444,47.29191484901434,-0.46598959279650387,-0.7118660995876749,101.51428249100387,103.32336356034531,49.70753971971999,48.05063660118469,100.43145576634892,97.7365435012292,-2809600.0,0
2021-07-30,99.79000091552734,100.77999877929688,99.01000213623048,99.0999984741211,1317300.0,0.006962688718773702,0.007318290601464505,99.07799949645997,100.4281997680664,105.40565013885498,55.45457878252519,-0.38740478109531296,-0.6469738358892025,101.44666360569107,103.28820572308345,69.88306050425417,55.75045471513192,100.41095946037312,97.74503953254681,-1492300.0,0
2021-08-02,98.87999725341795,100.3000030517578,97.91000366210938,100.3000030517578,1749600.0,-0.009119186829948167,0.007527703490194161,99.04949951171875,100.23839965820312,105.42425010681153,55.744110373292614,-0.3940134996048812,-0.5963817686323383,101.346010023249,103.24434295224101,43.27475204454456,54.28845075617289,100.37331326568393,97.72568575775357,-3241900.0,0
2021-08-03,99.88999938964844,101.9499969482422,98.9800033569336,99.3000030517578,2631000.0,0.010214423182496324,0.007809693190307719,99.08899955749511,100.064599609375,105.44100009918213,56.42673622688134,-0.3141311172038854,-0.5399316383466477,101.28891156702937,103.21096639937939,54.725282832838786,55.96103179387916,100.4652628729838,97.71273624200643,-610900.0,0
2021-08-04,97.7300033569336,99.87000274658205,97.5199966430664,99.54000091552734,2192500.0,-0.021623746580367698,0.009132590265129376,99.00699958801269,99.87519973754883,105.45185012817383,45.118204699960025,-0.42027273910396445,-0.515999858498111,101.14934653918247,103.15642945368342,7.252794792555693,35.08427655664633,100.502987652303,97.51101152372237,-2803400.0,0
2021-08-05,98.94000244140624,99.33000183105467,97.87000274658205,97.93000030517578,1587100.0,0.012381040037964919,0.0095434236926406,99.04049987792969,99.71439971923829,105.47155014038086,53.58851779438156,-0.40211855306655764,-0.4932235974118004,101.06270559417165,103.11447495604882,33.846208019423536,31.941428548272654,100.49646953194213,97.58453022391726,-1216300.0,0
2021-08-06,98.7699966430664,99.27999877929688,98.1999969482422,98.98999786376952,1984500.0,-0.0017182716206269877,0.009221806531628303,99.00349960327148,99.52039962768555,105.48835010528565,53.69125896709852,-0.396874356431141,-0.4739537492156686,100.97279543922635,103.07124631611866,28.216702345134404,23.10523505237119,100.44678791613283,97.56021129041012,-3200800.0,0
2021-08-09,98.33999633789062,98.86000061035156,97.26000213623048,97.5500030517578,2332100.0,-0.004353551886102758,0.008821656045665777,98.9729995727539,99.48499954223632,105.50585010528565,46.59895481151512,-0.4225448893213155,-0.463671977236798,100.86954841564454,103.02416920190744,23.027620390839857,28.363510251799244,100.4465134177084,97.49948572779941,-5532900.0,0
2021-08-10,101.41999816894533,101.58999633789062,98.18000030517578,98.33999633789062,2483100.0,0.031319930300505616,0.011134521600147083,99.14399948120118,99.56339950561524,105.54375011444091,59.066150678392425,-0.19214365205061767,-0.409366312199562,100.89113468047988,103.00820730108195,88.69937386840012,46.64789886812477,100.90734910954457,97.38064985285779,-3049800.0,0
2021-08-11,102.31999969482422,103.38999938964844,101.4800033569336,101.80999755859376,3010200.0,0.00887400455657339,0.010964240695577887,99.31549949645996,99.63219955444336,105.57800010681153,60.89219073593284,0.0623548025996854,-0.31502208923971253,100.94716860261103,103.00135946420377,82.5448584952039,64.75728425148127,101.57283258927914,97.05816640364078,-39600.0,0
2021-08-12,101.44000244140624,102.76000213623048,100.7300033569336,102.55999755859376,3410900.0,-0.008600442299087518,0.0110806824255858,99.45349960327148,99.70079956054687,105.62255012512207,54.75313538886574,0.1908383716103117,-0.21384999706970773,100.96649541981868,102.98582357342967,68.18926880995052,79.81116705785149,101.87848569061353,97.02851351592943,-3450500.0,0
2021-08-13,101.7699966430664,102.37999725341795,100.83000183105467,101.80999755859376,1217900.0,0.0032530973355484605,0.011060416216194828,99.63249931335449,99.72499954223633,105.66730010986328,54.383359529856946,0.31565166402616285,-0.10794966485053363,100.99800527171075,102.97372579302805,73.5725371544212,74.76888815319185,102.18970024081624,97.07529838589274,-2232600.0,0
2021-08-16,102.29000091552734,102.6999969482422,100.75,101.2699966430664,2403400.0,0.005109602924374013,0.01098293590266108,99.84699935913086,99.73479949951172,105.72585010528564,63.276832331372894,0.45132450843404115,0.003905169806381323,101.0486717675467,102.96692256041611,82.05548177843377,74.60576258093515,102.54353199181583,97.1504667264459,170800.0,0
2021-08-17,100.4800033569336,101.98999786376952,100.05999755859376,101.9800033569336,1681800.0,-0.017694765298599147,0.011775597535315875,99.92049942016601,99.73739959716796,105.76870010375977,55.116457248756376,0.40809032763006314,0.0847422013711177,101.02637104556187,102.94217709570485,52.52859157331118,69.38553683538869,102.60106117066137,97.23993766967065,-1511000.0,0
2021-08-18,101.43000030517578,102.19000244140624,100.37000274658205,100.4800033569336,2296500.0,0.009454587146733306,0.01174430126725205,100.03749961853028,99.7397996520996,105.82425010681152,57.74086830096204,0.44535002426586345,0.15686376595006685,101.04219964397811,102.9271305604757,68.02610175102765,67.53672503425751,102.76921511155197,97.30578412550858,785500.0,0
2021-08-19,101.05999755859376,102.16999816894533,100.36000061035156,101.12000274658205,2274700.0,-0.003647863013593433,0.011792197334617989,100.12099952697754,99.78359954833985,105.87395008087158,54.310917697342596,0.43995099171169727,0.21348121110239293,101.04289760141401,102.90855212264603,61.990165170865055,60.84828616506795,102.87140929882833,97.37058975512676,-1489200.0,0
2021-08-20,102.66999816894533,102.7699966430664,100.4499969482422,100.97000122070312,1511100.0,0.015931136446130312,0.012230936781622992,100.24699935913085,99.84299957275391,105.91905006408692,62.28127297656653,0.5591403910581363,0.2826130470935416,101.1067054668074,102.90617845146492,88.25446095752076,72.75690929313781,103.22451562870322,97.26948308955849,21900.0,0
2021-08-23,103.51000213623048,103.8499984741211,102.47000122070312,102.66999816894533,2852900.0,0.008181591334041949,0.01224466859618005,100.39299964904785,99.889599609375,105.96035007476807,61.86108204397757,0.7131592923117722,0.36872229613718777,101.20095239502007,102.91218664733324,94.84072038195639,81.69511550344738,103.70850813261107,97.07749116548463,2874800.0,0
2021-08-24,105.20999908447266,105.4800033569336,103.52999877929688,103.98999786376952,2215100.0,0.016423504136390488,0.012654297652794584,100.70349960327148,99.9897996520996,106.01090007781983,75.27025062555872,0.9613144923866344,0.48724073538707713,101.35816991225352,102.93505045267793,96.71527697853746,93.27015277267151,104.58461893459662,96.82238027194634,5089900.0,0
2021-08-25,106.31999969482422,106.63999938964844,105.0199966430664,105.27999877929688,3177700.0,0.010550333808674761,0.012070936314830584,101.06799964904785,100.10259963989257,106.06485008239746,75.10202365734384,1.2333299885145124,0.6364585860125642,101.55275147235433,102.96873153966446,96.58848839526456,96.04816191858612,105.60177760444655,96.53422169364914,8267600.0,0
2021-08-26,93.4800033569336,97.9000015258789,93.41000366210938,97.25,18546900.0,-0.12076746025908514,0.029699749080993924,100.78699989318848,99.96079971313476,106.05290008544922,40.33614499475949,0.4081192877172981,0.590790726353511,101.23617311488685,102.87431633386615,0.5290983932709065,64.6109545890243,106.40206176107367,95.17193802530329,-10279300.0,1
2021-08-27,90.88999938964844,94.11000061035156,90.83999633789062,92.27999877929688,6575400.0,-0.0277065027201141,0.030199237957568466,100.34199981689453,99.76479965209961,106.03250007629394,37.385714093789105,-0.44967424776444886,0.3826977315299191,100.83044081193633,102.75506939909782,0.3164749499985031,32.4780205795113,107.4909191994001,93.19308043438896,-16854700.0,0
2021-08-30,90.93000030517578,92.61000061035156,90.7699966430664,91.0,5500100.0,0.0004401024952795929,0.030118100364612956,99.94449996948242,99.57699966430664,106.0155500793457,30.200077935610636,-1.1134192609600575,0.08347433303192378,100.44218824304376,102.63740702005383,1.0082144575799488,0.6179292669497672,108.2295104080307,91.65948953093414,-11354600.0,0
2021-08-31,90.54000091552734,92.12000274658205,90.26000213623048,90.6999969482422,3371100.0,-0.004289006800170858,0.03009514173853044,99.47700004577636,99.36399963378906,106.0023000717163,27.328713016665446,-1.6518699290372894,-0.2635945193819189,100.05386717137645,102.51703482000879,1.7093945436311624,1.0113613170698526,108.76895637383255,90.18504371772018,-14725700.0,0
2021-09-01,89.98999786376953,90.75,89.63999938964844,90.66000366210938,3043500.0,-0.00607469677707384,0.029927297367895435,99.08999977111816,99.14619964599609,105.97750007629395,27.68030429533401,-2.098783146855837,-0.6306322448767026,99.65920562990168,102.39238768611587,2.0588145536534928,1.5921411849548488,109.28879203842794,88.89120750380837,-17769200.0,0
2021-09-02,92.58999633789062,92.77999877929688,90.1500015258789,90.1500015258789,3648100.0,0.02889208285188616,0.030506909443824674,98.77249946594239,98.96819961547851,105.96240005493163,33.56017478742493,-2.2176037879876986,-0.9480265534989017,99.38198173609733,102.29485145379522,17.352923224954043,7.040377440746213,109.3782019458456,88.16679698603917,-14121100.0,0
2021-09-03,92.80999755859376,93.33000183105467,91.6500015258789,92.19000244140624,3939200.0,0.002376079807804299,0.030347202764857764,98.47449951171875,98.83759963989257,105.95735004425049,32.838518439128805,-2.2678750899239475,-1.211996260783911,99.1242568663913,102.20047479812158,18.647048052619567,12.686261943742347,109.4102904605613,87.5387085628762,-10181900.0,0
2021-09-07,92.22000122070312,92.97000122070312,92.11000061035156,92.80999755859376,3195100.0,-0.0063570343002988805,0.030357546037367743,98.16849975585937,98.71499969482421,105.9502000427246,34.356057464365094,-2.3284819421567278,-1.4352933970584745,98.85350174303099,102.10116660332139,15.176481359145221,17.058817545572925,109.45694450652145,86.88005500519729,-13377000.0,0
2021-09-08,93.08999633789062,93.47000122070312,91.5,92.30999755859376,3734300.0,0.009433909191840062,0.030471022536965105,97.75199966430664,98.58919967651367,105.94290000915527,34.156527234069074,-2.280029216555988,-1.6042405609579773,98.62748192322157,102.01150321759572,20.29409969554228,18.03920970243567,109.14948033451861,86.35451899409466,-9642700.0,0
2021-09-09,91.1999969482422,93.25,90.97000122070312,93.11000061035156,3023500.0,-0.02030292688795743,0.029709675000871624,97.19599952697754,98.42359954833984,105.92404998779297,32.29166324111192,-2.366853622549499,-1.7567631732762816,98.33620800263414,101.90392604078623,9.176456227022143,14.882345760569862,108.73920512927765,85.65279392467744,-12666200.0,0
2021-09-10,90.20999908447266,91.69000244140624,90.12999725341795,91.37000274658205,3003600.0,-0.010855240097556007,0.029574050013171795,96.63449935913086,98.23779953002929,105.88704998016357,27.112413633243534,-2.486879939767647,-1.9027865265745547,98.01753314309839,101.78756855863385,3.352939381318934,10.941165101294432,108.39888425293802,84.8701144653237,-15669800.0,0
2021-09-13,89.26000213623047,90.66999816894533,88.80999755859375,90.62999725341795,4485600.0,-0.010530949538671508,0.029587050417368355,96.00899963378906,98.02479949951172,105.77659999847413,23.929734721383184,-2.6283603728921605,-2.047901295838076,97.67410055459376,101.66291615642089,2.5238616456726404,5.017752418004553,107.95262555308159,84.06537371449653,-20155400.0,0
2021-09-14,88.43000030517578,89.54000091552734,87.87000274658203,89.54000091552734,1738600.0,-0.009298698310447273,0.029525394139715277,95.31599960327148,97.80439956665039,105.66009998321533,18.291753215822595,-2.775465013596431,-2.193414039389747,97.31158681932247,101.53124535193089,2.9834718100528366,2.9534242790147847,107.33330049429792,83.29869871224504,-21894000.0,0
2021-09-15,88.44000244140625,88.87999725341797,87.12000274658203,88.2300033569336,3290100.0,0.00011310795200669688,0.029449519631558056,94.71399955749511,97.5911996459961,105.55279998779297,14.74762972757101,-2.8582908150917063,-2.326389394530139,96.96368154960028,101.4009842284431,12.24489651482424,5.91740999018322,106.84779789064879,82.58020122434144,-18603900.0,0
2021-09-16,89.2699966430664,89.80000305175781,88.31999969482422,88.45999908447266,3920300.0,0.009384827891768088,0.029525904469886094,94.10599937438965,97.38919952392578,105.45294998168946,34.23217377886746,-2.8243993464431156,-2.4259913849127344,96.66196841601072,101.28027788431,30.75814811944645,15.32883881477449,106.03982799802695,82.17217075075236,-14683600.0,0
2021-09-17,89.30999755859375,90.4499969482422,89.16000366210938,89.30999755859375,3841900.0,0.0004480891344409432,0.02936778378993308,93.51849937438965,97.20999954223633,105.33754997253418,42.68516844026744,-2.7624683581271654,-2.493286779555621,96.37365583336693,101.16117061738746,34.48811556312755,25.830386732466064,105.16430439601679,81.87269435276251,-10841700.0,0
2021-09-20,87.68000030517578,89.86000061035156,86.87000274658203,88.51000213623047,2962600.0,-0.01825100546384606,0.029491811916876078,92.76899948120118,96.97339950561523,105.21779998779297,36.884567543935304,-2.8124940785724846,-2.5571282393589936,96.03272816559473,101.027029619256,12.27269311909372,25.83965226722255,103.85071337823851,81.68728558416385,-13804300.0,0
2021-09-21,86.26000213623047,88.22000122070312,85.9800033569336,87.63999938964844,2513200.0,-0.01619523453470484,0.029111861876092552,91.90649948120117,96.719599609375,105.0884999847412,34.05363550777044,-2.932913011731003,-2.632285193833396,95.64948400758045,100.88009402240998,3.738302525442357,16.83303706922119,102.11939743743888,81.69360152496346,-16317500.0,0
2021-09-22,85.25,86.88999938964844,84.95999908447266,86.66000366210938,3810500.0,-0.011708811862018886,0.02888765283897688,90.90849952697754,96.464599609375,104.95219997406006,32.925057591559764,-3.0744047906088525,-2.7207091131884877,95.24166110532241,100.72457069880392,3.4077654844843615,6.472920376340127,99.40427442280686,82.41272463114821,-20128000.0,0
2021-09-23,85.5999984741211,86.55999755859375,85.33000183105469,85.41000366210938,4692900.0,0.004105553948634544,0.028472484822809847,89.87249946594238,96.19879959106446,104.82044998168945,19.948371945039483,-3.1223041146931365,-2.801028113489418,94.86355668841256,100.57407744283692,7.520554982280265,4.888874330735642,94.72931954557666,85.01567938630811,-15435100.0,0
2021-09-24,84.54000091552734,85.63999938964844,84.26000213623047,85.44999694824219,3739500.0,-0.012383149269730609,0.02810804846446511,89.42549934387208,95.91599960327149,104.69584999084472,16.840372843713368,-3.2088084716875187,-2.8825841851290384,94.4587113639857,100.41453439281395,3.04016077231681,4.656160413027126,94.52393265105994,84.32706603668422,-19174600.0,0
2021-09-27,86.87000274658203,87.2699966430664,84.41000366210938,84.51000213623047,3415200.0,0.027560939269243967,0.014194264401971073,89.22449951171875,95.689599609375,104.57590000152588,31.17521265417865,-3.0541458307107945,-2.9168965142453898,94.16111494761692,100.27976293364746,28.33877165907455,12.966495804557189,94.39627288601076,84.05272613742673,-15759400.0,0
2021-09-28,86.27999877929688,87.51000213623047,86.01000213623047,86.91000366210938,2641200.0,-0.006791803253492712,0.013093911012657453,88.9919994354248,95.45519958496094,104.46584999084473,25.556349105503685,-2.945232159749395,-2.9225636433461912,93.85205156846712,100.14046179778329,22.469378454550778,17.949436961980695,94.25816982293024,83.72582904791936,-18400600.0,0
2021-09-29,100.51000213623048,101.43000030517578,92.95999908447266,93.0999984741211,26441400.0,0.16492818217735228,0.03881330220993747,89.49049949645996,95.48519958496094,104.4356499862671,67.71984464726896,-1.691180073859016,-2.6762869294487563,94.11314766916372,100.14413881607629,94.64182721574623,48.48332577645717,96.8465231152361,82.13447587768383,8040800.0,1
2021-09-30,95.72000122070312,99.77999877929688,94.25,99.41000366210938,15163900.0,-0.0476569576531799,0.0404749139551235,89.77699966430664,95.41779968261719,104.37584999084473,59.16195908239212,-1.0714962610939835,-2.3553287957778015,94.17616153392997,100.10011754647059,66.74432327663202,61.28517631564299,97.64356037497964,81.91043895363364,-7123100.0,1
2021-10-01,97.9800033569336,99.62999725341795,93.6999969482422,94.47000122070312,7063700.0,0.023610552730975787,0.04064646414987002,90.04650001525879,95.38959976196288,104.31555000305175,63.89419991052846,-0.3934931460819797,-1.9629616658386373,94.32533180149875,100.07902188289312,79.90682984182224,80.43099344473349,98.65331375704115,81.43968627347643,-59400.0,0
2021-10-04,98.37000274658205,100.25,97.66000366210938,97.9499969482422,6853200.0,0.003980397798392765,0.04026954899597718,90.3245002746582,95.35399978637696,104.24315002441406,66.06335109415471,0.17330119045018932,-1.535709094580872,94.48394634836477,100.0620167173577,82.1782301402441,76.27646108623277,99.63736629735175,81.01163425196467,6793800.0,0
2021-10-05,97.16999816894533,99.30999755859376,97.16000366210938,98.27999877929688,3641000.0,-0.012198887304376016,0.040417036216795196,90.5720001220703,95.28559982299805,104.16375,63.5854254603756,0.5196690240989454,-1.1246334708449086,94.58928171387772,100.0332404133934,75.18926854671801,79.0914428429281,100.34853264147229,80.79546760266832,3152800.0,0
2021-10-06,97.11000061035156,97.66999816894533,96.06999969482422,96.66000366210938,3488600.0,-0.0006174494157079602,0.040370641357252685,90.77300033569335,95.24779983520507,104.08990001678467,62.50000304105249,0.7803315497866521,-0.7436404667185965,94.68813343530807,100.00415345017906,74.8398360190997,77.40244490202059,100.92557239469959,80.62042827668712,-335800.0,0
2021-10-07,98.27999877929688,99.4000015258789,97.45999908447266,97.77999877929688,2546500.0,0.012048173839889653,0.04039491473876347,91.12700042724609,95.23279983520507,104.02370002746582,63.804247005422035,1.0689948463548689,-0.3811134041039035,94.82899089977823,99.98699768230958,81.65403691436504,77.22771382672757,101.82152726594155,80.43247358855062,2210700.0,0
2021-10-08,98.8499984741211,99.5199966430664,98.29000091552734,98.4000015258789,1064800.0,0.00579975276662581,0.04003215431088757,91.55900039672852,95.22779983520508,103.97305000305175,67.76963943534238,1.328443332468595,-0.03920205678940386,94.9866774713211,99.97568425735248,84.97377923009314,80.4892173878526,102.78249664661921,80.33550414683783,3275500.0,0
2021-10-11,98.4499969482422,99.62999725341795,98.4000015258789,98.8499984741211,1662200.0,-0.0040465506530443784,0.03992860960840467,92.0185001373291,95.20099975585937,103.92719997406006,70.04273312357732,1.4846670294110282,0.2655717604506826,95.12249392139644,99.96050328910263,82.64412536558453,83.09064717001421,103.59270251819305,80.44429775646515,1613300.0,0
2021-10-12,98.0999984741211,99.25,97.86000061035156,98.37000274658205,2386000.0,-0.0035550887249403695,0.03982294120598172,92.50200004577637,95.18539978027344,103.87254997253417,71.59663055249877,1.5622251241863268,0.5249024331978115,95.23925880581702,99.94199080338143,80.60569489705871,82.7411998309121,104.25159902055312,80.75240107099962,-772700.0,0
2021-10-13,97.37000274658205,98.6500015258789,97.16999816894533,97.55999755859376,1608900.0,-0.0074413429041145784,0.039791171455245085,92.94850006103516,95.1349998474121,103.81974998474121,69.53203180390966,1.5469536005264075,0.7293126666635308,95.32281739172937,99.91639888241825,76.35411769619817,79.86797931961378,104.72682530887005,81.17017481320028,-2381600.0,0
2021-10-14,98.63999938964844,99.1500015258789,96.6999969482422,97.22000122070312,2076300.0,0.01304299689065136,0.039807060240691534,93.41700019836426,95.1531997680664,103.76744998931885,73.23664573235513,1.618669904222358,0.9071841141752963,95.45290296027522,99.90369838995288,83.60751195174923,80.18910818166869,105.32395899029967,81.51004140642885,-305300.0,0
2021-10-15,99.2699966430664,99.81999969482422,98.80999755859376,99.77999877929688,1981700.0,0.006386833508882583,0.039799342002222,93.9150001525879,95.15979965209961,103.7247999572754,71.64803449850314,1.7066677019294616,1.0670808317261296,95.60259290861998,99.89739289993412,85.99219248638138,81.98460737810957,105.93134375143612,81.89865655373967,1676400.0,0
2021-10-18,100.9499969482422,101.43000030517578,98.43000030517578,98.77999877929688,2839900.0,0.016923545502034898,0.0398516436469024,94.57849998474121,95.20339965820312,103.68934993743896,74.67204890203936,1.890179759213396,1.231700617223583,95.81229502782085,99.90786657205659,94.33290097101387,87.97753513638149,106.6107002501588,82.54629971932363,4516300.0,0
2021-10-19,100.27999877929688,101.0199966430664,99.55999755859376,100.9499969482422,1975000.0,-0.0066369310470493215,0.03956985119582563,95.27949981689453,95.24219970703125,103.65604991912842,49.288795635436415,1.9589693546144247,1.3771543647017515,95.98749909650618,99.91156938008884,85.12288452181086,88.48265932640201,106.89761110541262,83.66138852837643,2541300.0,0
2021-10-20,101.33999633789062,102.38999938964844,100.0500030517578,100.30999755859376,1387300.0,0.01057037865473709,0.03921134042891872,96.08399963378906,95.24059967041016,103.62709991455078,72.58842808552285,2.075098109478944,1.5167431136571898,96.1974009491095,99.92578258364905,87.91711442157089,89.12429997146518,106.98404091309393,85.18395835448419,3928600.0,0
2021-10-21,102.4499969482422,102.72000122070312,101.0,101.18000030517578,1520300.0,0.010953233180022837,0.038941827559421,96.92649955749512,95.24319961547852,103.57449989318847,69.79627666152408,2.230981392213053,1.6595907693683625,96.44260079221274,99.95089914449078,95.93978630816572,89.65992841718247,106.98702474565843,86.86597436933181,5448900.0,0
2021-10-22,103.1500015258789,103.27999877929688,102.19000244140624,102.38999938964844,1290200.0,0.00683264615410728,0.0389276364453236,97.8569995880127,95.27739959716797,103.51649990081788,70.60345927544364,2.3835287009220565,1.8043783556791013,96.70563611510161,99.98273100898221,98.19698654750277,94.01796242574643,106.42569801585944,89.28830116016596,6739100.0,0
2021-10-25,105.0199966430664,105.3499984741211,103.0,103.33000183105467,2341800.0,0.018128890833979616,0.03863496626045691,98.76449928283691,95.34239959716797,103.47674987792969,81.98863237143944,2.625056502553207,1.9685139850539226,97.03168946913945,100.0328530550925,96.44394531828063,96.86023939131634,106.20380639325846,91.32519217241536,9080900.0,1
2021-10-26,104.95999908447266,105.8499984741211,103.81999969482422,105.36000061035156,3267000.0,-0.0005712965198205744,0.03852100518123329,99.6984992980957,95.39579956054688,103.43939987182617,81.98863237143954,2.7795863823188114,2.1307284645069005,97.34260357170155,100.08187938374306,90.27323233628697,94.97138806735677,104.88867165593064,94.50832694026076,5813900.0,1
2021-10-27,104.48999786376952,105.62000274658205,102.76000213623048,105.43000030517578,2199900.0,-0.004477908010697251,0.03847475647091122,99.89749908447266,95.47599945068359,103.39094985961914,76.83667864379902,2.831487627978589,2.2708802972012383,97.62289354393951,100.12574125916622,85.1366078300086,90.6179284948587,105.50694368768012,94.28805448126519,3614000.0,0
2021-10-28,107.27999877929688,107.29000091552734,104.37999725341795,104.77999877929688,3351500.0,0.026701129032128623,0.015684170193899165,100.47549896240234,95.59299942016601,103.36499984741211,80.56566016461578,3.062447507406773,2.4291937392423453,98.0016035531692,100.19692790115758,99.90555115690827,91.7717971077346,106.62847877551472,94.32251914928996,6965500.0,0
2021-10-29,107.76000213623048,108.41000366210938,106.81999969482422,107.12999725341795,4404900.0,0.0044743042728878635,0.01049472357322319,100.9644989013672,95.72699951171874,103.35394985198974,83.56169281400584,3.2467901592793,2.592713023249736,98.38428585054416,100.27218237115831,94.44917887955478,93.16377928882387,107.79916413590806,94.12983366682633,11370400.0,0
2021-11-01,110.76000213623048,112.62999725341795,107.8000030517578,108.16000366210938,4043800.0,0.02783964310066911,0.010888583819380028,101.58399887084961,95.88879959106445,103.36604988098145,88.31722784934055,3.5935339445437933,2.792877207508548,98.86960805782597,100.37653878673117,88.26117337499423,94.2053011371524,109.57649470931415,93.59150303238508,15414200.0,1
2021-11-02,111.3499984741211,113.88999938964844,110.04000091552734,110.11000061035156,6626400.0,0.005326799625418266,0.010880607041447206,102.29299888610839,96.04559951782227,103.38254985809326,92.6740066643128,3.8713125845167013,3.0085642829101786,99.3590351329748,100.48572744033704,85.2239641955539,89.31143881670096,111.1100598217615,93.47593795045529,22040600.0,1
2021-11-03,113.2699966430664,115.66999816894533,110.76000213623048,111.62000274658205,5865900.0,0.01724291149758339,0.010303224365701571,103.10099868774414,96.20679946899413,103.41119983673096,92.95362553227696,4.197990146866999,3.246449455701543,99.90456303533132,100.61293409907069,86.07887573511475,86.52133776855426,112.83256871167023,93.36942866381804,27906500.0,1
2021-11-04,108.06999969482422,116.48999786376952,103.4499969482422,113.06999969482422,11893700.0,-0.045907981834132916,0.015493324489675156,103.5904987335205,96.24179946899415,103.41259983062744,70.37038606871963,3.991279191049557,3.395415402771146,100.22477623766439,100.68713375673988,53.3776339579919,74.89349129622018,113.28583822015347,93.89515924688754,16012800.0,1
2021-11-05,110.0,111.86000061035156,109.04000091552734,109.45999908447266,4547000.0,0.01785879809961921,0.01567220745615397,104.14799880981445,96.57219940185547,103.42319984436035,70.70939781181184,3.9378016381462118,3.5038926498461596,100.60811834599127,100.77979909249372,61.66569552993199,67.04073507434619,113.97697181328833,94.31902580634058,20559800.0,0
2021-11-08,110.66000366210938,110.94000244140624,108.3000030517578,109.2699966430664,4045500.0,0.006000033291903462,0.015672461606331105,104.75849914550781,96.96759948730468,103.44464984893798,73.76375142701838,3.903677902927015,3.5838497004623306,101.00230992701552,100.87810958572372,64.53773697422024,59.860355487381355,114.61404679750282,94.9029514935128,24605300.0,0
2021-11-09,111.1500015258789,112.26000213623048,110.5199966430664,110.91999816894533,5406900.0,0.004427958138025101,0.015522559010396479,105.4109992980957,97.37199951171876,103.47189987182617,73.06066463622629,3.8715445735496843,3.641388675079802,101.40025861716703,100.98031746572528,65.52616478804914,63.90986576406711,115.13754122947226,95.68445736671914,30012200.0,0
2021-11-10,111.62000274658205,112.5500030517578,110.95999908447266,111.4499969482422,2693100.0,0.004228530942428366,0.015377490252701284,106.12349929809571,97.79359954833984,103.52219989776611,72.22493218417794,3.8397416969306732,3.6810592794499764,101.80103289675193,101.0861849809577,65.94407918780554,65.33599365002495,115.4493847055916,96.79761389059982,32705300.0,0
2021-11-11,113.58000183105467,113.93000030517578,111.08000183105467,111.16000366210938,3625400.0,0.017559568502453216,0.015229048385759714,106.87049942016601,98.26539962768555,103.57574989318847,73.82367343809082,3.92742037643859,3.730331498847699,102.26295324711676,101.21050156653081,78.80555762389571,70.09193386658345,116.06493863213277,97.67606020819926,36330700.0,0
2021-11-12,113.08000183105467,115.0500030517578,113.0500030517578,114.12000274658205,5184800.0,-0.004402183412038796,0.01538494923208546,107.56099967956543,98.67519973754882,103.6328498840332,69.6393920724926,3.9114715313073134,3.766559505339622,102.6871512308006,101.32860604677482,75.16389589346178,73.30451090172099,116.42023333501325,98.7017660241176,31145900.0,0
2021-11-15,129.22999572753906,131.6999969482422,121.41000366210938,123.13999938964844,19431100.0,0.14281918672598737,0.03346044203827915,108.97499961853028,99.40359970092773,103.77469985961915,83.14668300495252,5.142719424655553,4.041791489202808,103.72804709341779,101.60623181474263,91.46509445925008,81.8115159922025,121.61296011050447,96.33703912655608,50577000.0,1
2021-11-16,132.58999633789062,133.2100067138672,129.38999938964844,130.08999633789062,5559700.0,0.026000160345401424,0.033570233227409665,110.59049949645996,100.21099960327149,103.91754985809327,85.56962519191795,6.316800080102823,4.496793207382812,104.85988824025985,101.91452797915207,97.91663248480275,88.18187427917151,126.40873646644691,94.772262526473,56136700.0,1
2021-11-17,131.57000732421875,132.60000610351562,129.8800048828125,132.5800018310547,3673300.0,-0.007692805202834108,0.033602786118501385,112.10200004577636,100.98059982299804,104.05069988250733,82.18926731891654,7.0833108708286545,5.014096740071981,105.90734389061119,102.2096073756204,94.48925117107066,94.6236593717078,129.85708359227687,94.34691649927585,52463400.0,1
2021-11-18,134.25,134.47999572753906,129.44000244140625,132.25999450683594,4367200.0,0.020369328316423463,0.03362781054873093,113.69200019836425,101.8415998840332,104.19124988555909,83.17057088282269,7.816920611250808,5.574661514307747,107.0188206007833,102.5284172524799,99.25879556369009,97.22155973985447,133.39620727921059,93.98779311751791,56830600.0,1
2021-11-19,134.9600067138672,135.58999633789062,133.2100067138672,133.6699981689453,4433000.0,0.005288690606087165,0.03367603975869146,115.28250045776367,102.7366000366211,104.33779991149902,82.14667864722885,8.359243073243306,6.131577826094859,108.1145533895317,102.85111963518028,98.03985800875172,97.26263491450413,136.48237872396314,94.08262219156423,61263600.0,1
2021-11-22,132.55999755859375,135.42999267578125,132.2899932861328,135.0,5962000.0,-0.01778311378097197,0.03434930639716325,116.65950050354004,103.60259994506836,104.46524990081787,76.8821353955847,8.497423837936495,6.604747028463187,109.07319825890667,103.14673036078639,90.57249895196709,95.95705084146961,138.61680750879395,94.70219349828615,55301600.0,1
2021-11-23,144.7100067138672,149.24000549316406,132.94000244140625,133.13999938964844,8999200.0,0.09165667908150743,0.038449727502979966,118.64700088500976,104.72820007324219,104.63969993591309,81.64252201858912,9.478079881487872,7.179413599068124,110.4707201591012,103.56029529962302,90.10701477626333,92.9064572456607,143.18927475451744,94.10472701550208,64300800.0,1
2021-11-24,146.61000061035156,149.3699951171875,143.5,146.27000427246094,3758500.0,0.013129664904523164,0.03826948678018292,120.75300102233886,105.8916000366211,104.82149993896485,91.54808451685187,10.289954301864626,7.801521739627425,111.88794684346396,103.9886505763467,93.27977832954309,91.31976401925782,147.3250049650942,94.18099707958352,68059300.0,1
2021-11-26,141.11000061035156,145.30999755859375,140.25,143.52999877929688,2694000.0,-0.03751449408023311,0.03983069168246344,122.4445011138916,106.9284001159668,104.98159996032715,81.14114365471085,10.370027374218324,8.315222866545605,113.03390973628309,104.35801724335172,79.88800559377582,87.75826623319408,149.70349793242727,95.18550429535593,65365300.0,1
2021-11-29,141.35000610351562,143.8000030517578,140.39999389648438,142.3699951171875,2081700.0,0.001700839714591007,0.03984100494575622,124.12400131225586,107.96920028686523,105.14645000457763,80.9812267290368,10.333731474528847,8.718924588142254,114.14434488793928,104.72609673449765,79.35652682453983,84.17477024928623,151.71068956368808,96.53731306082364,67447000.0,1
2021-11-30,133.8300018310547,138.77000427246094,133.0,137.58999633789062,7015300.0,-0.05320130136360779,0.042429600249404606,125.27750129699707,108.89220031738282,105.27735000610352,70.04950338122703,9.58764481372647,8.892668633259099,114.91633143472814,105.01568782998578,59.54179929386878,72.9287772373948,152.43733708068896,98.11766551330518,60431700.0,1
2021-12-01,132.60000610351562,137.74000549316406,132.5,135.89999389648438,3104300.0,-0.009190732352315045,0.04247242262376217,126.34000167846679,109.81900039672851,105.39875003814697,68.30077064605078,8.795723755758814,8.873279657759042,115.60980887271981,105.29015865857812,56.202684893796196,65.03367033740157,152.86083690221244,99.81916645472113,57327400.0,1
2021-12-02,134.8300018310547,137.74000549316406,133.2899932861328,133.99000549316406,3396100.0,0.016817463234490404,0.042491004224424776,127.41800193786621,110.8106004333496,105.5341000366211,68.44938474672105,8.252928013328471,8.749209328872928,116.36354192990942,105.58408744636395,59.9669700920107,58.570484759891876,153.4501610345411,101.38584284119129,60723500.0,1
2021-12-03,137.0399932861328,137.30999755859375,134.07000732421875,135.1199951171875,2204100.0,0.01639094730449764,0.04248412090251156,128.86650161743165,111.83940032958985,105.67979999542236,70.202357830771,7.909905846720278,8.581348632442397,117.17438315956524,105.89708153432186,55.9012675276934,57.35697417116675,153.55497201254636,104.17803122231695,62927600.0,1
2021-12-06,137.80999755859375,140.1999969482422,136.52000427246094,138.00999450683594,2004300.0,0.00561882888342824,0.04054143778777476,130.25700149536132,112.90480026245118,105.84444999694824,59.767762054600205,7.612439751064386,8.387566856166796,117.9836229399193,106.21462298729969,42.142141989248586,52.67012653631755,153.56543298449935,106.94857000622329,64931900.0,1
2021-12-07,137.97999572753906,139.1699981689453,137.17999267578125,138.25999450683594,1757800.0,0.001233569203664242,0.04059149480260131,131.6230010986328,113.92700012207031,106.01944995880127,56.616744359248806,7.3061919260525485,8.171291870143946,118.76779442178675,106.5306963478991,42.84995697218964,46.96445549637719,153.23623956275966,110.00976263450598,66689700.0,1
2021-12-08,138.6300048828125,139.13999938964844,135.66000366210938,138.60000610351562,3210100.0,0.004710894154229317,0.04060135000355043,132.9970012664795,114.97400024414063,106.20694999694824,58.746276985475426,7.034845307149936,7.9440025575451445,119.54670463594462,106.85009245272411,46.111419060248124,43.70117267389543,152.52336253911446,113.47063999384451,69899800.0,1
2021-12-09,138.44000244140625,140.3000030517578,137.25999450683594,138.30999755859375,1836400.0,-0.0013705722766644834,0.040671733380779895,134.3380012512207,115.73260025024415,106.40475002288818,55.53208292201382,6.726925735109518,7.700587193058019,120.2876182753745,107.16441991529807,36.00707550330324,41.656150511913644,151.1825462279622,117.49345627447921,68063400.0,1
2021-12-10,141.5500030517578,142.16000366210938,138.80999755859375,138.80999755859375,5399300.0,0.02246460961793062,0.0407088574503708,135.73650131225585,116.64920028686524,106.62150005340577,58.18226116425983,6.657109301600343,7.491891614766484,121.12143728621307,107.5065650211335,54.21550803811123,45.44466753388752,149.72718381415876,121.74581881035294,73462700.0,1
2021-12-13,140.8800048828125,141.66000366210938,138.1199951171875,140.0399932861328,4084000.0,-0.004733296746735727,0.040850447873104406,137.12650146484376,117.50720031738281,106.82975006103516,60.79398738913229,6.473098175811458,7.288132926975479,121.89628307431501,107.83863904960792,49.67402079609838,46.6322014458376,146.35184227307147,127.90116065661603,69378700.0,1
2021-12-14,139.24000549316406,141.99000549316406,138.55999755859375,140.99000549316406,2094400.0,-0.011641108268079847,0.041017669238132486,137.627001953125,118.32460037231445,107.03120010375977,40.24259461483941,6.124336252149533,7.05537359201029,122.57642905152478,108.15109045700649,39.95262266731308,47.94738383384088,146.10433915329787,129.1496647529521,67284300.0,1
2021-12-15,140.0500030517578,140.4199981689453,137.1999969482422,138.36000061035156,3334100.0,0.005817276117771497,0.027684319566424732,138.00000228881837,119.18220046997071,107.22205013275146,37.82480147716846,5.845911914898807,6.813481256587993,123.26166724761235,108.46849257237714,58.93836448620396,49.52166931653846,146.19598130645534,129.8040232711814,70618400.0,0
2021-12-16,138.08999633789062,141.0500030517578,137.25,141.0500030517578,2758200.0,-0.013995049419190941,0.027484161111324654,138.32600173950195,120.00180038452149,107.40345012664795,43.54700194256046,5.404799298397876,6.53174486494997,123.8431703491919,108.76323390337728,49.46898078068265,49.45332264473321,145.94335855584427,130.70864492315962,67860200.0,0
2021-12-17,136.32000732421875,138.67999267578125,135.8000030517578,138.1699981689453,6217000.0,-0.012817648349710331,0.02759973689478764,138.42950210571288,120.76260055541992,107.56465015411376,39.91175239256414,4.856409386391704,6.196677769238318,124.33245807370275,109.03743065383343,39.54457428626488,49.31730651771715,145.86781784628528,130.9911863651405,61643200.0,0
2021-12-20,136.3800048828125,136.64999389648438,132.39999389648438,134.3800048828125,3517300.0,0.00044012291204653664,0.02727893274426315,138.50050201416016,121.51320068359375,107.70620018005371,57.298240128289216,4.376201603751724,5.8325825361409995,124.80491088974628,109.30949606904714,40.77876028716512,43.26410511803753,145.8256251979028,131.17537883041751,65160500.0,0
2021-12-21,136.47999572753906,137.9499969482422,135.16000366210938,137.67999267578125,1077000.0,0.0007331781870258958,0.027262034878998885,138.6965019226074,122.27380065917968,107.85065017700195,61.87268701610019,3.958075669311114,5.457681162775023,125.26275735397346,109.5798492994799,41.80325562198264,40.70886339847087,145.54673932235403,131.8462645228608,66237500.0,0
2021-12-22,136.52000427246094,137.74000549316406,135.22000122070312,136.57000732421875,1188000.0,0.00029314585414952354,0.02692662874973543,138.2870018005371,123.04220077514648,107.99410018920898,55.97174265151499,3.5885694146370497,5.083858813147429,125.70421801744355,109.84791054299217,42.213178827826,41.598398245657904,144.58016298765193,131.99384061342226,67425500.0,0
2021-12-23,137.0,137.47000122070312,135.97999572753906,136.52000427246094,1162300.0,0.003515936950757137,0.017391225388718984,137.80650177001954,123.83480072021484,108.13625019073487,49.83899640890121,3.296465091779993,4.726380068873942,126.14718985989676,110.11808058734051,47.13116291867824,43.71586578949561,142.74581512658526,132.86718841345382,68587800.0,0
2021-12-27,138.47000122070312,138.7100067138672,136.7899932861328,137.07000732421875,2194800.0,0.010729935917541011,0.017291285632967796,137.67450180053712,124.63140075683594,108.28555019378662,52.5152587947413,3.147306929463383,4.410565440991831,126.6304373642421,110.40018925035905,62.1926357655652,50.51232583735646,142.3775472899211,132.97145631115313,70782600.0,0
2021-12-28,139.2899932861328,140.52999877929688,138.19000244140625,138.5,2278400.0,0.005921802976824653,0.01539648398003733,137.57150115966797,125.43180068969727,108.4355001449585,54.756712431989186,3.0599908482016076,4.140450522433786,127.12689053764959,110.68764998703341,70.5941854066088,59.97266136361739,142.0188971659833,133.12410515335264,73061000.0,0
2021-12-29,140.3000030517578,141.3800048828125,138.4199981689453,139.2899932861328,2391100.0,0.0072511294013075656,0.015483597901625118,137.89500122070314,126.21880081176758,108.59180015563965,55.909410457407645,3.037279702041218,3.919816358355273,127.64348318526169,110.9823002662844,80.9426357655652,71.24315231257971,142.13279317146015,133.65720926994612,75452100.0,0
2021-12-30,141.27000427246094,142.60000610351562,140.14999389648438,140.2899932861328,894700.0,0.006913764786913745,0.009666590603299436,138.3285011291504,127.03860092163086,108.75965019226074,59.49028850493429,3.0622522096691682,3.7483035286180524,128.17785656123027,111.28367045540058,86.96078196712483,79.49920104643293,142.0248695270267,134.63213273127408,76346800.0,0
2021-12-31,140.52000427246094,141.3000030517578,140.14999389648438,140.82000732421875,961300.0,-0.005308982638334903,0.009464370540849634,138.6130012512207,127.82220108032226,108.93600021362305,45.89641521454729,2.9870910437404348,3.596061031642529,128.66186235382756,111.57457924960019,79.60784959040672,82.50375577436556,142.04180475989133,135.18419774255008,75385500.0,0
2022-01-03,141.1699981689453,141.8000030517578,139.88999938964844,140.52000427246094,1398000.0,0.0046256324844971,0.008920391336034793,138.81950149536132,128.59660110473632,109.10125019073486,51.15719739638197,2.946014531763808,3.466051731666785,129.15237748383217,111.86906102989218,85.98033114524554,84.18298756759235,142.3455049372354,135.29349805348724,76783500.0,0
2022-01-04,140.50999450683594,142.16000366210938,139.85000610351562,141.0800018310547,1831000.0,-0.004675240282425386,0.008418470676705118,138.95450134277343,129.34380096435547,109.25255016326905,55.49779374851376,2.8276093994000178,3.338363265213432,129.5977742298323,112.15404544259809,79.50971475074348,81.69929849546523,142.52424246680857,135.38476021873828,74952500.0,0
2022-01-05,140.39999389648438,143.36000061035156,139.82000732421875,140.83999633789062,1888000.0,-0.0007828668041561793,0.00836716512237225,139.07550125122071,130.05140090942382,109.40525012969971,51.61286239654602,2.6938433991507793,3.2094592920009015,130.0213906873481,112.4350996560696,72.99265601614981,79.49423397071293,142.67013068126323,135.4808718211782,73064500.0,0
2022-01-06,142.82000732421875,144.4600067138672,138.63999938964844,139.19000244140625,1768900.0,0.017236563624914547,0.009094274094632425,139.285001373291,130.80860107421876,109.5668501663208,70.91075157984491,2.751391411434014,3.1178457158875243,130.52329722212733,112.73743704580242,86.40134621345834,79.63457232678387,143.24058413574105,135.32941861084097,74833400.0,0
2022-01-07,140.9600067138672,143.8699951171875,140.57000732421875,142.57000732421875,1712700.0,-0.013023389686076192,0.009607878278557153,139.41100158691407,131.5380012512207,109.71625019073487,70.35085817234655,2.6167478805004123,3.017626148810102,130.9325799472936,113.0182586345394,70.97847197181049,76.79082473380619,143.4135169756145,135.40848619821364,73120700.0,0
2022-01-10,135.74000549316406,140.61000061035156,134.57000732421875,140.22999572753906,3142000.0,-0.03703178896195103,0.0126785271987491,139.12050170898436,132.10720138549806,109.82300022125244,48.06763618873338,2.065027092157294,2.8271063374795404,131.1211064392885,113.24434566795856,11.830113661785603,56.4033106156848,143.30842158699198,134.93258183097674,69978700.0,0
2022-01-11,137.11000061035156,137.2899932861328,134.67999267578125,135.55999755859375,2094100.0,0.010092788137219477,0.011797311425004276,138.93200149536133,132.69420135498046,109.9298002243042,51.76669736107926,1.718521502750633,2.6053893705337594,131.35596503423216,113.48181487136546,25.68244128297264,36.163675638856226,143.12583940441135,134.73816358631132,72072800.0,0
2022-01-12,136.89999389648438,139.0500030517578,136.0800018310547,137.94000244140625,3245800.0,-0.0015316659100892416,0.011773415015129686,138.81500091552735,133.21700119018556,110.03315017700196,51.055525838618095,1.4107058016506073,2.366452656757129,131.57337793079108,113.71483157808306,23.559016340328103,20.3571904283621,143.1021842293663,134.5278176016884,68827000.0,0
2022-01-13,134.1300048828125,137.77999877929688,133.77000427246094,137.69000244140625,5568300.0,-0.020233667912113784,0.012288912613007555,138.51900100708008,133.67260131835937,110.13150020599365,42.927565528537464,0.9324954501066429,2.0796612154270315,131.67363781126252,113.91796763086646,3.3676382425989893,17.536365288633224,143.24243323987827,133.7955687742819,63258700.0,0
2022-01-14,130.80999755859375,132.75,127.5,132.36000061035156,3482600.0,-0.024752159869966373,0.013134620134976883,138.15500106811524,134.02340133666993,110.20590019226074,32.7009968517569,0.2823586023769167,1.7202006928170086,131.63976956605984,114.08604753064483,19.51648731298769,15.48104729863824,144.00525751460384,132.30474462162664,59776100.0,0
2022-01-18,129.0399932861328,129.77000427246094,127.7300033569336,129.72000122070312,3741600.0,-0.013531108519959312,0.013115864377782595,137.79100036621094,134.4428012084961,110.25480014801025,27.804270076948086,-0.3714225576347303,1.301876042726661,131.5378175550823,114.23484301079895,9.080145498254147,10.654757017946922,144.8938146628818,130.68818606954008,56034500.0,0
2022-01-19,131.32000732421875,133.05999755859375,129.10000610351562,129.57000732421875,4711200.0,0.017669049571556128,0.013666752957616298,137.53800048828126,134.86920135498048,110.32335018157958,31.568176821327697,-0.6975300667693602,0.9019948208274567,131.5292759774014,114.40484464575836,22.523619174604203,17.040083995281993,145.19155179143328,129.88444918512923,60745700.0,0
2022-01-20,127.97000122070312,133.24000549316406,127.7300033569336,132.1300048828125,3009200.0,-0.025510249137016272,0.014605660058861538,137.11250076293945,135.21540130615233,110.37740016937256,25.13091783718083,-1.212315296522604,0.47913279735744463,131.38969657517794,114.53982132809612,2.7712325156029154,11.458332396153736,145.87901914342024,128.34598238245866,57736500.0,0
2022-01-21,126.2300033569336,128.86000061035156,125.79000091552734,127.58999633789062,3470600.0,-0.013596919959144582,0.014760202669836832,136.59800071716307,135.51700134277343,110.42415019989014,24.2337117578098,-1.7406247471824088,0.03518128844947399,131.18735566465855,114.65614154728854,2.356734358622296,9.217195349609787,146.62774336177165,126.5682580725545,54265900.0,0
2022-01-24,132.14999389648438,132.75999450683594,123.62000274658205,123.62000274658205,5619200.0,0.04689844238386942,0.0184246384721719,136.3555004119873,135.92760116577148,110.49715015411377,36.33333949849493,-1.6624562709297095,-0.30434622342636275,131.2251061835537,114.83020972986762,40.93085185248909,15.352939575571417,146.5770131901206,126.133987633854,59885100.0,0
2022-01-25,131.35000610351562,132.75,128.6699981689453,130.47999572753906,2423500.0,-0.006053634732631097,0.018415655841933675,135.99950065612794,136.2830012512207,110.56870018005371,36.17986669515218,-1.6460844821829994,-0.5726938751776901,131.23000421963064,114.99458581318751,37.092139565175806,26.793241925429044,146.40522711174103,125.59377420051483,57461600.0,0
2022-01-26,127.5999984741211,131.83999633789062,126.81999969482422,131.57000732421875,2141000.0,-0.028549733194829008,0.019058418679441518,135.41500091552734,136.57340118408203,110.61845016479492,32.59925519065074,-1.9136446924079848,-0.840884038623749,131.08765105314006,115.1200128048386,19.097864538734672,32.37361865213317,146.3426811316251,124.48732069942957,55320600.0,0
2022-01-27,128.3000030517578,130.83999633789062,127.69000244140624,129.27999877929688,1561700.0,0.005485929357426089,0.0190476354293426,134.81500091552735,136.55480133056642,110.68545017242431,29.292642663750115,-2.045622900010301,-1.0818318109010594,130.9783315236741,115.25115698639998,23.111121325503195,26.433708476471207,145.92949950289292,123.70050232816176,56882300.0,0
2022-01-28,128.49000549316406,128.69000244140625,125.7699966430664,127.8499984741211,1547000.0,0.0014809231246051269,0.018922458102285475,134.1760009765625,136.47280151367187,110.74280021667481,31.326750898435648,-2.110555797820041,-1.2875766082848557,130.8807501107129,115.38288682228819,28.66393972283599,23.624308529024603,145.1970282937133,123.15497365941172,58429300.0,0
2022-01-31,131.22000122070312,131.32000732421875,128.0,128.2100067138672,2040100.0,0.02124675547378896,0.0195830763911931,133.71100082397462,136.46580139160156,110.81210021972656,42.68607939604841,-1.919599795926331,-1.4139812458131509,130.89405407581057,115.54047005013311,49.25468777581146,33.676582941383536,144.38429764356587,123.03770400438337,60469400.0,0
2022-02-01,134.24000549316406,134.39999389648438,130.4199981689453,130.91000366210938,1674600.0,0.02301481667708183,0.020398088643427147,133.36450119018554,136.46560150146485,110.89855026245117,45.591407829934205,-1.5072025898483332,-1.4326255146201874,131.02526785688326,115.726535079417,68.82697690563035,48.91520146809258,143.4521014302837,123.27690095008738,62144000.0,0
2022-02-02,133.72999572753906,134.66000366210938,132.07000732421875,133.89999389648438,2008200.0,-0.003799238265458582,0.02034451111060879,133.0255012512207,136.4410012817383,110.98550025939942,45.175043976405334,-1.2076078075311045,-1.387621973202371,131.13133561651682,115.90567399133863,71.39827551928117,63.15998006690764,142.54153277387056,123.50946972857085,60135800.0,0
2022-02-03,131.83999633789062,133.83999633789062,131.25,132.85000610351562,1951800.0,-0.014132950347946704,0.020501972085521892,132.597501373291,136.42660125732422,111.06135025024415,46.41850755158964,-1.1098898204735406,-1.3320755426566049,131.1591262330413,116.0642244624486,74.4564575148493,71.56056997992026,141.46487703597057,123.73012571061145,58184000.0,0
2022-02-04,133.49000549316406,133.8300018310547,129.30999755859375,131.13999938964844,1695200.0,0.012515239692852065,0.020771915034520992,132.1310012817383,136.20220123291017,111.15305027008057,54.422450437946914,-0.8890571650023844,-1.243471867125761,131.25053326285004,116.23761531847563,89.40219137754096,78.41897480389046,139.60641581921067,124.65558674426592,59879200.0,0
2022-02-07,135.72000122070312,137.10000610351562,133.8000030517578,134.1300048828125,1759800.0,0.016705338495571986,0.020747376002545632,131.86900100708007,135.9844012451172,111.2538502883911,60.858261541186046,-0.5280170245873421,-1.1003808986180772,131.4258065160992,116.43146990456746,89.762577602752,84.54040883171406,138.34153988373205,125.3964621304281,61639000.0,0
2022-02-08,139.36000061035156,140.17999267578125,135.94000244140625,136.0800018310547,2575500.0,0.026819918633283812,0.02151760499835252,132.05000076293945,135.9494012451172,111.3807502746582,62.51555213093291,0.051236792001361664,-0.8700573604941895,131.73695138254047,116.65961448870463,95.04835408152124,91.40437435393805,139.15034232275815,124.94965920312076,64214500.0,0
2022-02-09,141.60000610351562,142.3800048828125,140.0500030517578,140.2100067138672,1423400.0,0.016073518106727747,0.020058936087236134,132.27450103759764,135.9544012451172,111.51370029449463,71.97678263539527,0.6831741316095759,-0.5594110620734365,132.12373784218656,116.90777758934952,95.84222446440721,93.55105204956014,140.2753106656647,124.27369140953058,65637900.0,0
2022-02-10,137.92999267578125,140.74000549316406,137.08999633789062,138.72999572753906,2306300.0,-0.02591817280750286,0.0208736485020157,132.3260009765625,136.03640106201172,111.6331502532959,67.75953297209159,0.8777316697556046,-0.2719825157076283,132.35143411017066,117.11695385886627,76.27925532888338,89.05661129160393,140.46425232700815,124.18774962611685,63331600.0,0
2022-02-11,137.42999267578125,139.63999938964844,137.00999450683594,137.75999450683594,1171000.0,-0.0036250273801964328,0.020888781388805816,132.49100036621093,136.13300079345703,111.74315021514893,59.593008910744516,0.9802741093884606,-0.02153119068841053,132.55059326960637,117.31907364808932,70.19861678824238,80.77336552717763,140.9121478896487,124.06985284277314,62160600.0,0
2022-02-14,136.9600067138672,138.07000732421875,135.00999450683594,137.63999938964844,1657000.0,-0.003419820904908555,0.020374632901586566,132.79850082397462,136.17560089111328,111.85345024108886,60.31628137195372,1.011950655051976,0.18516517845966676,132.7235114438911,117.51450581789805,67.36908199734786,71.28231803815784,141.40822376493304,124.1887778830162,60503600.0,0
2022-02-15,137.7899932861328,139.1699981689453,137.00999450683594,138.58999633789062,2075900.0,0.006060065213048693,0.0195037628025477,133.23600082397462,136.1906008911133,111.96125019073486,70.99297448476463,1.091446015338846,0.3664213458355027,132.92219700633197,117.7162519618606,72.36598844246056,69.97789574268357,141.9304068465797,124.54159480136954,62579500.0,0
2022-02-16,136.75999450683594,138.3000030517578,133.5,137.3699951171875,1752600.0,-0.007475134839131536,0.019296079010124173,133.50800018310548,136.16960083007814,112.07090015411377,67.19510031720905,1.0591254290061727,0.5049621624696368,133.07269886909685,117.90574193743251,66.16491518331438,68.63332854104091,142.2899569698055,124.72604339640546,60826900.0,0
2022-02-17,135.75,137.24000549316406,134.82000732421875,135.5,1455900.0,-0.007385160481162889,0.019114002760650034,133.89700012207032,136.12500091552735,112.1762501525879,64.28008463766376,0.9411638644793356,0.5922025028715766,133.17769107030875,118.08329674402523,53.894279335489514,64.1417276537548,142.32831824824424,125.4656819958964,59371000.0,0
2022-02-18,142.83999633789062,143.64999389648438,134.94000244140625,135.3000030517578,3914200.0,0.052228333980778086,0.021004093474121844,134.72749977111818,136.2092007446289,112.31195014953613,69.50973068082486,1.4036020746164866,0.7544824172205586,133.5566050023708,118.32963206336719,94.35148001779129,71.47022484553172,143.2507014671173,126.20429807511906,63285200.0,0
2022-02-22,139.7899932861328,142.83999633789062,139.22000122070312,142.32000732421875,4096200.0,-0.02135258421977959,0.02141991961430978,135.1094997406006,136.23620056152345,112.4296501159668,59.308937013597266,1.5066106616251034,0.9049080661014677,133.801051601734,118.54316799593202,73.08227617776814,73.77601184368297,143.82887222511783,126.39012725608336,59189000.0,0
2022-02-23,136.1999969482422,141.25,135.97999572753906,139.47999572753906,2019300.0,-0.02568135424788487,0.020154207634511468,135.3519992828369,136.12920043945311,112.53045009613037,53.75494437892663,1.2837645685195014,0.9806793665850745,133.89512788983237,118.71885783625352,48.04742781867361,71.82706133807767,143.89920183757573,126.80479672809808,57169700.0,0
2022-02-24,136.1300048828125,136.44000244140625,130.60000610351562,133.24000549316406,2745600.0,-0.0005138918281788474,0.020084738151980315,135.77849960327148,136.03420043945312,112.64705013275146,56.90378459504509,1.0889568428495693,1.0023348618379735,133.98277012485119,118.8921030804979,47.55933797694369,56.22968065779512,143.50927767249965,128.04772153404332,54424100.0,0
2022-02-25,140.69000244140625,140.91000366210938,135.47999572753906,136.5399932861328,2105300.0,0.03349737306275147,0.019945598857335697,136.39799957275392,136.06320037841797,112.80135013580322,60.59447369023729,1.287680431766944,1.0594039758237677,134.24579884314747,119.10899760150197,77.3180519243631,57.64160590666012,143.57108905767285,129.22491008783499,56529400.0,0
2022-02-28,142.0800018310547,146.22000122070312,139.6999969482422,140.6999969482422,3289300.0,0.009879873235678849,0.01997564096458914,137.07749938964844,136.1038003540039,112.96385013580323,59.5956647317669,1.5395842726084368,1.1554400351807015,134.5530224897321,119.33756480776617,73.49551418813839,66.12430136314838,143.64563843364303,130.50936034565385,59818700.0,0
2022-03-01,139.7100067138672,144.35000610351562,138.49000549316406,141.72000122070312,3386900.0,-0.01668070866162874,0.020523882594041018,137.50199966430665,136.13620056152342,113.10625015258789,50.5491159276655,1.5303402722088038,1.2304200825863219,134.75525716518837,119.54027567250351,58.32268539141444,69.71208383463863,143.5532359926177,131.45076333599562,56431800.0,0
2022-03-02,139.9199981689453,141.1199951171875,131.8800048828125,133.25,4692800.0,0.0015030523583625666,0.020152475891000107,137.7859992980957,136.20820037841796,113.25760013580322,47.18496863607984,1.5224095016773163,1.2888179664045207,134.9577960280808,119.74305898092582,59.66706132433045,63.82842030129441,143.7247380475203,131.8472605486711,61124600.0,0
2022-03-03,146.47999572753906,148.77999877929688,140.64999389648438,142.0,3280000.0,0.0468839168413433,0.02191853314599341,138.4234992980957,136.4102001953125,113.43985012054443,63.06144227313054,2.0221511875398903,1.4354846106315946,135.409646996687,120.00909815253392,87.34871299028741,68.44615323534408,145.2063293104277,131.6406692857637,64404600.0,0
2022-03-04,143.47000122070312,147.16000366210938,141.6199951171875,145.2899932861328,2418100.0,-0.020548843491466906,0.022527708361117182,139.00499954223633,136.5500003051758,113.61325012207031,58.569836379035316,2.150528716516078,1.5784934318084913,135.72573931919743,120.24253997410776,70.79208086993597,72.60261839485126,145.39403684532203,132.61596223915063,61986500.0,0
2022-03-07,140.86000061035156,147.8699951171875,140.69000244140625,143.4499969482422,4305700.0,-0.018191960606012247,0.02270411392593644,139.3734992980957,136.6368002319336,113.77570011138916,55.21669309132591,2.0183967749563863,1.6664741004380703,135.9270828992427,120.44768883615994,56.4356360852881,71.52547664850381,145.2530636766259,133.4939349195655,57680800.0,0
2022-03-08,146.8000030517578,151.27999877929688,143.35000610351562,143.5399932861328,4119900.0,0.04216954717924182,0.024174081523894313,139.92749938964843,136.83280029296876,113.96680011749268,60.60251624816582,2.3657192744738325,1.806323135245223,136.35347192483152,120.70990091790719,78.33657004731111,68.52142900084505,146.41425764026008,133.4407411390368,61800700.0,0
2022-03-09,147.75,153.97999572753906,147.3300018310547,153.97999572753906,6167300.0,0.006471368722705373,0.024025003530974885,140.34699935913085,137.0184002685547,114.16955013275147,62.95686914235158,2.6866615104287632,1.982390810281931,136.80039459444598,120.97895663016683,73.35329986144387,69.37516866468101,147.70578231493417,132.98821640332753,67968000.0,0
2022-03-10,148.75,148.86000061035156,143.3300018310547,145.25,2537900.0,0.006768189509306355,0.02347845694820716,140.7044990539551,137.20760040283204,114.3784001159668,65.33020192001797,2.987266834776051,2.183366015180755,137.26900657113438,121.25528541991642,77.63046172541868,76.44011054472453,148.95970200072162,132.44929610718856,70505900.0,0
2022-03-11,147.02000427246094,149.82000732421875,146.3800048828125,148.6300048828125,1682500.0,-0.011630223378413906,0.023507197092296386,141.15899963378905,137.3420004272461,114.57115013122558,55.642564978654555,3.0507355427113794,2.35683992068688,137.65139863785308,121.51165078163329,70.23098997474924,73.73825052053725,149.76451915411033,132.55348011346777,68823400.0,0
2022-03-14,151.0800018310547,151.4499969482422,146.6999969482422,147.0800018310547,2601200.0,0.027615273028217757,0.02322360827166737,141.84150009155275,137.53820037841797,114.8260001373291,64.83577033110606,3.389569970494847,2.5633859306484736,138.17801052778256,121.80586322988626,87.59625670019729,78.48590280012172,151.32240326558266,132.36059691752283,71424600.0,0
2022-03-15,151.05999755859375,152.4600067138672,149.47000122070312,150.86000061035156,3323200.0,-0.00013240847377871123,0.02317422337598062,142.54649963378907,137.74900024414063,115.09380012512207,71.54874652550208,3.6148151788411838,2.7736717802870157,138.68318648977518,122.09694914360475,87.51069518891082,81.7793139546191,152.57988573997636,132.51311352760177,68101400.0,0
2022-03-16,152.0800018310547,153.3699951171875,149.1199951171875,151.74000549316406,1687800.0,0.006752312253052173,0.02310078304001469,143.26100006103516,137.9672003173828,115.35980014801025,72.50918305778059,3.831462732142569,2.9852299706581267,139.20855179727633,122.39528797631569,91.40273898829354,88.83656362580052,153.88599609956796,132.63600402250236,69789200.0,0
2022-03-17,155.1300048828125,155.2899932861328,150.1699981689453,151.4499969482422,1941900.0,0.020055253912648174,0.023326115450448753,144.17950057983398,138.25960052490234,115.64540016174317,71.28539168143664,4.200842537494509,3.2283524840254034,139.83292250651303,122.72100655249974,99.31658059558193,92.74333825759543,155.5855692053042,132.77343195436376,71731100.0,0
2022-03-18,157.1699981689453,157.8000030517578,152.8000030517578,154.05999755859375,2675000.0,0.013150217378474549,0.023167773607117626,145.25050048828126,138.59500061035158,115.92845016479492,71.8252913825964,4.6051043276185055,3.503702852744024,140.51280782660842,123.06378258848429,97.56942543473129,96.09624833953556,157.32677682777256,133.17422414878996,74406100.0,0
2022-03-21,154.9600067138672,157.22000122070312,153.86000061035156,157.1699981689453,2909500.0,-0.01406115340602443,0.02341801605511444,145.85650100708008,138.83780059814453,116.19425018310547,72.15927332454729,4.693058214317745,3.741573925058768,141.0793646457166,123.38115795291597,89.04322323103703,95.30974308711673,158.6202851917983,133.09271682236187,71496600.0,0
2022-03-22,156.6999969482422,157.47000122070312,155.00999450683594,155.58999633789062,1839400.0,0.011228640674931567,0.021006985438594784,146.70200119018554,139.15260040283204,116.47600017547607,73.34447953223327,4.847288449495892,3.962716829946193,141.6919384615019,123.71268868918789,93.58597366592434,93.39954077723087,160.00276384340333,133.40123853696775,73336000.0,0
2022-03-23,155.14999389648438,157.0,152.85000610351562,156.5,1249600.0,-0.009891532111961587,0.020439479489507473,147.64950103759764,139.54080017089845,116.74520015716553,64.01552618687369,4.7892373823357275,4.128020940424101,142.21970534130514,124.02549769622567,84.5119283416613,89.04704174620754,160.49223588692263,134.80676618827266,72086400.0,0
2022-03-24,156.85000610351562,157.07000732421875,154.0500030517578,154.88999938964844,1767200.0,0.010957217363253502,0.019200201362586163,148.6855010986328,139.93560028076172,117.0351001739502,72.58610244511574,4.824791082616315,4.267374968862544,142.79344262609771,124.3521097201788,94.44770944270195,90.84853715009585,160.9452324576402,136.42576973962542,73853600.0,0
2022-03-25,156.41000366210938,158.0,155.72999572753906,156.9600067138672,1618700.0,-0.002805243380837763,0.019250991981994165,149.47150115966798,140.32580047607422,117.31865020751952,78.32423457291785,4.762563261782475,4.366412627446531,143.32742541182367,124.6710937395015,89.16157780267169,89.37373852901163,161.5877263046881,137.35527601464787,72234900.0,0
2022-03-28,158.75999450683594,158.85000610351562,155.5500030517578,156.41000366210938,1621300.0,0.015024555908861315,0.01837252327752757,150.30550079345704,140.81840026855468,117.60655017852783,75.0628642030891,4.846998703024354,4.462529842562096,143.93262419986337,125.01028678196255,99.4200285315681,94.34310525898054,162.57479982919892,138.03620175771516,73856200.0,0
2022-03-29,158.61000061035156,159.88999938964844,155.99000549316406,158.75999450683594,1625500.0,-0.0009447839611629316,0.01840796113752021,151.25050048828126,141.37440032958983,117.89860019683837,73.54728739415282,4.845950048972696,4.539213883844216,144.50820758850995,125.3446122926928,92.27053763282336,93.61738132235435,162.98335407745765,139.51764689910488,72230700.0,0
2022-03-30,160.32000732421875,160.6199951171875,157.39999389648438,158.60000610351562,1876400.0,0.010781203627052927,0.017722559917731997,152.27050094604493,142.00000061035155,118.1968002319336,74.33742673916254,4.926314743924792,4.616634055860331,145.1282781663809,125.69262617360351,97.89334270577949,96.52796962339029,163.38665283749842,141.15434905459145,74107100.0,0
2022-03-31,160.14999389648438,162.1300048828125,159.64999389648438,160.32000732421875,2938900.0,-0.0010604629488979445,0.01776907028419304,152.9540008544922,142.57660034179688,118.4947002029419,79.55872502241414,4.919575872584488,4.677222419205163,145.71736505775752,126.03548555393068,87.16779022587545,92.44389018815941,164.25062328520028,141.6573784237841,71168200.0,0
2022-04-01,159.42999267578125,161.60000610351562,159.1699981689453,161.1999969482422,1528900.0,-0.004495792994962611,0.015312360860346923,153.7520004272461,143.20580017089844,118.78840015411377,72.12502981809949,4.800796592559976,4.7019372538761255,146.25511516042513,126.36776920688442,79.24665503199535,88.10259598788342,164.46766654626396,143.03633430822822,69639300.0,0
2022-04-04,156.77000427246094,159.5,156.17999267578125,159.36000061035156,1913700.0,-0.016684366339586365,0.015021105340463553,154.54750061035156,143.816600189209,119.07065017700195,63.272915323275726,4.4408331633008515,4.6497164357610705,146.667463753054,126.67027900853195,58.8009486010246,75.0717979529651,163.44066065356245,145.65434056714068,67725600.0,0
2022-04-05,155.74000549316406,158.6699981689453,155.02000427246094,156.1699981689453,1778000.0,-0.006570126626435302,0.014348611371573143,154.99450073242187,144.28840042114257,119.34340019226075,58.50373032203719,4.026037603415489,4.5249806692919545,147.02324970364657,126.9595300183293,46.571941450171025,61.53984836106364,163.11298608732926,146.87601537751448,65947600.0,0
2022-04-06,156.05999755859375,156.52999877929688,154.0,155.0,2046900.0,0.002054655542205852,0.011531105937454222,155.41000061035157,144.78260025024414,119.61930019378661,52.47470400025987,3.6807009893126406,4.356124733296092,147.37763197246804,127.24908690927721,34.94098464145124,46.7712915642156,162.78379861520912,148.03620260549403,67994500.0,0
2022-04-07,158.61000061035156,159.2899932861328,155.7899932861328,156.0,2624800.0,0.01633988909169637,0.01187641555416093,155.90300064086915,145.40280029296875,119.90490020751953,53.730578632621885,3.5716118514598634,4.199222156928846,147.8181170170909,127.56113580182523,62.06891448828789,47.86061352663669,162.6976529048718,149.1083483768665,70619300.0,0
2022-04-08,162.9199981689453,163.89999389648438,158.02000427246094,158.50999450683594,2315400.0,0.027173554895708607,0.01294787913189238,156.69800033569337,146.0952001953125,120.2228002166748,68.59811618073826,3.789258493412234,4.117229424225523,148.41034765049696,127.91296527811498,91.13125058687714,62.713716572205406,162.8020940721065,150.59390659928022,72934700.0,0
2022-04-11,165.49000549316406,166.13999938964844,162.75,162.97000122070312,2172000.0,0.015774658440357303,0.012626185344367113,157.41850051879882,146.8352001953125,120.55850025177001,69.77058974538497,4.121611763045763,4.118105891989572,149.08013815413096,128.28686617577716,95.10914804477291,82.76977103997929,164.1045401591339,150.73246087846374,75106700.0,0
2022-04-12,167.17999267578125,169.07000732421875,166.19000244140625,166.47000122070312,1862700.0,0.010212019617625856,0.011651176944096637,158.2245002746582,147.55440002441406,120.89750022888184,76.88869335079534,4.469846359086574,4.188453985408972,149.78993637066625,128.6738624593593,87.4584357673132,91.23294479965439,165.53999653007898,150.90900401923741,76969400.0,0
2022-04-13,171.07000732421875,171.52999877929688,166.77999877929688,167.5,3755200.0,0.02326842217287073,0.012249671548030156,159.17400054931642,148.29100006103516,121.25545024871826,78.9495167635459,5.002055870856168,4.351174362498412,150.6244489570801,129.09571464706934,97.37597554415474,93.31451978541361,167.9210238716268,150.42697722700603,80724600.0,0
2022-04-14,173.0500030517578,174.3000030517578,170.61000061035156,170.97000122070312,2298800.0,0.011574183917502756,0.012309281956753541,160.07000045776368,149.07740020751953,121.62320026397705,81.87740464861218,5.519974026480952,4.584934295294921,151.503882450989,129.5330707505986,93.84236545771475,92.89225892306088,170.56869920954642,149.57130170598094,83023400.0,0
2022-04-18,172.02999877929688,174.35000610351562,171.64999389648438,172.72000122070312,2195200.0,-0.005894274801924504,0.012154800620525277,160.81300048828126,149.88120025634765,121.98380023956298,76.78643920787371,5.781476810133313,4.824242798262599,152.30882818935402,129.95592575585928,88.59947602758729,93.27260567648557,172.48526427630898,149.14073670025354,80828200.0,0
2022-04-19,171.8699951171875,173.6199951171875,170.39999389648438,171.67999267578125,2016700.0,-0.000930091630789609,0.012071162126828596,161.65849990844725,150.64880004882812,122.34590023040772,76.75542170084293,5.907708307924793,5.040935900195038,153.07593277475925,130.3729811723899,87.81321748154325,90.08501965561508,173.97750946289727,149.33949035399723,78811500.0,0
2022-04-20,174.0800018310547,177.14999389648438,172.25999450683594,172.25999450683594,2727200.0,0.012858595314210186,0.011432284598003113,162.5275001525879,151.41600006103516,122.72080024719239,77.21516389608335,6.115580150230301,5.2558647502020905,153.89962175735909,130.80787690033682,86.73869168537489,87.71712839816844,175.7896680537478,149.265332251428,81538700.0,0
2022-04-21,173.05999755859375,177.19000244140625,172.64999389648438,175.1199951171875,2683100.0,-0.005859399481457084,0.011619547534782188,163.42300033569336,152.09,123.08925022125244,74.70340843793943,6.12738162146735,5.430168124455142,154.651009043682,131.22829601136425,82.19058021555752,85.58082979415853,177.0025647370706,149.84343593431612,78855600.0,0
2022-04-22,167.49000549316406,172.6999969482422,167.1199951171875,172.16000366210938,2078600.0,-0.03218532384148354,0.013836291853377541,163.9550003051758,152.60779998779296,123.43535026550293,63.0084149918362,5.6224702262316555,5.4686285448104455,155.15449910052442,131.5891090410339,58.17164326415666,75.70030505502967,177.2816455793074,150.62835503104418,76777000.0,0
2022-04-25,169.85000610351562,169.89999389648438,164.47999572753906,166.38999938964844,1627000.0,0.01409039663831102,0.013934525132846497,164.6270004272461,153.24620025634766,123.78705028533936,71.31681624553315,5.351072797442782,5.445117395336913,155.7307934927986,131.96981448444168,68.34844516969561,69.57022288313658,177.70482366865556,151.5491771858366,78404000.0,0
2022-04-26,168.24000549316406,170.14999389648438,167.85000610351562,168.63999938964844,2021000.0,-0.009478955269335398,0.01416901924445256,165.1010009765625,153.8624005126953,124.13350032806396,69.99359580134488,4.949025500586487,5.345899016386828,156.22135082614625,132.33071190741404,61.40579557567543,62.64196133650921,177.96898209008637,152.2330198630386,76383000.0,0
2022-04-27,166.08999633789062,169.91000366210938,165.91000366210938,168.7100067138672,1951100.0,-0.012779416815703826,0.014343490338496615,165.47500076293946,154.44500030517577,124.47395030975342,65.15562199919948,4.406121326838701,5.157943478477202,156.60835653248918,132.66662518532922,48.13083479087981,59.29502517875026,177.97827161476408,152.97172991111483,74431900.0,0
2022-04-28,167.11000061035156,167.60000610351562,164.67999267578125,166.89999389648438,1351000.0,0.0061412745797517765,0.014347930637258309,165.8145004272461,155.03140045166015,124.81505031585694,63.46640120136266,4.011924707297112,4.928739724241185,157.0201857120132,133.00934533881204,47.41782580144469,52.31815205599995,178.09516585734315,153.53383499714903,75782900.0,0
2022-04-29,162.4499969482422,166.94000244140625,162.0500030517578,165.88999938964844,1583600.0,-0.027885845521448127,0.015664494649941293,165.92950057983398,155.54520050048828,125.13390029907227,49.263552621008614,3.2856230784020113,4.60011639507335,157.23311948598297,133.30228714587108,2.6419677186900015,32.73020943700482,178.02855473947102,153.83044642019695,74199300.0,1
2022-05-02,163.3800048828125,164.27999877929688,160.14999389648438,163.0,1443100.0,0.005724887362519526,0.01569532253735801,166.12700119018555,156.09780059814454,125.4598503112793,46.5147040216718,2.7533290097644283,4.230758918011566,157.4741738152704,133.60156791937297,18.955454029339126,23.005082516491257,177.904008006701,154.3499943736701,75642400.0,0
2022-05-03,164.89999389648438,166.80999755859375,163.10000610351562,163.77000427246094,1277800.0,0.009303396794253516,0.01573949479363717,166.53350067138672,156.5390005493164,125.79435028076172,46.212631220356926,2.426165213378141,3.8698401770848814,157.76538244590623,133.91299504352332,27.8755728759042,16.490998207977757,177.48278369918398,155.58421764358945,76920200.0,0
2022-05-04,165.80999755859375,166.77999877929688,161.9199981689453,165.6699981689453,2003800.0,0.005518518470538192,0.015176620755422405,167.0370002746582,157.05940063476564,126.12835025787354,40.302351044089534,2.2147845799858885,3.538829057665083,158.08085754836455,134.23037815312603,33.215967276003056,26.68233139374878,176.7531395988132,157.3208609505032,78924000.0,0
2022-05-05,161.44000244140625,165.6699981689453,159.83999633789062,165.6699981689453,1705300.0,-0.02635543804072027,0.016354721293337347,167.30600051879884,157.56420074462892,126.44010028839111,30.328717781929285,1.6753296632221861,3.166129178776504,158.2125887206407,134.50112068335767,9.221933951893057,23.437824701266752,175.9850806238299,158.62692041376778,77218700.0,0
2022-05-06,164.38999938964844,164.88999938964844,157.8699951171875,160.97999572753906,1936100.0,0.01827302343675874,0.016743612435935244,167.59500045776366,158.12940063476563,126.76510028839111,37.84988058451224,1.4689151156092919,2.826686366143062,158.4548401194253,134.79852246152973,33.7474213288094,25.395107518901824,175.3953078520223,159.794693063505,79154800.0,0
2022-05-09,161.52999877929688,164.66000366210938,161.2899932861328,163.2899932861328,2041000.0,-0.01739765570272067,0.01697763904010457,167.52550048828124,158.54620056152345,127.07200027465821,34.856485206042734,1.0623063459630657,2.4738103621070633,158.57543457667518,135.06450730051247,18.9441111521803,20.637822144294237,175.52345775916362,159.52754321739886,77113800.0,0
2022-05-10,157.88999938964844,164.85000610351562,157.39999389648438,163.1300048828125,2821700.0,-0.022534510104354477,0.016608213204834656,167.14550018310547,158.8624005126953,127.35850028991699,27.24205916822673,0.44126184469035934,2.0673006586237226,158.54855476541925,135.29162662478248,2.4760246669514356,18.389185715980364,176.20270329868987,158.08829706752107,74292100.0,0
2022-05-11,156.07000732421875,161.63999938964844,155.11000061035156,157.72000122070312,2833500.0,-0.011526962267814245,0.01626488136326168,166.59000091552736,159.18960052490235,127.64385032653809,26.642847793034235,-0.19552465975633027,1.6147355949477122,158.45135682654865,135.4983766814933,5.4576856949039625,8.959273838011883,176.91269102722458,156.26731080383013,71458600.0,0
2022-05-12,159.19000244140625,162.22999572753906,156.77999877929688,157.1300048828125,2838400.0,0.01999099744197519,0.016783556411157967,165.99600067138672,159.57500061035157,127.94465034484864,37.76532502976859,-0.44331476460695285,1.2031255230367794,158.48032332124896,135.7341142512437,27.12768385885208,11.687131406902475,176.59672524562342,155.39527609715003,74297000.0,0
2022-05-13,159.39999389648438,161.16000366210938,159.19000244140625,159.77999877929688,1838400.0,0.0013191246426131897,0.015771492693199274,165.31350021362306,159.83340057373047,128.24615032196044,33.553642082573276,-0.615648835926919,0.8393706512440398,158.5163888340033,135.9695956407486,28.523904263230463,20.369757938995487,175.7584958465339,154.86850458071223,76135400.0,0
2022-05-16,161.4499969482422,162.5399932861328,158.72000122070312,160.24000549316406,1840500.0,0.012860747366710168,0.01583428879887096,164.7845001220703,160.19300048828126,128.55445030212402,39.45977903410561,-0.5801194593458945,0.5554726291260529,158.63143228946365,136.22313197216644,42.83780426070667,32.82979746092972,174.8624454846864,154.70655475945424,77975900.0,0
2022-05-17,156.35000610351562,159.47000122070312,155.0500030517578,158.67999267578125,2975800.0,-0.03158867105065055,0.017004149667993834,164.0085006713867,160.50280059814452,128.8418003463745,36.14903629997517,-0.952508881725322,0.2538763269557779,158.54196459589707,136.4233993764585,10.358587534970583,27.240098686302556,174.1789078469068,153.83809349586662,75000100.0,0
2022-05-18,133.8000030517578,144.77000427246094,128.02000427246094,144.77000427246094,9213300.0,-0.1442277081641301,0.03488852727365967,161.99450073242187,160.24280059814453,129.01135036468506,20.6209084003861,-3.032272816416679,-0.4033535017187135,157.5716915941661,136.39729593044157,14.850973924014207,22.682455239897138,178.0294683955164,145.95953306932734,65786800.0,1
2022-05-19,135.57000732421875,138.55999755859375,125.73999786376952,132.50999450683594,5238400.0,0.013228731181539999,0.03490139401151833,160.12000122070313,159.9992007446289,129.20055038452148,25.018584250255614,-4.485964757002279,-1.2198757527754265,156.70888044632505,136.38906420301646,23.934768769155944,16.38144340938023,179.18694454250482,141.05305789890144,71025200.0,0
2022-05-20,127.87999725341795,136.19000244140625,124.76000213623048,135.42999267578125,4929500.0,-0.05672353511355921,0.0362505176238835,158.1395008087158,159.58180068969727,129.34525035858155,20.690206012635628,-6.187223180408125,-2.2133452383019665,155.57833600738752,136.30439687018466,7.419727602462896,15.401823431877666,181.68568302902327,134.59331858840835,66095700.0,1
2022-05-23,129.99000549316406,130.61000061035156,126.91000366210938,128.5,2612300.0,0.01649990839118276,0.03655998927737689,156.14650077819823,159.24120071411133,129.50135040283203,21.45544408195981,-7.281288545086426,-3.2269338996588584,154.57487206565327,136.24156710523917,12.446463052720327,14.60031980811304,182.13971844135236,130.1532831150441,68708000.0,0
2022-05-24,130.1999969482422,130.72000122070312,126.2699966430664,128.1999969482422,2464100.0,0.0016154430818080545,0.0362264321860656,154.24450035095214,158.82360061645508,129.66065040588379,20.545896280590185,-8.038733161508105,-4.189293752028708,153.6189946100685,136.1814519792989,13.297470886238806,11.05455384714066,182.01779715694965,126.4712035449546,71172100.0,1
2022-05-25,133.58999633789062,135.32000732421875,129.22000122070312,129.8000030517578,3848000.0,0.026036862281924922,0.037162333947464335,152.61950035095214,158.47420059204103,129.8215003967285,26.584822029930024,-8.270135879342206,-5.005462177491408,152.8335436974341,136.1556663510262,22.00347571892264,15.915803219293908,181.26404179605365,123.97495890585061,75020100.0,1
2022-05-26,162.8000030517578,163.6999969482422,155.63999938964844,159.80999755859375,8885200.0,0.21865414712630127,0.062227230404451106,152.40400047302245,158.6886006164551,130.12390041351318,49.07267210012244,-6.02704475654653,-5.209778693302432,153.22438524074093,136.42078412914296,94.88649825669589,43.395814953952424,180.65162941078552,124.15637153525938,83905300.0,1
2022-05-27,165.0,166.35000610351562,159.0399932861328,161.8000030517578,4345900.0,0.01351349451475592,0.06227960771545378,152.53150062561036,158.88600051879882,130.44170040130615,52.039497792614256,-4.025454578923245,-4.972913870426595,153.68617405482954,136.70515443631567,96.75401304463077,71.21466234008308,180.99226808577208,124.07073316544863,88251200.0,1
2022-05-31,160.3300018310547,165.6999969482422,159.3800048828125,165.25,4263000.0,-0.028303019205729196,0.06228940053886626,152.37900047302247,158.94920059204102,130.7345004272461,51.41695859515629,-2.7839184865254367,-4.535114793646364,153.94671632056387,136.94022754472104,85.52535778261455,92.38862302798039,180.6269032419516,124.13109770409335,83988200.0,1
2022-06-01,161.00999450683594,162.5500030517578,159.0,160.41000366210938,2010500.0,0.004241206686305565,0.06228477808826667,152.18450050354005,159.0702003479004,131.02810039520264,52.90724322002149,-1.725235027045727,-3.9731388403262367,154.2237076219863,137.17972771349832,87.16034843160833,89.81323975295119,180.1212570060873,124.2477440009928,85998700.0,1
2022-06-02,159.10000610351562,161.6699981689453,158.35000610351562,161.3000030517578,1969600.0,-0.011862545608864128,0.06231607152830298,151.84900093078613,159.11820053100587,131.32120040893554,49.94627083326122,-1.028485123421433,-3.384208096945276,154.41493501341884,137.39783993628458,82.5679266448186,85.08454428634714,179.25286188381736,124.4451399777549,84029100.0,1
2022-06-03,159.8800048828125,162.0,158.1300048828125,158.1300048828125,1422300.0,0.004902569134971557,0.06231351810273639,151.77100105285643,159.2128007507324,131.61345043182374,50.28463652247243,-0.408655693761375,-2.7890976163084957,154.62925147888527,137.6215430700809,84.44337436035724,84.72388314559471,179.06859343469455,124.4734086710183,85451400.0,1
2022-06-06,161.4499969482422,161.5800018310547,158.3800048828125,161.0,1198400.0,0.009819814970486451,0.06204710742560461,151.62400093078614,159.30480056762696,131.91540042877196,50.0,0.20686423149101074,-2.1899052467485944,154.89673169336984,137.8586421136447,88.21830082265006,85.07653394260862,178.66593629271827,124.582065568854,86649800.0,1
2022-06-07,161.94000244140625,162.50999450683594,156.11000061035156,158.11000061035156,1952300.0,0.003035029435901171,0.06193323622790399,151.6445011138916,159.41540054321288,132.21175045013428,53.52770203163575,0.7258405173230358,-1.6067560939342687,155.17293838937127,138.09825763929405,89.39648174696424,87.35271897665717,178.7186583869002,124.57034384088301,88602100.0,1
2022-06-08,161.25999450683594,163.36000061035156,160.08999633789062,161.11000061035156,943600.0,-0.00419913501493463,0.06180375444414692,151.81300086975097,159.4654005432129,132.5005004119873,73.93653344044988,1.0699285354613437,-1.0714191680551461,155.4116464724091,138.3287226827522,87.7614544093732,88.45874565966248,179.0919925293448,124.53400921015714,87658500.0,1
2022-06-09,159.85000610351562,162.97999572753906,159.75999450683594,160.74000549316406,1607600.0,-0.008743572189942928,0.061606828542354386,152.00200080871582,159.49020065307616,132.77370044708252,71.298250244743,1.2148425398864617,-0.6141668264668245,155.58569979127603,138.54286480634187,84.37124457811323,87.17639357815021,179.45698985956435,124.54701175786731,86050900.0,1
2022-06-10,156.0,158.75999450683594,155.6199951171875,157.75999450683594,1448100.0,-0.02408511702540972,0.061808493207559156,151.8425006866455,159.4038005065918,133.0221004486084,76.44846963561591,1.0074117995985148,-0.2898511012537567,155.60194685828483,138.7165676440897,74.176637573579,82.1031121870218,179.15837552835865,124.52662584493238,84602800.0,1
2022-06-13,155.00999450683594,156.92999267578125,151.64999389648438,153.17999267578125,2704500.0,-0.006346189058743956,0.06168616566593767,151.62300071716308,159.30100051879882,133.32975040435792,74.03920020923667,0.7544395643102746,-0.08099296814095042,155.57873304058094,138.87869129446528,71.70656457087426,76.75148224085548,178.75309488737145,124.49290654695471,81898300.0,1
2022-06-14,156.02000427246094,159.52000427246094,154.6999969482422,156.22999572753906,1754500.0,0.006515771894827438,0.06170020873301758,151.35150108337402,159.23280075073242,133.65540042877197,74.43225692060058,0.6282149217917379,0.06084860984558725,155.59603779477231,139.04925162260454,72.1788298610312,72.68734400182814,178.17446489118728,124.52853727556077,83652800.0,1
2022-06-15,154.5399932861328,157.02999877929688,152.67999267578125,155.52999877929688,1639700.0,-0.00948603349442001,0.06167281154979262,151.2610004425049,159.18820053100586,133.97345039367676,70.56743931314188,0.404098272227742,0.12949854232201818,155.5546242846296,139.203388355575,19.659843467790488,54.51507929989864,178.02510331847313,124.49689756653666,82013100.0,1
2022-06-16,151.1699981689453,153.25,150.1300048828125,152.39999389648438,2672500.0,-0.021806621351069366,0.061461708095967287,152.12950019836427,159.0968003845215,134.27660037994386,26.823422518302635,-0.044928323214577404,0.09461316921469907,155.3826781624459,139.32245909998665,6.411795362908916,32.750156230576856,177.6041221545645,126.65487824216406,79340600.0,1
2022-06-17,150.08999633789062,152.97000122070312,147.77000427246094,151.0399932861328,4162800.0,-0.007144286856759052,0.0519016518995436,152.85549964904786,158.97740036010742,134.57710037231445,18.898617224033643,-0.48237177541773235,-0.020783819711787208,155.17512201246336,139.42959877399565,12.939169063707386,13.003602631468915,177.14300562403494,128.56799367406077,75177800.0,1
2022-06-21,156.3800048828125,156.49000549316406,150.0,152.25999450683594,2775800.0,0.041908246374804836,0.05245813110706382,154.28050003051757,158.93280044555664,134.89605041503907,42.282150921817674,-0.31783394919659713,-0.0801938456087492,155.2223723211045,139.59825953129732,55.22772695863585,24.85956379508404,175.5555305706099,133.00546949042524,77953600.0,1
2022-06-22,155.02999877929688,155.99000549316406,154.19000244140625,154.19000244140625,2022800.0,-0.008632856256317933,0.05050460509306703,155.53249969482422,158.77500045776367,135.2071504211426,38.613880371440175,-0.2929933021619888,-0.12275373691939713,155.21482826064147,139.75180917555602,46.56828872493653,38.24506158242657,173.47487207569424,137.5901273139542,75930800.0,0
2022-06-23,155.50999450683594,156.1999969482422,152.22999572753906,156.1699981689453,2298500.0,0.003096147399332727,0.05050692577783268,156.7979995727539,158.5754002380371,135.52360038757325,42.770827789764525,-0.2319020442865849,-0.14458339839283468,155.22640340755106,139.90860703954885,49.64715877170145,50.48105815175793,170.21751767424894,143.37848147125885,78229300.0,0
2022-06-24,157.2100067138672,157.9199981689453,154.4499969482422,156.2899932861328,3454600.0,0.010931851759254707,0.050473694406325,157.97900009155273,158.37600051879883,135.84420043945312,44.81554675255029,-0.04578225542687164,-0.12482316979964209,155.30419177250462,140.08076027013908,60.55166554762329,52.25570434808707,165.77993870025486,150.1780614828506,81683900.0,0
2022-06-27,157.1300048828125,159.5800018310547,156.0800018310547,157.38999938964844,1640700.0,-0.0005088851067877043,0.050386877387338734,157.69550018310548,158.09720046997072,136.17385047912597,41.09649180738244,0.09417791462610126,-0.08102295291449342,155.37579228663435,140.2504044951408,60.03850422724345,56.74577618218938,165.16376052375804,150.22723984245292,80043200.0,0
2022-06-28,153.57000732421875,160.24000549316406,152.75,156.89999389648438,1647800.0,-0.02265638291839167,0.015764966067079514,157.1240005493164,157.70760055541993,136.49065052032472,34.68719257753048,-0.08122834330711726,-0.08106403099301819,155.30497719006902,140.38293785662418,37.20336378566829,52.597844520178334,163.96139881681975,150.28660228181306,78395400.0,0
2022-06-29,156.25,156.58999633789062,153.1999969482422,154.4199981689453,1623300.0,0.017451276603270616,0.015988758046390057,156.92000045776368,157.392000579834,136.82560050964355,41.45927551786442,-0.003940630020878189,-0.06563935079859019,155.34203690810554,140.54081907198116,55.75279744623305,50.99822181971492,163.59620618083727,150.24379473469008,80018700.0,0
2022-06-30,155.85000610351562,157.07000732421875,152.5399932861328,154.6300048828125,1915500.0,-0.0025599609374999943,0.0148558409363034,156.66200103759766,157.07160079956054,137.16270053863525,42.93786254392554,0.02474898414502036,-0.04756168380986808,155.36195726870986,140.6931492912004,64.7955175629012,52.583892931600836,163.0659676726789,150.25803440251642,78103200.0,0
2022-07-01,156.27000427246094,156.5,152.3000030517578,154.0,1572400.0,0.0026948870869234476,0.01483110387030411,156.52050094604493,156.71540084838867,137.50185054779053,50.54239443156021,0.0804486898131529,-0.02195960908526389,155.39756695513145,140.84814287310348,68.16358594967905,62.90396698627109,162.821889153911,150.21911273817886,79675600.0,0
2022-07-05,164.83999633789062,165.07000732421875,156.7100067138672,157.08999633789062,3334900.0,0.054840928080398976,0.019013132130395356,156.76850051879882,156.55100082397462,137.87970054626464,65.13704472134044,0.8068173568545092,0.14379578410269073,155.76785830347495,141.0868677832009,98.67045696096132,77.20985349118051,163.9548655981721,149.58213543942554,83010500.0,0
2022-07-06,165.7899932861328,166.91000366210938,163.58999633789062,164.3000030517578,1544600.0,0.005763145895095079,0.019020947121415534,156.98550033569336,156.517000579834,138.26210052490234,65.07248983296783,1.4424983499021664,0.4035362972625859,156.16088320475566,141.33267002701118,94.14832595772023,86.99412295612018,164.98336056305803,148.9876401083287,84555100.0,0
2022-07-07,168.7899932861328,170.19000244140625,165.3800048828125,165.83999633789062,1774900.0,0.018095181383006587,0.019277237090396082,157.3279998779297,156.49580032348632,138.66765048980713,70.9991203596272,2.163416525652906,0.7555123429406498,156.6561424236332,141.60587722361936,93.7555340338402,95.52477231750724,166.68962640103493,147.96637335482447,86330000.0,0
2022-07-08,167.36000061035156,169.75999450683594,166.38999938964844,169.47999572753906,1369000.0,-0.008472022825175007,0.019418134032184557,157.63300018310548,156.47820022583008,139.07315048217774,75.30479428532179,2.5895106490345654,1.122312004159433,157.07590156821038,141.8621371578157,87.37733246127283,91.76039748427775,167.88878362169504,147.37721674451592,84961000.0,0
2022-07-11,166.1699981689453,167.55999755859375,164.5800018310547,166.5399932861328,1482700.0,-0.007110435211916788,0.019473012257677072,157.94899978637696,156.47980026245116,139.47775047302247,75.04673896767845,2.7989060136341095,1.4576308060543686,157.4325328074549,142.10400642160803,80.08913429244271,87.07400026251857,168.86087936382222,147.0371202089317,83478300.0,0
2022-07-12,164.1300048828125,168.42999267578125,163.1300048828125,165.57000732421875,1368600.0,-0.012276543952649877,0.019581863486128254,158.3555000305176,156.4202003479004,139.87040050506593,63.91383625469543,2.7683313389863144,1.7197709126407577,157.69517877119443,142.32317058540113,66.25837810007756,77.90828161793102,169.56338893873806,147.14761112229712,82109700.0,0
2022-07-13,165.94000244140625,167.07000732421875,162.3699951171875,163.82000732421875,1749400.0,0.011027828579460941,0.01877600234142998,158.9020004272461,156.49000045776367,140.27740051269532,69.26883850889496,2.8572161559565075,1.9472599613039079,158.0185051896341,142.55816393720218,76.33631174136192,74.22794137796072,170.4827348043744,147.3212660501178,83859100.0,0
2022-07-14,168.75999450683594,169.25,163.8300018310547,163.8300018310547,2488200.0,0.016994046185008438,0.018878741737502324,159.53899993896485,156.59760025024414,140.68685047149657,71.61503398258355,3.1192510216972664,2.18165817338258,158.43974006481852,142.81887866923836,92.00666303321537,78.20045095821827,171.8318944999707,147.246105377959,86347300.0,0
2022-07-15,167.9600067138672,171.6999969482422,167.19000244140625,170.3000030517578,2145900.0,-0.0047403876452267735,0.018969937962871632,160.21000061035156,156.6588005065918,141.09525051116944,68.0672639575892,3.225185283203814,2.3903635953468267,158.8130838549773,143.06903914729438,80.72169375758024,83.02155617738583,172.81506157252815,147.60493964817496,84201400.0,0
2022-07-18,169.5,171.24000549316406,168.30999755859375,168.55999755859375,1718700.0,0.009168809386607801,0.01875786839088929,161.1265007019043,156.73260055541994,141.4402005004883,69.81740258749744,3.394276430762801,2.5911461624300216,159.2321786057625,143.3320337826447,88.65980597735721,87.12938758938425,173.62912286896739,148.6238785348412,85920100.0,0
2022-07-19,170.2100067138672,171.02999877929688,168.1199951171875,170.0,1580900.0,0.004188830170307911,0.01776113709404321,162.13250122070312,156.90800064086915,141.8126505279541,79.33715592998375,3.544712749406557,2.781859479825329,159.66268166882546,143.59947629937326,92.3196355507874,87.23371176190825,174.12340853912,150.14159390228625,87501000.0,0
2022-07-20,173.32000732421875,173.67999267578125,169.8800048828125,170.58999633789062,2277200.0,0.01827154977779677,0.017699938769684273,162.97950134277343,157.08660079956056,142.18935054779053,79.64577708665249,3.870271591911518,2.999541902242567,160.19826306707617,143.8952029762374,98.31625104645511,93.09856419153323,175.63430880519954,150.32469388034733,89778200.0,0
2022-07-21,171.67999267578125,174.0,164.8000030517578,172.8000030517578,3263200.0,-0.009462350445033296,0.016116515428837665,163.81200103759767,157.28960067749023,142.5559004974365,76.35698185609671,3.9504060225809496,3.189714726310244,160.6485269732999,144.1716685453871,89.30872050465112,93.31486903396451,176.45551458298593,151.1684874922094,86515000.0,0
2022-07-22,172.00999450683594,175.67999267578125,170.49000549316406,172.4499969482422,1798700.0,0.0019221915490053032,0.01584628712436636,164.63700103759766,157.572000579834,142.93010047912597,76.28591348452154,3.9944954687726693,3.3506708748027294,161.0940747197131,144.4486668136602,80.65365901528052,89.42621018879557,177.1522452129715,152.1217568622238,88313700.0,0
2022-07-25,168.4199981689453,171.35000610351562,167.39999389648438,171.30999755859375,1927200.0,-0.020870858976441364,0.01682885645036067,165.19750061035157,157.8190003967285,143.28665046691896,57.17148486621343,3.697135692039609,3.419963838250106,161.38136583536925,144.68718752366303,45.45457672042592,71.80565208011917,177.30983861616636,153.08516260453678,86386500.0,0
2022-07-26,157.82000732421875,164.64999389648438,157.11000061035156,162.67999267578125,3233700.0,-0.06293783968631506,0.02216730758792759,165.23200073242188,157.79160049438477,143.58435050964354,38.48599703994226,2.5764455922615923,3.2512601890524033,161.2417047172849,144.81786234754915,3.8234088165764586,43.31054818409428,177.25115729752653,153.21284416731723,83152800.0,1
2022-07-27,161.1300048828125,162.0,155.14999389648438,157.86000061035156,2252100.0,0.020973244233817745,0.022613471709610464,165.61000061035156,157.82620071411134,143.89575054168702,39.032079754775474,1.9330962242633518,2.9876273960945934,161.23732433161933,144.98017222352192,29.12816045736235,26.135381998121563,176.50811433503182,154.7118868856713,85404900.0,0
2022-07-28,163.33999633789062,164.92999267578125,159.00999450683594,160.27000427246094,2503100.0,0.013715579892680019,0.022061521298380276,165.9645004272461,157.8640007019043,144.22020053863525,44.369736621085444,1.5833136021710743,2.70676463730989,161.31978205735547,145.16285704058032,39.89285401061649,24.28147442818509,176.00842604539642,155.92057480909577,87908000.0,0
2022-07-29,165.36000061035156,165.4600067138672,162.16000366210938,162.16000366210938,2242100.0,0.01236686860383096,0.02192448724767989,166.44000015258788,158.04420059204102,144.5565005493164,48.89132457932823,1.4523638703900303,2.455884483925918,161.47822200061023,145.36382364326462,49.73213502654123,39.584383164840006,175.29821101491387,157.5817892902619,90150100.0,0
2022-08-01,166.69000244140625,170.8000030517578,165.7100067138672,166.52999877929688,1718500.0,0.008043068614813631,0.021913751139084975,166.96100006103515,158.702000579834,144.90310054779053,53.57342157480006,1.4393137836327128,2.2525703438672773,161.68260554730813,145.57602442732573,56.21046873397381,48.61181925704383,174.41510370424106,159.50689641782924,91868600.0,0
2022-08-02,164.75,166.99000549316406,164.1999969482422,166.99000549316406,892000.0,-0.011638385104038806,0.02215988363460198,166.9565002441406,159.2856004333496,145.2336505508423,48.3449192663214,1.2579288908914918,2.05364205327212,161.8028955258451,145.76681025391952,46.76087030846094,50.90115802299198,174.41610161413956,159.49689887414166,90976600.0,0
2022-08-03,165.08999633789062,167.6300048828125,163.5800018310547,166.2100067138672,1097500.0,0.002063710700398236,0.018676376152322004,166.9215003967285,160.02980041503906,145.5627505493164,44.51747877468271,1.1286050629528575,1.8686346552082675,161.93180144004293,145.95908076221775,48.416965574445506,50.46276820562673,174.41065674594387,159.43234404751314,92074100.0,0
2022-08-04,162.16000366210938,165.47999572753906,161.88999938964844,165.35000610351562,995800.0,-0.017747851116214353,0.019030209158905288,166.59000091552736,160.67320037841796,145.86880058288574,41.85392620316226,0.780689769913522,1.6510456781493186,161.94075054679064,146.120283975152,34.14520303183907,43.10767963824849,174.31416935333917,158.86583247771554,91078300.0,0
2022-08-05,164.97000122070312,165.24000549316406,161.0,161.77999877929688,1102900.0,0.017328548933983168,0.018992691925121777,166.47050094604492,161.36860046386718,146.1922505950928,43.856794983429296,0.7233691630051169,1.4655103751204783,162.05954469086564,146.30784335072966,47.83247885100494,43.464882485763155,174.21842549519246,158.72257639689738,92181200.0,0
2022-08-08,166.2899932861328,169.67999267578125,165.80999755859375,165.89999389648438,1580300.0,0.008001406653708854,0.019005108023267443,166.47650070190429,162.02260040283204,146.517000579834,44.77052365194962,0.7755148447150759,1.327511269039398,162.22544463577808,146.50667071327098,54.262055781914505,45.413245888252824,174.22363126131216,158.7293701424964,93761500.0,0
2022-08-09,168.9499969482422,169.02999877929688,165.55999755859375,166.49000549316406,1288500.0,0.01599617397020614,0.01924806589368235,166.71750030517578,162.14560028076173,146.84950057983397,44.09936224579147,1.0197259718673592,1.2659542096049903,162.4891525696002,146.72998739222592,67.21872319677968,56.4377526098997,174.4571613398114,158.97783927054016,95050000.0,0
2022-08-10,165.97000122070312,171.38999938964844,165.72999572753906,170.13999938964844,1713100.0,-0.017638329573051004,0.019466894765046257,166.71900024414063,162.1650003051758,147.1636005783081,42.55929538290966,0.9617182103525863,1.2051070097545096,162.6256564382709,146.92143031589237,52.70339974462152,58.06139290777188,174.45803844603495,158.9799620422463,93336900.0,0
2022-08-11,165.3699951171875,168.72000122070312,164.52000427246094,167.30999755859375,1581000.0,-0.0036151479128915254,0.019340889844074192,166.54950027465821,162.26580017089844,147.4653505706787,41.40786136289055,0.8574470475138014,1.1355750173063681,162.73327756293432,147.1049981248605,62.93102071304748,60.95104788481621,174.2487133012693,158.85028724804712,91755900.0,0
2022-08-12,166.75999450683594,166.7899932861328,164.0,165.22999572753906,967800.0,0.00840539052240663,0.019052629668621375,166.48949966430663,162.38080017089842,147.77435054779053,47.72227642548772,0.8768647823839615,1.083832970321887,162.89118803132263,147.3005702281637,71.49012736010825,62.3748492725924,174.16108378371197,158.8179155449013,92723700.0,0
2022-08-15,165.92999267578125,167.42999267578125,163.57000732421875,165.33999633789062,1688900.0,-0.0049772239049855616,0.019055402999399024,166.3109992980957,162.51739990234375,148.08155052185057,65.2043317366996,0.8158743740940224,1.0302412510763141,163.01035684090925,147.4859376157022,66.37928037545629,66.93347614953733,173.85267860242678,158.76931999376464,91034800.0,0
2022-08-16,168.22000122070312,169.16000366210938,166.33999633789062,167.66000366210938,2068200.0,0.013801052528197522,0.019198010905848634,166.2114990234375,162.68419982910157,148.3862505340576,63.820658918095084,0.9414708968339482,1.012487180227841,163.214656620509,147.69224670629922,74.39420905765306,70.75453893107252,173.58726910467644,158.83572894219859,93103000.0,0
2022-08-17,168.17999267578125,169.7899932861328,166.1999969482422,167.14999389648438,1475100.0,-0.0002378346488619565,0.019171910711144907,165.95449829101562,162.81879974365233,148.68835048675538,60.306631331452195,1.0259521529830522,1.0151801747788833,163.40937568150008,147.89610487514977,69.10484213247096,69.95944385519341,172.6104416557071,159.29855492632416,91627900.0,0
2022-08-18,168.0500030517578,168.89999389648438,166.14999389648438,168.1300048828125,1157700.0,-0.0007729196675256844,0.018689275058104676,165.77299880981445,162.94099975585937,148.974800491333,56.22974269959757,1.0700798662491593,1.0261601130729385,163.591361068569,148.09664117541456,67.85373884412095,70.45093001141497,171.95248146351685,159.59351615611206,90470200.0,0
2022-08-19,167.67999267578125,168.74000549316406,166.3699951171875,166.50999450683594,1688900.0,-0.00220178738028709,0.01859764264028369,165.5564987182617,163.06939971923828,149.25645046234132,52.399394086425524,1.0629417213940258,1.0335164347371562,163.7516995629695,148.2915003943237,64.29252231175808,67.08370109611666,171.08503887691052,160.0279585596129,88781300.0,0
2022-08-22,167.4199981689453,168.49000549316406,166.74000549316406,168.14999389648438,2140800.0,-0.0015505398270063697,0.018586231001851732,165.50649871826172,163.22079956054688,149.5272004699707,57.044851184508985,1.024495559251136,1.0317122596399522,163.89555441026266,148.48183370551396,61.79016887471197,64.64547667686365,170.94332429083232,160.06967314569113,86640500.0,0
2022-08-23,166.11000061035156,168.77000427246094,165.3300018310547,167.0,2696500.0,-0.00782461816342761,0.018104802469234828,165.92099838256837,163.4229995727539,149.81740047454835,52.56025192324338,0.8781975294308495,1.0010093135981317,163.98239543771714,148.65723835133323,49.181914442099576,58.42153520952319,169.97981487081506,161.86218189432168,83944000.0,0
2022-08-24,165.97999572753906,166.9600067138672,163.77999877929688,166.6199951171875,2764700.0,-0.000782643322706722,0.011119795797200646,166.1634979248047,163.64239959716798,150.09730045318602,61.156512121014956,0.7431978569606201,0.9494470222706295,164.06073270398468,148.8296040963701,47.930664293403474,52.96758253673832,169.53911326885876,162.78788258075062,81179300.0,0
2022-08-25,149.00999450683594,153.1699981689453,144.30999755859375,149.02999877929688,12366600.0,-0.10224124386989308,0.024869885994329016,165.44699783325194,163.50219940185548,150.28905040740966,24.48849176596501,-0.7247728995546083,0.614603037905582,163.47050767664552,148.8313990258275,17.355969831775806,38.156182855759596,173.78370513090942,157.11029053559446,68812700.0,1
2022-08-26,138.6999969482422,149.47999572753906,137.85000610351562,149.2100067138672,7136600.0,-0.06918997341564748,0.028352652416296448,164.11399765014647,163.18539947509765,150.42680038452147,15.743750985170905,-2.689082865606167,-0.04613414279676781,162.4991150990611,148.73058905490623,2.5342606287222877,22.606964917967172,178.69578130218167,149.53221399811127,61676100.0,1
2022-08-29,137.39999389648438,141.0500030517578,134.74000549316406,136.05999755859375,4639500.0,-0.009372769144637583,0.02799121326453428,162.64949722290038,162.90999938964845,150.555700340271,9.457738743462272,-4.301131283415202,-0.8971335709204548,161.51483583621496,148.61784681452394,7.2578140417520505,9.049348167416696,181.42289348683627,143.87610095896449,57036600.0,0
2022-08-30,137.97999572753906,139.72000122070312,135.1300048828125,137.1999969482422,3784700.0,0.004221265333473445,0.027891286273143377,161.31099700927734,162.6677993774414,150.67770030975342,11.668054904855182,-5.468848487102633,-1.8114765541568905,160.59190092999236,148.51199754997685,9.243912589963761,6.34532908681268,183.03865326512727,139.58334075342742,60821300.0,0
2022-08-31,135.67999267578125,137.8300018310547,135.4199981689453,137.13999938964844,3032900.0,-0.01666910510926156,0.02794051769794152,159.8404968261719,162.2537991333008,150.79070026397704,11.148933043465775,-6.504879605378562,-2.750157164401225,159.61496335139586,148.38431590943762,2.6818473894183636,6.3945246737113735,184.30035697000994,135.38063668233383,57788400.0,1
2022-09-01,137.3800048828125,137.85000610351562,134.3300018310547,134.86000061035156,2823600.0,0.01252957177771652,0.02823594239950287,158.60149688720702,161.90079925537108,150.83145030975342,11.864014682015764,-7.106841705969714,-3.621494072714923,158.74300419576514,148.2748202773319,8.60125151361544,6.842337164332503,185.0002359763825,132.20275779803154,60612000.0,1
2022-09-02,136.5800018310547,138.35000610351562,135.10000610351562,137.3800048828125,2890900.0,-0.005823285946453649,0.028156474236633908,157.1819969177246,161.52219940185546,150.85140033721925,11.873261385706073,-7.561292692544924,-4.409453796680924,157.87386684812944,148.15845392463265,6.345179193994938,5.876092699009561,185.14562955920866,129.21836427624055,57721100.0,1
2022-09-06,138.30999755859375,138.6999969482422,135.35000610351562,138.39999389648438,3465500.0,0.012666537592223914,0.027966647662076075,155.78299713134766,161.14419921875,150.8851002883911,10.572125793814592,-7.693170100427892,-5.066197057430318,157.1066562877555,148.06045933392582,11.22390492558649,8.723445211065604,184.6142131045026,126.95178115819272,61186600.0,1
2022-09-07,143.1199951171875,144.0,138.4600067138672,138.4600067138672,2565800.0,0.03477693329114584,0.029309130822739084,154.49149703979492,160.8639990234375,150.92945026397706,20.65574895261129,-7.3251178928081515,-5.517981224505885,156.55815977126264,148.01130048599808,25.42665693846915,14.331913686016842,183.15288718837655,125.83010689121329,63752400.0,1
2022-09-08,141.55999755859375,144.22000122070312,140.63999938964844,142.27000427246094,2436700.0,-0.010899927416266442,0.028852287146039737,153.27099685668946,160.623798828125,150.96245021820067,19.986411281748076,-7.077725023788105,-5.8299299843623285,155.9699965472364,147.94710841706868,20.99301746519809,19.214526443084562,181.95322246069554,124.58877125268339,61315700.0,0
2022-09-09,144.4499969482422,144.86000061035156,142.00999450683594,142.83999633789062,2038200.0,0.020415367614373015,0.029404491145623896,152.2249969482422,160.38779876708983,151.02190021514892,25.101831544964355,-6.572699605025093,-5.978483908494882,155.51823185707977,147.91231128802562,29.384420440750358,25.268031614805846,180.57329969481387,123.8766942016705,63353900.0,0
2022-09-12,145.75,146.1699981689453,144.22000122070312,144.22999572753906,2423800.0,0.00899967517634237,0.029587347911686622,151.17449722290038,160.18579864501953,151.02710018157958,27.28036262727518,-5.998417912634352,-5.982470709322776,155.13516394111588,147.8907957528214,33.15910963820191,27.8455158480501,178.80290828221302,123.54608616358774,65777700.0,0
2022-09-13,138.5,144.1999969482422,137.77000427246094,142.17999267578125,2798300.0,-0.04974271012006859,0.030906690255561517,149.80299758911133,159.8303985595703,150.98655017852784,24.25881946580317,-6.058471653209892,-5.997670898100199,154.48280457087606,147.79735499906198,12.779643104319037,25.10772439442375,177.06821052381437,122.53778465440828,62979400.0,1
2022-09-14,138.00999450683594,139.44000244140625,136.69000244140625,138.92999267578125,3386900.0,-0.0035379457990184493,0.030916085380906407,148.29249725341796,159.29379852294923,150.97105014801025,24.097063835920736,-6.075568649945012,-6.013250448469162,153.83681201934507,147.69996832749754,19.532873625777317,21.823875456099405,174.59185844810028,121.99313605873564,59592500.0,0
2022-09-15,137.94000244140625,139.88999938964844,136.52000427246094,138.32000732421875,1833200.0,-0.000507152149956891,0.03056123852024446,146.7804977416992,158.73679870605469,150.9540001296997,35.07685548092323,-6.025309895911988,-6.015662337957727,153.213407722171,147.60285423907874,23.828396466808343,18.713637732301546,171.70694415222212,121.85405133117631,57759300.0,0
2022-09-16,141.9199981689453,142.3000030517578,137.72000122070312,138.02999877929688,5630000.0,0.028853093062903623,0.03161652352578294,145.4739974975586,158.19939880371095,150.99445011138917,55.234070543601625,-5.599776342311344,-5.932485138828451,152.77052891616216,147.54630840753515,64.10471862732716,35.82199623997092,168.36228667885933,122.58570831625786,63389300.0,1
2022-09-19,142.91000366210938,144.72000122070312,141.25,141.42999267578125,2631400.0,0.0069757997881703115,0.03174458925944592,144.235498046875,157.71039886474608,151.04600009918212,59.04763145604368,-5.1235911958212625,-5.770706350227013,152.38384165129736,147.50017602200853,72.46625409500146,53.466456396378966,164.6067403549019,123.8642557388481,66020700.0,0
2022-09-20,142.6199951171875,143.4199981689453,140.64999389648438,142.3000030517578,2373000.0,-0.0020293089181325774,0.03174596557594422,142.9954978942871,157.23939880371094,151.0849500656128,57.69230185468036,-4.715257746219407,-5.559616629425493,152.00094570878323,147.4516170080302,70.01685684313084,68.86260985515314,160.19725719112915,125.79373859744504,63647700.0,0
2022-09-21,141.8699951171875,145.17999267578125,141.32000732421875,143.38999938964844,2431300.0,-0.00525872967099561,0.031723405300107754,141.78349761962892,156.79419860839843,151.10910007476807,60.81789410694266,-4.401432305691259,-5.327979764678647,151.60365352872066,147.3960784817532,63.682395424423866,68.72183545418538,155.1064901014111,128.46050513784672,61216400.0,0
2022-09-22,139.3300018310547,142.0800018310547,138.4199981689453,141.9499969482422,1822900.0,-0.017903667960478375,0.03180701064190536,140.45099792480468,156.2619985961914,151.11670009613036,53.31069125689431,-4.308019447126355,-5.123987701168188,151.12233385430238,147.31581901259202,38.211370907381706,57.30354105831213,147.38183099305914,133.52016485655022,59393500.0,0
2022-09-23,141.2899932861328,142.02000427246094,138.25999450683594,138.39999389648438,2318500.0,0.014067260671213777,0.032135004253550106,140.06499786376952,155.71259857177733,151.13325008392334,57.69355391873407,-4.029385901154711,-4.905067341165493,150.7367518712369,147.25586054765213,54.898258212181936,52.26400818132915,145.73376164115004,134.396234086389,61712000.0,0
2022-09-26,138.22999572753906,143.3699951171875,138.17999267578125,141.9499969482422,3354500.0,-0.021657567442846526,0.023987901354447377,140.04149780273437,155.1179983520508,151.13125003814696,49.874762268066554,-4.009266707119963,-4.725907214356387,150.24629084599383,147.166050947452,17.720129913254123,36.94325301093924,145.7379168701648,134.34507873530393,58357500.0,0
2022-09-27,136.0399932861328,140.35000610351562,135.72999572753906,139.3000030517578,2726200.0,-0.015843178102406208,0.018957358482354723,139.9734977722168,154.44879821777343,151.1192499923706,37.926323760158006,-4.122515206183635,-4.605228812721837,149.689181137764,147.05534390604583,2.9693245795064573,25.19590423498082,145.83282535780958,134.11417018662402,55631300.0,0
2022-09-28,137.97000122070312,138.88999938964844,135.75,136.94000244140625,1641800.0,0.014187062847841547,0.01911797324901917,139.972998046875,153.80399810791016,151.10134998321533,43.95419999547735,-4.010301685527793,-4.486243387283029,149.229605454742,146.9649424862912,21.455986296324443,14.048480263028326,145.8330431674648,134.1129529262852,57273100.0,0
2022-09-29,136.83999633789062,137.0399932861328,134.57000732421875,136.2100067138672,2232300.0,-0.008190221590307134,0.019184768416902538,140.03099822998047,153.0743978881836,151.08114994049072,36.376658703107104,-3.966826505460233,-4.38236001091847,148.74373843055176,146.86419675347128,19.568886252214828,14.664732376015229,145.73296716121,134.32902929875092,55040800.0,0
2022-09-30,136.10000610351562,137.8000030517578,134.3000030517578,137.07000732421875,2790300.0,-0.00540770428367876,0.018856532588997013,139.9669982910156,152.36279815673828,151.0654499435425,32.371217358339095,-3.9465893146399367,-4.2952058716627635,148.24790579027584,146.75709037884485,16.544161474045307,19.189678007528176,145.82096050419287,134.11303607783836,52250500.0,0
2022-10-03,141.64999389648438,142.52999877929688,136.3800048828125,137.50999450683594,2259700.0,0.04077874756851596,0.020689788617961263,140.22049789428712,151.75559814453126,151.07344989776612,56.135559005841976,-3.4430245199468743,-4.124769601319586,147.98916414738204,146.70627349842337,67.55512733667962,34.55605835431323,145.89319590232287,134.54779988625137,54510200.0,0
2022-10-04,142.14999389648438,143.91000366210938,140.69000244140625,142.47000122070312,2525500.0,0.0035298271905708223,0.020621136452922392,140.41249771118163,151.23019805908203,151.09374988555908,58.060753563803836,-2.969370911341798,-3.8936898633240284,147.7601770787194,146.6609373829812,72.15071995467238,52.083336255132416,146.07285482238805,134.7521405999752,57035700.0,0
2022-10-05,142.75999450683594,143.4600067138672,140.35000610351562,141.80999755859375,1240400.0,0.004291246124117132,0.02048727934685662,140.39449768066407,150.9289978027344,151.12594982147218,59.1914466934326,-2.5157747771491756,-3.618106846089058,147.56409148766517,146.62212203097977,77.75734855847782,72.48773194994324,146.02078974664062,134.76820561468753,58276100.0,0
2022-10-06,142.1300048828125,144.52000427246094,141.4199981689453,143.1199951171875,1631300.0,-0.0044129283291144406,0.019059716802757577,140.422998046875,150.54899780273436,151.15469982147218,50.45913182951507,-2.1819789750440464,-3.330881271880056,147.35099005218075,146.57742434791342,71.96699722732953,73.95835524682656,146.0798405978543,134.7661554958957,56644800.0,0
2022-10-07,141.9499969482422,142.8699951171875,139.97999572753906,142.10000610351562,3123800.0,-0.0012665019938522537,0.01890350986884786,140.297998046875,150.1211978149414,151.1820498275757,47.82409908398773,-1.9099517975194544,-3.0466953770079357,147.13918640104592,146.53138029418537,70.31251095674662,73.34561891418464,145.6841767883024,134.91181930544758,53521000.0,0
2022-10-10,141.4600067138672,142.30999755859375,139.55999755859375,142.17999267578125,964000.0,-0.003451850968011372,0.018342938893162825,140.08349838256837,149.6431979370117,151.2067498397827,47.39445130306567,-1.7141467990954027,-2.7801856614254294,146.91647347213694,146.4809188655255,65.80891994878203,69.36280937761939,144.86300757428089,135.30398919085584,52557000.0,0
2022-10-11,141.69000244140625,144.2100067138672,141.2100067138672,141.91000366210938,1513400.0,0.00162587103508538,0.01821540528724845,140.24299850463868,149.1431979370117,151.23019985198974,49.58603263730479,-1.5228566505652452,-2.5287198592533926,146.71151382387302,146.43324805533527,72.30918304273953,69.47687131608937,145.01290848778052,135.47308852149683,54070400.0,0
2022-10-12,138.7100067138672,143.35000610351562,138.64999389648438,142.05999755859375,2198100.0,-0.02103179953554868,0.015219811789603487,140.27799911499022,148.62239807128907,151.23139987945558,48.60235307714851,-1.5933514167277565,-2.3416461707482656,146.39772923132378,146.35639988278336,43.150715610246976,60.42293953392283,144.9888254375534,135.56717279242704,51872300.0,0
2022-10-13,140.52000427246094,142.66000366210938,135.41000366210938,136.94000244140625,1780800.0,0.013048788630855235,0.015445852406347065,140.40699920654296,148.13099822998046,151.2375499343872,48.252405531128524,-1.4860372383435845,-2.1705243842673294,146.16723021332916,146.29832629462098,60.861061426323346,58.77365335976993,144.9877591900201,135.8262392230658,53653100.0,0
2022-10-14,136.0800018310547,141.64999389648438,135.6999969482422,140.72999572753906,1769100.0,-0.03159694211791597,0.0170058279546731,140.11499938964843,147.60939819335937,151.21644992828368,45.40795309073938,-1.739212509997003,-2.0842620094132642,145.77165262971056,146.19665142433672,17.416815721029952,40.476197585866736,145.022553871004,135.20744490829287,51884000.0,0
2022-10-17,137.1699981689453,138.58999633789062,136.77000427246094,137.97999572753906,3604100.0,0.008009967101880733,0.015769764112815565,139.82799911499023,147.05339813232422,151.19594989776613,52.53251132270847,-1.8307978439108865,-2.0335691763127888,145.43433284693546,146.10683397900945,28.08214064958837,35.4533392656472,144.71865685450888,134.9373413754716,55488100.0,0
2022-10-18,139.77999877929688,141.17999267578125,138.17999267578125,139.39999389648438,1723900.0,0.01902748884735672,0.016303945230241743,139.6859992980957,146.5231982421875,151.1922498703003,53.93649571571744,-1.673483765166793,-1.9615520940835898,145.21259425604768,146.04388039493273,53.62030404104046,33.03975347055291,144.39694547058136,134.97505312561006,57212000.0,0
2022-10-19,139.97000122070312,141.58999633789062,139.0399932861328,139.66000366210938,1408400.0,0.0013592963447242035,0.016309266394559607,139.59099960327148,145.94359832763672,151.18624988555908,57.097530493416905,-1.5160040640993486,-1.8724424880867416,145.0070023723087,145.98344378623395,55.47942751180242,45.727290734143736,144.191849324657,134.99014988188597,58620400.0,0
2022-10-20,139.02999877929688,140.92999267578125,137.0,140.89999389648438,1822300.0,-0.006715742181955586,0.016332415323110805,139.57599945068358,145.40479827880858,151.17884990692139,56.58426223482246,-1.450332082074965,-1.7880204068843866,144.77261007454356,145.91425527870223,39.736496977554005,49.61207617679894,144.1823849100219,134.96961399134526,56798100.0,0
2022-10-21,143.61000061035156,143.74000549316406,138.3699951171875,139.1199951171875,2033300.0,0.032942543848577754,0.017409067360400973,139.69199981689454,144.96959838867187,151.19489994049073,54.605282499345684,-1.0169954021474723,-1.6338154059370038,144.72701754653605,145.89132737155447,90.01093741886964,61.742287302742,144.5878736336173,134.79612600017177,58831400.0,0
2022-10-24,149.0,149.99000549316406,144.44000244140625,144.75,3177400.0,0.037532200868606536,0.018936298971051344,140.2305000305176,144.61439849853517,151.22579990386964,63.08752498431556,-0.235925454857437,-1.3542374157210906,144.89458548588757,145.92225943750915,93.2098397199416,74.31909137212173,146.59747516771444,133.86352489332074,62008800.0,0
2022-10-25,153.89999389648438,155.10000610351562,149.02999877929688,149.5,2612100.0,0.03288586507707625,0.019167150684565582,141.12350006103514,144.37379852294922,151.2904998397827,68.2862903730792,0.7695952472102476,-0.9294708831348231,145.24773875689138,146.00163987988702,93.90547456455498,92.37541723445538,149.65706232795162,132.58993779411867,64620900.0,0
2022-10-26,153.69000244140625,156.52999877929688,153.38999938964844,154.8300018310547,2074400.0,-0.0013644669487080652,0.018621209830806194,141.9095001220703,144.08319854736328,151.38024982452393,69.24102199420938,1.5318745957503666,-0.43720178735778514,145.57880792099002,146.07814099990216,86.55304453371095,91.22278627273583,151.97789265353975,131.84110759060087,62546500.0,0
2022-10-27,156.2100067138672,157.2899932861328,153.8800048828125,154.0800018310547,2921900.0,0.016396670130977897,0.018676008016541987,142.87800064086915,143.843798828125,151.4757498550415,72.019797799679,2.312670727073538,0.11277271552847945,145.99571767757345,146.17895558412073,95.06404440393409,91.84085450073331,154.499797438835,131.2562038429033,65468400.0,0
2022-10-28,158.5500030517578,159.4199981689453,155.33999633789062,155.91000366210938,1770600.0,0.014979810750388456,0.018473201888879687,144.00050048828126,143.653798828125,151.58399990081787,74.96349122006191,3.0847167403684637,0.7071615204964763,146.48804259420814,146.30205058379872,96.37652929516581,92.66453941093692,157.10762667643144,130.8933743001311,67239000.0,0
2022-10-31,158.5,159.3300018310547,157.05999755859375,157.75999450683594,1955800.0,-0.0003153771731022603,0.018332341382745653,144.84300079345704,143.4701989746094,151.70584987640382,74.68429307640601,3.6504537809536544,1.295819972587912,146.95909974737646,146.4234232148057,96.16826997322562,95.86961455744182,159.3999601701535,130.28604141676058,65283200.0,0
2022-11-01,158.1199951171875,159.94000244140625,157.1999969482422,159.02000427246094,1562000.0,-0.0023975071470819787,0.01676019189463151,145.6415008544922,143.28419891357422,151.84239986419678,80.85849012205577,4.021780659353567,1.841012109941043,147.3967819187416,146.53980701482942,92.58048342931504,95.04176089923548,161.28774345086094,129.99525825812344,63721200.0,0
2022-11-02,153.1999969482422,158.39999389648438,153.05999755859375,158.39999389648438,2321400.0,-0.03111559777938866,0.018560370464853603,146.1635009765625,143.02599884033202,151.96319988250733,68.34489810695635,3.8743955316957113,2.2476887942919768,147.62435897872203,146.60607756143057,72.19470311149551,86.98115217134539,162.09890619093594,130.22809576218904,61399800.0,0
2022-11-03,156.0,157.5,151.97000122070312,152.6999969482422,1467500.0,0.01827678268625399,0.01883028450773202,146.85700073242188,142.82639892578126,152.08659984588624,80.25516293578747,3.938132264506322,2.5857774883348457,147.9528154893604,146.69954942649096,82.99524060089472,82.59014238056841,163.25385663108398,130.46014483375978,62867300.0,0
2022-11-04,156.39999389648438,157.82000732421875,154.64999389648438,156.44000244140625,1165900.0,0.0025640634390025063,0.018728275707235106,147.579500579834,142.9741989135742,152.22874980926514,79.83245156174176,3.975097796034703,2.863641549874817,148.284077387679,146.79607126201327,84.56840380046242,79.91944917095087,164.33545856352475,130.82354259614323,64033200.0,0
2022-11-07,160.02999877929688,161.5399932861328,156.6699981689453,156.6699981689453,2822300.0,0.023209750795866846,0.019094283506977977,148.50800018310548,143.4007989501953,152.39774978637695,80.45112781954887,4.248332174111368,3.1405796747221277,148.74470175597773,146.92775213283204,93.84680146718209,87.13681528951305,165.88278274284724,131.13321762336372,66855500.0,0
2022-11-08,161.08999633789062,164.1199951171875,159.55999755859375,161.6699981689453,1211600.0,0.006623742839963587,0.018973790782740505,149.47799987792968,143.87459899902345,152.542449798584,80.94958695722173,4.498548860479644,3.4121735118736316,149.22883095526842,147.0686699856187,88.8274361178753,89.08088046183991,167.40738254623483,131.54861720962452,68067100.0,0
2022-11-09,154.8800048828125,161.30999755859375,154.02999877929688,160.35000610351562,2096100.0,-0.038549826781624,0.02135320667074557,150.28649978637696,144.2125991821289,152.66009979248048,70.11933547733804,4.147938127052754,3.5593264349094564,149.45044561909367,147.14639471096393,64.11654277912622,82.26359345472785,167.61980610606872,132.9531934666852,65971000.0,0
2022-11-10,163.1199951171875,163.6699981689453,157.3800048828125,160.0,2973200.0,0.05320241460871378,0.023002161874798092,151.41649932861327,144.76139923095704,152.8376997756958,72.65970610242074,4.483294316117963,3.744120011151158,149.98650638372482,147.30533600853832,94.91869729590587,82.62089206430244,169.01364533729597,133.81935331993057,68944200.0,1
2022-11-11,165.61000061035156,166.42999267578125,161.0500030517578,164.05999755859375,1732400.0,0.015264869836314032,0.02303154619095052,152.89299926757812,145.3259991455078,153.02424976348877,70.68494327261865,4.893579012804736,3.9740118114818737,150.59919243182782,147.4874719747255,95.28740026974742,84.77421344825983,170.02117939082635,135.7648191443299,70676600.0,0
2022-11-14,164.5,169.42999267578125,164.41000366210938,165.94000244140625,1865500.0,-0.006702497471533619,0.0214738369639612,154.25949935913087,145.88439910888673,153.20429973602296,64.57647191139492,5.070712797556325,4.193352008696764,151.1443221403836,147.65675086054915,71.76406020320591,87.32338592295305,170.44066050111854,138.0783382171432,68811100.0,0
2022-11-15,168.83999633789062,170.36000061035156,166.50999450683594,167.75999450683594,2294200.0,0.026382956461341145,0.021790969188076402,155.71249923706054,146.49499908447265,153.39239971160887,68.70832001784777,5.497917461594511,4.454265099276314,151.83827014812897,147.86752942251275,91.73461488358431,86.26202511884587,171.63602151165423,139.78897696246685,71105300.0,0
2022-11-16,166.3000030517578,167.9600067138672,162.25999450683594,163.8800048828125,2996100.0,-0.015043789038289623,0.022359181841429668,157.02899932861328,146.95859924316406,153.55269969940184,62.45371699169298,5.567347093367744,4.6768814980946,152.40539692866344,148.05093712031618,77.9227966648053,80.47382391719849,171.78318668179023,142.27481197543634,68109200.0,0
2022-11-17,163.6999969482422,165.42999267578125,161.24000549316406,165.42999267578125,2616200.0,-0.015634432085406602,0.02293237060103674,158.26249923706055,147.40139923095703,153.70254970550536,56.31591278422636,5.350890083298594,4.8116832151354,152.8483224196273,148.206649158405,63.78464446356518,77.81401867065158,170.60938428325804,145.91561419086307,65493000.0,0
2022-11-18,163.36000061035156,165.75999450683594,159.6699981689453,164.3300018310547,1965500.0,-0.0020769477350578436,0.022808226214725898,159.24999923706054,147.77959930419922,153.8601497268677,55.918171828309184,5.0932002383893575,4.867986619786191,153.26054509377335,148.3574287748423,61.935833429444074,67.8810915192715,169.67165824610768,148.8283402280134,63527500.0,0
2022-11-21,165.24000549316406,166.14999389648438,159.36000061035156,164.32000732421875,3449000.0,0.01150835501829306,0.022102814308017128,160.06199951171874,148.1693994140625,154.0188997268677,58.36467732272675,4.983236216780114,4.8910365391849755,153.73032785453375,148.52541461283556,72.15880757413457,65.95976182238125,169.61553773801907,150.5084612854184,66976500.0,0
2022-11-22,152.3699951171875,156.17999267578125,147.11000061035156,154.38999938964844,7395500.0,-0.07788677044378933,0.027744175564554,159.9854995727539,148.44679931640624,154.1021496963501,49.17837861678805,3.8136255577003055,4.6755543428880415,153.67698147267706,148.56366914521718,22.623632287466396,52.23942443034833,169.7685408998522,150.20245824565558,59581000.0,1
2022-11-23,150.13999938964844,152.41000366210938,149.19000244140625,151.60000610351562,2751300.0,-0.014635399350272138,0.026978399119270656,159.80799942016603,148.6893994140625,154.1560496902466,44.13295743456731,2.6759124128318206,4.275625956876798,153.53827629295046,148.57935402327124,13.032252814180108,35.938230891927006,170.18289804772903,149.43310079260303,56829700.0,0
2022-11-25,151.3300018310547,151.77999877929688,148.52999877929688,150.75,1553200.0,0.007925952086345278,0.027045191794528786,159.5639991760254,148.95719940185546,154.20469966888427,45.002964229822105,1.8489759566187445,3.7902959568251875,153.45167729444475,148.60672365319945,18.150542884744624,17.935475995463687,170.50905955191695,148.61893880013383,58382900.0,0
2022-11-28,147.8000030517578,151.10000610351562,147.67999267578125,150.8699951171875,3804800.0,-0.023326496640354133,0.027201683476331548,159.0264991760254,149.07479949951173,154.25404972076416,37.922182269482384,0.8984249734124887,3.2119217601426477,153.23004301041783,148.59869658253837,2.967752436155914,11.383516045026859,171.17131343148645,146.88168492056434,54578100.0,0
2022-11-29,146.5,148.02999877929688,143.86000061035156,147.80999755859375,3196700.0,-0.00879569029036198,0.026941205012284457,158.4264991760254,149.14659942626952,154.29939975738526,35.65952650056272,0.03974888872707538,2.5774871858595336,152.96611975510734,148.57781402947828,9.962261847729954,10.360185722876807,171.80396977635664,145.04902857569417,51381400.0,0
2022-11-30,150.2899932861328,150.82000732421875,145.52000427246094,146.22000122070312,4295000.0,0.025870261338790446,0.0276870501530924,158.03499908447264,149.29999938964843,154.36604969024657,45.26314562869522,-0.33112036150563995,1.995765676386499,152.86117361906915,148.59485063899723,24.264123304834907,12.398045862906903,171.89966644869412,144.17033172025117,55676400.0,0
2022-12-01,149.72000122070312,150.07000732421875,146.35000610351562,148.5800018310547,3059300.0,-0.003792614883843193,0.027689325089084404,157.8609992980957,149.45699951171875,154.42569972991944,33.570384627761115,-0.6633834389985225,1.4639358533094948,152.73799038776068,148.60604616717342,22.113209850383253,18.77986500098268,172.06436569391792,143.65763290227346,52617100.0,0
2022-12-02,151.1999969482422,151.24000549316406,148.72000122070312,149.0500030517578,1809300.0,0.00988509027165585,0.02698697362537645,157.62099914550782,149.6943994140625,154.49789974212646,31.883319533787656,-0.798081251486991,1.0115324323501977,152.6776769195443,148.63185662270644,27.69809938826651,24.691810847828197,172.11599147918724,143.1260068118284,54426400.0,0
2022-12-05,147.83999633789062,150.77999877929688,147.82000732421875,150.6999969482422,2220900.0,-0.0222222267074631,0.027042111977890793,157.19299926757813,149.82539947509767,154.55834972381592,30.17609707526485,-1.1625530193452107,0.5767153420111162,152.4879639555579,148.62397741589237,15.018851802034199,21.610053680227963,172.33103986437018,142.05495867078608,52205500.0,0
2022-12-06,145.08999633789062,148.97999572753906,144.5500030517578,147.27999877929688,1603900.0,-0.018601190936956113,0.027249246255116714,156.4459991455078,149.9625994873047,154.5695997238159,20.62824103078931,-1.654232575138991,0.13052575858109478,152.19784757839446,148.5888134250665,5.103715419224043,15.940222203174892,172.44458610490202,140.4474121861136,50601600.0,0
2022-12-07,144.99000549316406,145.85000610351562,143.3300018310547,144.44000244140625,1969400.0,-0.0006891642928551489,0.026581588653941935,155.6409996032715,150.14159973144533,154.59559978485106,21.95314156818138,-2.0285764246976044,-0.3012946780746451,151.91518710446385,148.5530043909182,7.274339348365229,9.132302189874467,172.26373497062363,139.01826423591936,48632200.0,0
2022-12-08,144.5,145.5399932861328,142.7899932861328,144.83999633789062,2305800.0,-0.003379581175249835,0.026464527802126454,155.12199935913085,150.27219970703126,154.63709980010987,23.244143672512607,-2.3378368427557916,-0.7086031110108744,151.6243954533084,148.51267598901853,7.320234029058325,6.566096265549175,172.4768309740717,137.76716774419,46326400.0,0
2022-12-09,142.30999755859375,143.8699951171875,141.60000610351562,143.50999450683594,2237600.0,-0.015155726238105571,0.025446670184053465,154.08149948120118,150.3815997314453,154.66799976348878,22.104418983019585,-2.728193925246842,-1.1125212738580679,151.25912494763332,148.45095779568098,2.892023658282512,5.828865678568665,171.90626056111273,136.25673840128962,44088800.0,0
2022-12-12,144.22000122070312,144.27999877929688,141.11000061035156,143.41000366210938,1516500.0,0.013421429940809082,0.02228204763862031,153.01199951171876,150.54399963378907,154.68564975738525,22.16630385280439,-2.8505737527254382,-1.4601317696315421,150.98308087991057,148.40885872528318,20.637042122177704,10.283099936506156,170.48767413526457,135.53632488817294,45605300.0,0
2022-12-13,144.55999755859375,147.91000366210938,143.6199951171875,147.91000366210938,2220400.0,0.002357483948223882,0.02185147083373368,152.01499938964844,150.60219970703125,154.69804973602294,34.522386832072144,-2.8868479979812207,-1.7454750153014778,150.7311952594668,148.37056159924649,30.530938199220316,18.020001326560152,168.99937743649787,135.030621342799,47825700.0,0
2022-12-14,146.5,148.41000366210938,144.7100067138672,145.07000732421875,1808800.0,0.013420050319383314,0.022266451205986863,150.89799957275392,150.68919982910157,154.7319997024536,42.70248343955553,-2.7276114085055383,-1.9419022939422899,150.56526603360535,148.35194904602017,50.515466866113044,33.894482395836995,166.06450795157167,135.73149119393617,49634500.0,0
2022-12-15,145.11000061035156,146.7100067138672,143.72999572753906,145.5399932861328,2293100.0,-0.009488050441286311,0.021060858265965845,149.8384994506836,150.73619995117187,154.75794971466064,37.62926581749895,-2.6826526483069983,-2.090052364815232,150.35133405622287,148.31969085263043,39.4866542146171,40.177686426650126,163.3443465163905,136.3326523849767,47341400.0,0
2022-12-16,142.64999389648438,144.69000244140625,142.00999450683594,143.8699951171875,3587600.0,-0.01695270280146155,0.02110153470124125,148.7859992980957,150.74659973144531,154.73879970550536,39.30201318456168,-2.813096860103201,-2.234661263872826,150.0493207166253,148.2632759575444,15.202295595589565,35.068138892106546,160.95858209174995,136.61341650444146,43753800.0,0
2022-12-19,139.4199981689453,143.0,139.1300048828125,142.88999938964844,2179700.0,-0.022642803124709232,0.021298435443828537,147.5889991760254,150.69599975585936,154.7185496902466,36.38460387280031,-3.1409021341049765,-2.415909437919256,149.6324845382849,148.17528314372748,2.394659550098848,19.02786978676848,158.35424729384602,136.82375105820478,41574100.0,0
2022-12-20,139.2100067138672,139.8699951171875,137.39999389648438,139.1199951171875,1967300.0,-0.001506178868426522,0.021305921698759774,146.28749923706056,150.65099975585937,154.71029972076417,25.289930824955277,-3.3786873265729866,-2.608465015650002,149.22375991771952,148.0860764130821,13.07811633493896,10.225023826875768,153.89983883568016,138.67515963844096,39606800.0,0
2022-12-21,140.17999267578125,141.00999450683594,137.33999633789062,140.66000366210938,2066700.0,0.006967789060651208,0.02112709218305272,145.67799911499023,150.62079956054689,154.67719966888427,29.097243117824448,-3.449104909732,-2.7765929944664016,148.86910237882,148.00740891320848,20.431614872808748,11.968130252615495,153.19116950992264,138.1648287200578,41673500.0,0
2022-12-22,140.0500030517578,140.77000427246094,137.77000427246094,139.8000030517578,1657400.0,-0.000927305113534227,0.013686858317252045,145.1734992980957,150.6475994873047,154.63869968414306,24.033513946850732,-3.475338884667792,-2.9163421725066803,148.5232553463862,147.92823074543287,20.163736767771262,17.891155991839632,152.77960773667672,137.56739085951466,40016100.0,0
2022-12-23,141.91000366210938,142.3300018310547,139.22999572753906,140.14999389648438,1023100.0,0.013280975150455232,0.013947050216910763,144.70249938964844,150.67539947509766,154.6044997024536,35.152725650084975,-3.3079114501344975,-2.9946560280322436,148.26391214308126,147.8683478888824,39.261233366411524,26.618861668997152,151.8566261862682,137.5483725930287,41039200.0,0
2022-12-27,142.1699981689453,142.74000549316406,141.47999572753906,142.35000610351562,1318700.0,0.0018321083794416992,0.01377974685540332,144.4209991455078,150.79719940185547,154.58024967193603,41.64758586795884,-3.1182988105658183,-3.0193845845389586,148.02493512448768,147.81164789166908,43.631423987296756,34.35213137382649,151.50465645693276,137.33734183408285,42357900.0,0
2022-12-28,141.5399932861328,143.75,141.4499969482422,142.41000366210938,1335900.0,-0.004431349025297515,0.012970949953764037,144.17299880981446,150.8845993041992,154.53254962921142,40.4219428586921,-2.98446253021001,-3.012400173673169,147.77062367984632,147.7492433682309,37.940326733601296,40.277661362436504,151.29737241006566,137.04862520956326,41022000.0,0
2022-12-29,142.99000549316406,143.9499969482422,141.74000549316406,142.17999267578125,856100.0,0.010244540594967821,0.01313502524517202,143.80799942016603,150.94879943847656,154.49219966888427,46.020043162215444,-2.72992358714572,-2.9559048563676793,147.58314845683918,147.70188776748398,51.038892656488635,44.20354779246221,150.33586167774035,137.2801371625917,41878100.0,0
2022-12-30,141.44000244140625,142.97999572753906,140.36000061035156,142.55999755859375,1055900.0,-0.010839939801470355,0.011738700097247779,143.39399948120118,150.97819946289061,154.43899967193605,47.62685282458457,-2.623035216085782,-2.8893309283113,147.34224076995946,147.6395804508066,37.03706766792927,42.00542901933971,149.3700817618378,137.41791720056455,40822200.0,0
2023-01-03,140.25999450683594,143.05999755859375,139.75999450683594,141.6199951171875,2142400.0,-0.008342816135478714,0.011799388696301573,142.84699935913085,151.00279937744142,154.36464962005616,38.749975074408304,-2.603530313698684,-2.8321708053887766,147.06450562238598,147.56615173494617,26.377563116484996,38.151174480300945,147.7145852802272,137.9794134380345,38679800.0,0
2023-01-04,140.52000427246094,141.77000427246094,137.9499969482422,140.5500030517578,1542000.0,0.0018537699686871356,0.011485610220163185,142.4809997558594,150.9409994506836,154.28139965057372,38.47034160692777,-2.537837314129632,-2.7733041071369477,146.80785851062421,147.49604081492146,28.726339933065375,30.713656905826525,146.84229817268923,138.11970133902955,40221800.0,0
2023-01-05,142.55999755859375,143.25,138.5500030517578,140.13999938964844,1671000.0,0.014517458184653664,0.011274462829096487,142.35449981689453,150.81219940185548,154.21939960479736,38.819513242762035,-2.294712709714446,-2.6775858276524476,146.64127572819166,147.44692595664955,55.70966318336745,36.93785541097258,146.54040904289946,138.1685905908896,41892800.0,0
2023-01-06,145.8300018310547,146.7899932861328,143.64999389648438,143.64999389648438,1846900.0,0.022937740800093254,0.01178758938117756,142.39649963378906,150.6507995605469,154.16504962921144,51.846156976161865,-1.8172248559197328,-2.5055136333059047,146.60946106555883,147.43083715937996,89.84135698311844,58.09245336651707,146.70870179724827,138.08429747032986,43739700.0,0
2023-01-09,143.97000122070312,146.67999267578125,143.8699951171875,145.8300018310547,2392800.0,-0.012754581272695797,0.01212778016005654,142.36999969482423,150.4563995361328,154.10914966583252,53.492083996027866,-1.570791687465686,-2.318569244137861,146.50595283634883,147.3964009808857,70.15880448560102,71.90327488402895,146.6340184104972,138.10598097915127,41346900.0,0
2023-01-10,145.8800048828125,146.3000030517578,142.27999877929688,143.97000122070312,1897800.0,0.013266678099011608,0.012453729473870835,142.54850006103516,150.2497994995117,154.054299659729,68.3731684898227,-1.207451543266842,-2.0963457039636575,146.48140585777878,147.38131246249688,90.37048997682923,83.45688381518288,147.09169862556968,138.00530149650064,43244700.0,0
2023-01-11,147.94000244140625,148.5800018310547,146.2899932861328,146.63999938964844,1969600.0,0.014121178294781211,0.012247384993995065,142.7345001220703,150.03759948730467,154.0119496536255,72.46523973880231,-0.7446929180008226,-1.8260151467710906,146.53860572380339,147.38687156676465,94.30605803495673,84.94511749912898,147.8361110961475,137.6328891479931,45214300.0,0
2023-01-12,146.6199951171875,148.27000427246094,144.8699951171875,147.94000244140625,1592500.0,-0.008922585524098192,0.012168620378584176,142.8375,149.79999938964843,153.95124965667725,66.27905182734915,-0.4789459420975959,-1.5566013058363917,146.5417974647204,147.37924095532608,81.86857394515305,88.84837398564632,148.17215364121427,137.50284635878575,43621800.0,0
2023-01-13,147.25999450683594,147.9499969482422,146.07000732421875,146.47000122070312,1239200.0,0.004365021217855869,0.012188868576829449,142.8754997253418,149.5827993774414,153.89449962615967,67.76731782740531,-0.2142274661661645,-1.2881265379023463,146.5699620546073,147.37805442350032,87.5822510076825,87.91896099593073,148.32949269662143,137.42150675406216,44861000.0,0
2023-01-17,147.72999572753906,147.85000610351562,145.9199981689453,146.86000061035156,1501000.0,0.0031916422533977418,0.01186583111021562,143.00649948120116,149.47339935302733,153.83154956817626,65.39677208664713,0.033107362681391805,-1.0238797577855987,146.61545357119286,147.38155632702308,92.00370919029409,87.15151138104319,148.80166271546145,137.21133624694087,46362000.0,0
2023-01-18,144.35000610351562,148.5500030517578,144.25,147.97000122070312,1659500.0,-0.022879508033407214,0.012754076509603059,143.09150009155275,149.24039947509766,153.75254962921142,54.9500556092592,-0.04311788230521074,-0.8277273826895212,146.52661249402905,147.35139164818222,60.207019901011705,79.9309933663294,148.9144495534075,137.26855062969798,44702500.0,0
2023-01-19,142.80999755859375,144.33999633789062,140.69000244140625,142.3699951171875,3257000.0,-0.010668572773163021,0.012409754677132944,143.26100006103516,148.96859954833985,153.6694496536255,52.76930253543021,-0.22519682845879174,-0.7072212718433754,146.38086288871784,147.3062036472908,45.71964607664129,65.97679172264901,148.82558222405993,137.6964178980104,41445500.0,0
2023-01-20,147.7899932861328,148.49000549316406,141.55999755859375,142.05999755859375,2858000.0,0.0348714782765529,0.013437367374220159,143.68999938964845,148.72379943847656,153.62454959869385,59.07026418558731,0.03197968861439904,-0.5593810797518205,146.43612290430275,147.31101747454295,92.56812622730561,66.16493073498619,149.26252888499045,138.11746989430645,44303500.0,0
2023-01-23,150.99000549316406,151.50999450683594,147.7899932861328,148.27000427246094,2924700.0,0.021652428123707823,0.013999196985235138,144.2305000305176,148.52179962158203,153.60079959869384,66.9868240420927,0.4883784499749311,-0.3498291738064702,146.6147065352385,147.34762432049936,96.16527207010942,78.1510147913521,150.43116683273433,138.02983322830084,47228200.0,0
2023-01-24,146.52000427246094,154.00999450683594,144.61000061035156,153.8000030517578,3941700.0,-0.02960461658441027,0.015770238017499168,144.55400009155272,148.354599609375,153.55309963226318,59.96816066617683,0.48380896676852103,-0.18310154569147197,146.61099272101194,147.33938929514574,53.36244475101377,80.69861434947624,150.50646982501885,138.6015303580866,43286500.0,0
2023-01-25,149.55999755859375,149.64999389648438,143.1199951171875,145.47999572753906,2508000.0,0.0207479743208292,0.016255336719861867,144.93649978637694,148.08339965820312,153.50784961700438,63.22409477411149,0.7172219817624921,-0.003036840200679153,146.72663996954458,147.36148489975716,71.21604522762848,73.58125401625054,151.15099352190722,138.72200605084666,45794500.0,0
2023-01-26,150.4499969482422,151.85000610351562,149.64999389648438,150.61000061035156,1608800.0,0.0059507849971698334,0.0161073997333459,145.3504997253418,147.78019958496094,153.44549961090087,61.94368155664529,0.9629190589888594,0.19015433963722858,146.87265396870922,147.39221636292618,73.27327568134773,65.95058855332998,151.88400655532573,138.81699289535786,47403300.0,0
2023-01-27,150.3699951171875,150.77999877929688,149.55999755859375,150.47999572753906,1404000.0,-0.0005317503002821855,0.016123560352352753,145.79199981689453,147.49759948730468,153.369899559021,57.60722439973512,1.1380614200480466,0.3797357557193922,147.00980460198286,147.42184600227205,72.67266097631106,72.38732729509574,152.4337942424926,139.15020539129645,45999300.0,0
2023-01-30,148.85000610351562,150.88999938964844,148.5800018310547,150.3699951171875,2158200.0,-0.010108326548041058,0.016297472249380638,146.08499984741212,147.0977996826172,153.27824962615966,58.271194716631356,1.1410591728350994,0.5320004391425337,147.08196936674884,147.43605655054316,61.2613252472395,69.06908730163275,152.72335819809965,139.4466414967246,43841100.0,0
2023-01-31,150.17999267578125,150.22999572753906,147.75999450683594,149.0399932861328,1662400.0,0.008935079057643458,0.016268948262502806,146.52199935913086,146.77539947509766,153.17379955291747,57.43428480979265,1.2365001111500362,0.6729003735440342,147.20346047690697,147.46335939756045,71.2462153712917,68.39340053161406,153.02213136524662,140.0218673530151,45503500.0,0
2023-02-01,153.5399932861328,154.16000366210938,149.36000061035156,150.0,1316600.0,0.022373157372602703,0.016523283970851902,147.1859992980957,146.57219940185547,153.07624950408936,59.26537631715675,1.5652188424373321,0.8513640673226939,147.4519519596217,147.52382341635223,95.39710230297813,75.96821430716976,153.70588413838928,140.66611445780214,46820100.0,0
2023-02-02,157.02000427246094,157.9499969482422,152.6300048828125,153.6300048828125,3402700.0,0.022665176100684636,0.01674480079865076,148.0109992980957,146.44539947509764,153.0011995315552,66.05931514498917,2.082532470219263,1.0975977479020078,147.8271696973801,147.61831277810455,94.61185995503695,87.08505920976891,155.12772431700006,140.89427427919134,50222800.0,0
2023-02-03,149.91000366210938,156.66000366210938,149.49000549316406,156.4199981689453,4287900.0,-0.04528085859693587,0.020086720447695317,148.37849960327148,146.13879943847655,152.89139957427977,53.41056599712577,1.896923070416733,1.257462812404953,147.90884946070284,147.64111567247278,53.4183323004621,81.14243151949238,155.05553959273453,141.70145961380842,45934900.0,0
2023-02-06,150.97000122070312,152.42999267578125,149.14999389648438,149.24000549316406,1248100.0,0.007070892753648028,0.01994361026089485,148.6354995727539,146.11079956054687,152.77584957122804,54.10751336982187,1.814443453360468,1.368858940596056,148.02889462776167,147.67423891175866,59.55968743341959,69.19662656297287,155.2951764955498,141.975822649958,47183000.0,0
2023-02-07,150.3699951171875,150.77999877929688,147.75999450683594,150.08999633789062,1665700.0,-0.003974339926237858,0.019451845967701865,148.95549926757812,146.11539947509766,152.662399559021,58.2105679382323,1.6812815177412688,1.4313434560250986,148.1207024900921,147.7010623565888,56.08340531016637,56.353808348016,155.27776174115868,142.63323679399755,45517300.0,0
2023-02-08,150.52999877929688,150.8699951171875,148.4600067138672,149.0800018310547,1194500.0,0.0010640664182017812,0.01917219322734866,149.18799896240233,146.0993994140625,152.57759952545166,60.94104519248652,1.5705562874643988,1.4591860223129587,148.2151846975119,147.7292109777103,54.72850246942889,56.79053173767159,155.37459779107303,143.00140013373164,46711800.0,0
2023-02-09,149.05999755859375,151.60000610351562,148.94000244140625,151.1199951171875,1183200.0,-0.009765503438675993,0.01917226923808034,149.2439987182617,146.12459930419922,152.47364948272704,51.99874740583812,1.3486426189296594,1.437077341636299,148.24831461363274,147.74245263523153,40.053956223846306,50.2886213344805,155.40324839330378,143.08474904321963,45528600.0,0
2023-02-10,147.0399932861328,148.8300018310547,146.30999755859375,148.05999755859375,1444400.0,-0.013551618848423042,0.019191010376034805,149.26499862670897,146.13539916992187,152.3676494216919,43.54362098739691,0.9982695449932635,1.3493157823076918,148.20092946353472,147.7354629899669,26.432890660449285,40.405116451241476,155.3893438124318,143.14065344098614,44084200.0,0
2023-02-13,148.4499969482422,148.47000122070312,147.02000427246094,147.38999938964844,2002500.0,0.009589252764488299,0.019191341249441645,149.3244987487793,146.09859924316407,152.27944942474366,53.505253834650816,0.8248633598838069,1.2444252978229149,148.2106968158762,147.7425727805965,35.94066873203903,34.142505205444856,155.38966242870936,143.25933506884923,46086700.0,0
2023-02-14,146.94000244140625,148.36000061035156,143.66000366210938,148.3300018310547,1577500.0,-0.010171738214062809,0.01931683955835464,149.28499908447264,146.04299926757812,152.17859943389894,44.9615478515625,0.5591482586414998,1.1073698899866318,148.1608656639362,147.73458700607722,22.95311630747809,28.44222523332212,155.40393738232092,143.16606078662437,44509200.0,0
2023-02-15,149.13999938964844,149.17999267578125,146.05999755859375,146.49000549316406,1037100.0,0.014972076437248294,0.019581121801963995,149.5244987487793,146.00179931640625,152.11204944610597,47.601615386850284,0.5200931836403129,0.9899145487173681,148.19926306494452,147.74857120889882,38.34848357036611,32.41408953662773,155.18816587764826,143.86083161991036,45546300.0,0
2023-02-16,146.85000610351562,148.4600067138672,146.42999267578125,147.6699981689453,1610700.0,-0.015354655327239897,0.019194312363090736,149.72649917602538,145.98199951171875,152.02939945220947,44.037956768815825,0.300889963208391,0.8521096316155727,148.14635102724142,147.7396302625766,22.323330581980525,27.874976819941555,154.61727775188484,144.83572060016593,43935600.0,0
2023-02-17,148.0399932861328,148.25,145.6300048828125,146.0,1710600.0,0.008103419360965924,0.019060651875798116,149.7389991760254,146.0409994506836,151.9450994491577,48.61251597625713,0.22064835534990834,0.7258173763624399,148.14218013543325,147.74261894937817,30.650746549152224,30.44085356716627,154.61017689325496,144.86782145879585,45646200.0,0
2023-02-21,146.4199981689453,147.38999938964844,144.9199981689453,145.8000030517578,1673600.0,-0.01094295589473826,0.0176677122209109,149.51049880981446,146.06959930419922,151.84814945220947,43.622803507865676,0.02603610787485877,0.5858611226649237,148.07464358772782,147.72945854360273,19.314176372037,24.096084501056566,154.56006932220816,144.46092829742076,43972600.0,0
2023-02-22,144.19000244140625,147.1300048828125,143.72999572753906,146.4199981689453,2128700.0,-0.015230130825203303,0.01720416818806954,149.3939987182617,146.06339935302734,151.76189945220946,33.509710997903596,-0.3046259800403277,0.4077637021238735,147.92230471924464,147.69424007492418,3.7088805339831223,17.891267818390762,154.82702539842404,143.96097203809938,41843900.0,0
2023-02-23,141.36000061035156,142.72000122070312,139.66000366210938,142.10000610351562,2742500.0,-0.019626893565000803,0.016529689234383464,148.9839988708496,146.0443994140625,151.646749458313,21.732826689788055,-0.7859753291173774,0.1690158958756233,147.66495946007237,147.63121281657024,9.999982048483457,11.007679651501173,155.49496164702134,142.47303609467787,39101400.0,0
2023-02-24,144.0,144.05999755859375,139.75,140.52999877929688,2421300.0,0.018675717163622485,0.016395404842413964,148.6614990234375,146.03999938964844,151.5590994644165,37.27936153441934,-0.9435456617941611,-0.0534964156583336,147.5212355596774,147.5950813457586,33.98590502500914,15.898255869158556,155.49756427589614,141.82543377097886,41522700.0,0
2023-02-27,143.82000732421875,145.47999572753906,142.6300048828125,145.22999572753906,3384500.0,-0.0012499491373697547,0.01630302055064386,148.33399963378906,146.02519958496094,151.48874950408936,34.00447045458269,-1.0706039346169973,-0.25691791945006637,147.3760893543653,147.55751842017114,34.840894568690096,26.275593880727552,155.4473963294574,141.22060293812072,38138200.0,0
2023-02-28,145.27999877929688,146.52999877929688,143.0399932861328,143.6999969482422,3198100.0,0.010151518430859374,0.016516937022231212,148.15549926757814,146.00079956054688,151.43479946136475,39.03488818529894,-1.0414838450033983,-0.4138311045607328,147.29388972397044,147.53485653319728,47.06862619808307,38.63180859726075,155.39247116326305,140.91852737189322,41336300.0,0
2023-03-01,148.1199951171875,152.82000732421875,143.0,143.3000030517578,7141600.0,0.019548433106783225,0.01700540753129729,148.05249938964843,146.0609994506836,151.37944942474365,45.345677906365445,-0.7802477837934703,-0.48711444040728036,147.32628601390053,147.54067880766485,64.28563146556222,48.73171741077844,155.22651504598838,140.87848373330849,48477900.0,0
2023-03-02,146.58999633789062,147.44000244140625,142.14999389648438,142.25,3681900.0,-0.010329454697094675,0.017013521160331713,147.70499954223632,146.13979949951172,151.31539943695068,45.2408364772182,-0.6887351281023371,-0.5274385779462918,147.29741190895896,147.53121928060244,52.659504159062394,54.671253940902545,154.41833397236584,140.9916651121068,44796000.0,0
2023-03-03,149.14999389648438,149.22999572753906,145.6699981689453,146.58999633789062,1770200.0,0.017463657974947644,0.01670707759380353,147.3114990234375,146.3343994140625,151.2538994216919,53.98264445910101,-0.40497201565759156,-0.5029452654885518,147.37006218297958,147.54732649071073,72.11236773207615,63.0191677855669,152.46797524690086,142.15502279997415,46566200.0,0
2023-03-06,144.05999755859375,150.47999572753906,143.83999633789062,150.0,2563200.0,-0.034126694912393174,0.017231215018860945,147.0189987182617,146.43139923095703,151.1924493789673,42.72454667343039,-0.5840750170137312,-0.5191712157935877,147.2402557271213,147.5126267003414,33.43459477259077,52.73548888790975,152.21834746904022,141.8196499674832,44003000.0,0
2023-03-07,142.02000427246094,144.3800048828125,141.33999633789062,143.6999969482422,1573200.0,-0.014160719982679981,0.014642820374696735,146.5714988708496,146.46819946289062,151.2335493850708,41.98695693881213,-0.8804762629299887,-0.5914322252208679,147.0355399838013,147.45797374086,17.933130346661965,41.160030950442945,151.87853953157335,141.26445821012587,42429800.0,0
2023-03-08,141.7100067138672,142.24000549316406,140.25,142.11000061035156,2481300.0,-0.002182773899929158,0.014479712505910059,146.13849945068358,146.50139953613282,151.26424938201905,37.10515611560478,-1.127394693744435,-0.6986247189255814,146.82669554184312,147.4007800390989,15.57752645358477,22.315083857612482,151.55267178925678,140.7243271121104,39948500.0,0
2023-03-09,139.63999938964844,143.17999267578125,139.5500030517578,141.89999389648438,2074400.0,-0.014607347584129293,0.014702999021810173,145.59399948120117,146.4559994506836,151.3230493927002,37.390662501581126,-1.4731302914000253,-0.8535258334204703,146.54486432018845,147.3235583410944,0.6781937371142615,11.396283512453648,151.3294594019262,139.85853956047615,37874100.0,0
2023-03-10,140.2899932861328,142.60000610351562,138.9600067138672,140.22000122070312,1880400.0,0.004654783008632313,0.014778387795641456,145.15549926757814,146.41839935302735,151.37454933166504,36.185362202317165,-1.6753665850984305,-1.0178939837560623,146.2995752600294,147.2535726191545,9.595862292187082,8.61719416096202,151.11196091034884,139.19903762480743,39754500.0,0
2023-03-13,142.2899932861328,146.2899932861328,140.57000732421875,140.64999389648438,2531600.0,0.014256184301904007,0.015172843189786279,144.91799926757812,146.43339935302734,151.4349993133545,42.73652764672985,-1.6551771675105442,-1.1453506205069588,146.14233675124916,147.2041837700697,24.025876086748305,11.433310705349863,150.93654953028175,138.8994490048745,42286100.0,0
2023-03-14,141.49000549316406,143.4199981689453,139.69000244140625,142.72999572753906,2157200.0,-0.00562223508831039,0.01497095678659354,144.56999969482422,146.40339935302734,151.47449935913085,44.99999717429353,-1.684313519922,-1.2531432003899672,145.95989238818703,147.14732627477713,18.25395864273848,17.291899007224604,150.53327430134613,138.6067250883023,40128900.0,0
2023-03-15,140.30999755859375,141.1999969482422,139.38999938964844,139.8699951171875,1872400.0,-0.008339867755728703,0.014803862161071053,144.2384994506836,146.3807992553711,151.36204933166505,47.928984822447006,-1.7820783774759263,-1.358930235807159,145.73832788506573,147.07929315322306,9.740193255967826,17.34000932848485,150.3814614672446,138.0955374341226,38256500.0,0
2023-03-16,139.00999450683594,140.7899932861328,138.2899932861328,139.27000427246094,2189700.0,-0.009265220400384688,0.014781914686455884,143.73199920654298,146.3557992553711,151.2320993041992,39.60846943502994,-1.9420701374948521,-1.4755582161446978,145.47447167415476,146.9990016244033,4.955268582782264,10.983140160496172,149.84372440789866,137.6202740051873,36066800.0,0
2023-03-17,137.14999389648438,139.27000427246094,135.4499969482422,138.3300018310547,6545000.0,-0.013380337269634945,0.014392712989116563,143.24699859619142,146.28839904785156,151.11619926452636,37.01825473474387,-2.1936640706717014,-1.6191793870500986,145.14802156522651,146.90100154750857,9.786965646222948,8.160809161657662,149.83764497454592,136.6563522178369,29521800.0,0
2023-03-20,141.0800018310547,141.47999572753906,137.0500030517578,137.13999938964844,3140000.0,0.028654816693149288,0.015776531007469775,142.8989990234375,146.25879913330078,151.01654930114745,42.54261598391324,-2.052277897375319,-1.7057990891151427,144.9884913795727,146.84308115231997,32.41221370022339,15.718149309742849,149.1503137707279,136.64768427614712,32661800.0,0
2023-03-21,140.97999572753906,143.0,139.4600067138672,142.63999938964844,3842400.0,-0.0007088609456880057,0.015616655054019511,142.6269989013672,146.16179901123047,150.92594924926757,35.95594039347509,-1.926095167040387,-1.7498583047001917,144.83129547164984,146.78474199386443,36.793075372129714,26.330751572858663,148.70422825051028,136.5497695522241,28819400.0,0
2023-03-22,138.6300048828125,141.75999450683594,138.5399932861328,140.9499969482422,1572500.0,-0.016668966633168303,0.015825386136142774,142.3489990234375,146.05499908447266,150.8196992492676,34.8323277105295,-1.9927479081858905,-1.7984362253973316,144.58810760542093,146.7036003310679,21.157739140675286,30.121009404342775,148.63042873239158,136.06756931448342,27246900.0,0
2023-03-23,135.4600067138672,139.07000732421875,134.2899932861328,138.55999755859375,2729500.0,-0.02286660937237217,0.01621591434210756,142.0539993286133,145.84659912109376,150.6897492980957,24.506532866647234,-2.275136685715097,-1.8937763174608848,144.2301428645757,146.59172377766293,7.226764986409407,21.72585983307145,149.04508096959785,135.06291768762873,24517400.0,0
2023-03-24,137.38999938964844,137.47000122070312,133.3800048828125,134.52000427246094,1951900.0,0.014247693637414294,0.016147689879248906,141.7234992980957,145.63559906005858,150.56699928283692,35.922326345031735,-2.3164944411447266,-1.9783199421976532,143.9619019439903,146.500164331016,31.061178225416604,19.815227450833746,148.9482910939086,134.4987075022828,26469300.0,0
2023-03-27,138.72999572753906,139.72000122070312,137.97000122070312,138.6300048828125,2015600.0,0.009753230539657265,0.015709134707245997,141.46899871826173,145.4777990722656,150.45434928894042,42.84469347011161,-2.2156041491721226,-2.0257767835925473,143.7567291511883,146.42284922053366,41.44070991845819,26.576217710094713,148.7412818631408,134.19671557338265,28484900.0,0
2023-03-28,141.66000366210938,142.24000549316406,138.27999877929688,138.94000244140625,1556300.0,0.021120219309490595,0.016477720736775447,141.28799896240236,145.3657992553711,150.3633992767334,49.90237592626686,-1.8775771718014198,-1.996136861234322,143.6745046222048,146.37545772243988,64.13637658394292,45.54608824260589,148.33769516119565,134.23830276360906,30041200.0,0
2023-03-29,141.9499969482422,143.77000427246094,141.02999877929688,143.10000610351562,1665600.0,0.0020471077130881365,0.016307571438290314,140.97949905395507,145.25019927978516,150.2931492614746,54.84682933326162,-1.5682109624684415,-1.910551681481146,143.6068768702847,146.33142328687572,66.38264727817707,57.319911260192704,147.2694267475668,134.68957136034334,31706800.0,0
2023-03-30,140.80999755859375,143.44000244140625,140.35000610351562,142.41000366210938,2546500.0,-0.008030992702762085,0.015670024750414274,140.69049911499025,145.1793991088867,150.2221492767334,51.069088080008285,-1.3988988014818915,-1.8082211054812953,143.49719532864978,146.27648372739034,57.552280014986955,62.690434625702295,146.39932489610928,134.9816733338712,29160300.0,0
2023-03-31,143.5500030517578,143.63999938964844,141.33999633789062,141.77999877929688,1330100.0,0.019458884601030402,0.016243655541011818,140.4104995727539,145.19419921875,150.1597992706299,52.513986209852824,-1.0317290200407854,-1.6529226883931936,143.49926621975206,146.24935456643877,97.88256753005864,73.9391649410742,144.75976453132404,136.06123461418377,30490400.0,0
2023-04-03,148.00999450683594,148.88999938964844,145.1199951171875,145.27999877929688,3394100.0,0.0310692536416739,0.017251592776165437,140.607999420166,145.19859924316407,150.1271492767334,61.35095532128994,-0.3765199980503269,-1.3976421503246201,143.6761575251279,146.26687337181588,94.326207643564,83.25368506286985,145.90953575934364,135.30646308098838,33884500.0,0
2023-04-04,148.88999938964844,149.07000732421875,147.66000366210938,148.10000610351562,1562600.0,0.005945577430393367,0.015434592337161672,140.95149917602538,145.15659912109376,150.1157492828369,65.09500771261503,0.21131104969418857,-1.0758515103208586,143.88062191197184,146.29297412821222,98.85272207418357,97.02049908260206,147.40363533857348,134.49936301347728,35447100.0,0
2023-04-05,148.6999969482422,149.52000427246094,148.4499969482422,148.89999389648438,1913800.0,-0.0012761262823905994,0.015023852019465664,141.30099868774414,145.20019897460938,150.10879928588867,67.74076035821003,0.6542974473340735,-0.7298217187898722,144.06961701143342,146.31692460403343,94.91940919932952,96.03277963902569,148.6245537045884,133.97744367089987,33533300.0,0
2023-04-06,149.0399932861328,149.35000610351562,147.2899932861328,147.74000549316406,1404600.0,0.0022864582708026493,0.014988819280015747,141.77099838256837,145.18979888916016,150.07209922790528,73.05157519378194,1.0210323961163112,-0.37965089580863554,144.2645337280883,146.3440198148006,97.02595412341846,96.93269513231051,149.81664186362727,133.72535490150946,34937900.0,0
2023-04-10,152.92999267578125,153.47000122070312,148.1699981689453,148.1699981689453,1698100.0,0.026100372818591566,0.015293491027250262,142.4029983520508,145.23939880371094,150.0615991973877,73.00970459559444,1.60703799224396,0.017686881801883547,144.6043556476057,146.40955188306907,97.31205254675235,96.41913862316676,151.8265980517657,132.97939865233587,36636000.0,0
2023-04-11,153.07000732421875,154.2899932861328,152.8800048828125,153.86000061035156,1105800.0,0.0009155473428572591,0.015312734504242172,142.94199905395507,145.29339904785155,150.0493992614746,73.43934614977283,2.0590146222222643,0.4259524298859597,144.93634198786503,146.47582507153822,94.16553496643576,96.16784721220218,153.50291980539612,132.38107830251403,37741800.0,0
2023-04-12,150.1699981689453,153.24000549316406,149.97999572753906,153.24000549316406,1393300.0,-0.018945639357884847,0.01593177333667159,143.37599868774413,145.31979888916015,150.01419921875,71.90582423203546,2.1583230507335998,0.7724265540554878,145.14158340673092,146.51258301280595,80.2965212714643,90.59136959488411,154.38939288777138,132.36260448771688,36348500.0,0
2023-04-13,148.8800048828125,150.5800018310547,148.07000732421875,150.3000030517578,1796400.0,-0.008590219763348061,0.0160221095411563,143.80449905395508,145.29379913330078,149.97294921875,77.43253165449269,2.1086270781580083,1.039666658875992,145.2881881704988,146.53613944932343,74.12725297130602,82.86310306973535,154.98127964747226,132.6277184604379,34552100.0,0
2023-04-14,147.89999389648438,149.60000610351562,146.32000732421875,148.97000122070312,1387400.0,-0.006582556113559512,0.01596688941657524,144.2489990234375,145.18099914550783,149.94459915161133,72.3521550826122,1.9674840343172662,1.2252301339642468,145.39061192445902,146.54971014033995,60.84557293882363,71.7564490605313,155.32962427431804,133.16837377255698,33164700.0,0
2023-04-17,146.67999267578125,148.80999755859375,145.38999938964844,147.75,2024000.0,-0.008248825362068724,0.01593051998643414,144.72549896240236,144.9741989135742,149.89674911499023,66.99441381600364,1.7371583722854496,1.3276157816284875,145.44117587549127,146.55100648397618,52.46718787378566,62.48000459463842,155.33015561853023,134.12084230627448,31140700.0,0
2023-04-18,149.3800048828125,149.74000549316406,146.85000610351562,146.88999938964844,1974500.0,0.018407501648839864,0.015838041419296976,145.14049911499023,144.96359893798828,149.86439910888672,66.66664470528707,1.7522927063281486,1.4125511665684198,145.5956397581313,146.57915572177555,64.77766916857037,59.36347666039321,155.7939818839818,134.48701634599868,33115200.0,0
2023-04-19,148.49000549316406,149.97999572753906,147.72999572753906,149.57000732421875,2314500.0,-0.005957955285559424,0.014940879762574955,145.5159996032715,144.9139990234375,149.82549911499024,63.762620910927616,1.6731838405910366,1.4646777013729433,145.70914429676003,146.59816915233662,58.393162655119305,58.54600656582509,156.08107308522025,134.95092612132274,30800700.0,0
2023-04-20,149.85000610351562,150.36000061035156,148.07000732421875,148.13999938964844,1718100.0,0.009158869688466575,0.014988476194785055,146.07699966430664,144.90359924316405,149.75054916381836,68.8490260607958,1.7006264150918184,1.5118674441167184,145.87153103427988,146.63052573891554,65.71437661056851,62.961736144752706,156.2881490058685,135.8658503227448,32518800.0,0
2023-04-21,150.99000549316406,151.89999389648438,150.22999572753906,150.97000122070312,1436100.0,0.007607603224660142,0.014315364344963317,146.85349960327147,144.91279937744142,149.67654922485352,66.62196307624336,1.7936867718938174,1.5682313096721383,146.0722555228636,146.673903646918,64.0132120838984,62.70691711652872,155.96831121052773,137.73868799601522,33954900.0,0
2023-04-24,153.4600067138672,153.67999267578125,150.86000061035156,150.99000549316406,1898700.0,0.016358706741122386,0.01312007440045241,147.65699996948243,145.00079956054688,149.5998992919922,63.36439464125087,2.043193567371503,1.6632237612120113,146.36197125584414,146.7414270605195,90.67430178133625,73.4672968252677,156.06507689660558,139.24892304235928,35853600.0,0
2023-04-25,152.36000061035156,155.4199981689453,152.02000427246094,153.55999755859375,1479300.0,-0.007168031118144236,0.013281533848356581,148.33850021362304,145.10719970703124,149.5248992919922,58.4182275856963,2.1276420676234693,1.7561074224943032,146.5971880932758,146.79733326499547,69.4915460517308,74.72635330565514,155.86309577605144,140.81390465119463,34374300.0,0
2023-04-26,153.22999572753906,154.25,151.47999572753906,151.80999755859375,1350500.0,0.005710128076281906,0.013238732341146064,148.91699981689453,145.20279968261718,149.46019927978514,60.638775170863724,2.2389601091620364,1.85267795982785,146.85729819658025,146.86133985666257,78.16547649111705,79.44377477472801,156.04845694489512,141.78554268889394,35724800.0,0
2023-04-27,153.3699951171875,153.91000366210938,152.05999755859375,153.22999572753906,1375400.0,0.0009136552473536508,0.01271951097227535,149.4879997253418,145.3313995361328,149.40639923095702,60.26551252860565,2.311827926531322,1.9445079531685445,147.11269807581976,146.92610259557327,79.56128313804717,75.73943522696499,156.07895371609553,142.8970457345881,37100200.0,0
2023-04-28,153.7100067138672,155.3699951171875,152.6999969482422,154.0,1195600.0,0.002216936868387309,0.012718350840709986,150.13300018310548,145.42279968261718,149.34524925231935,52.22352229872858,2.369695911652286,2.029545544865293,147.37141606162555,146.99360412908865,82.95122967903293,80.2259964360657,155.5724334645162,144.69356690169477,38295800.0,0
2023-05-01,153.6699981689453,154.6699981689453,152.91000366210938,153.7100067138672,1468900.0,-0.0002602858836402433,0.012465192732573923,150.63899993896484,145.55919952392577,149.26979927062987,51.72015248247738,2.3848374301817614,2.100603921928587,147.61841928152046,147.06003591057978,82.55234084761595,81.68828455489866,155.33152707700185,145.94647280092784,36826900.0,0
2023-05-02,154.69000244140625,154.88999938964844,152.22000122070312,153.8300018310547,1183700.0,0.006637627933980594,0.011987544451862009,150.97300033569337,145.69219970703125,149.20344924926758,64.52439487204128,2.4508906709332905,2.1706612717295277,147.89573626818265,147.13595597556315,92.7218762075439,86.07514891139756,155.8258221601165,146.12017851127024,38010600.0,0
2023-05-03,152.30999755859375,155.52999877929688,152.02999877929688,154.94000244140625,1115100.0,-0.015385641251857929,0.01090927422972807,151.1440002441406,145.80999969482423,149.11749923706054,60.30024432310769,2.284853468096202,2.193499711002863,148.06884455408112,147.18743897638933,68.24456198695329,81.17292634737102,155.92831183499067,146.35968865329056,36895500.0,0
2023-05-04,151.67999267578125,153.6300048828125,151.33999633789062,152.5,1130200.0,-0.0041363330898231965,0.010922041469965888,151.2930000305176,145.95979949951172,149.02484916687013,61.59505354601962,2.0784723245881196,2.1704942337199142,148.21045820591252,147.23214100324898,62.03149570752481,74.33264463400731,155.94048706380502,146.64551299723016,35765300.0,0
2023-05-05,155.47000122070312,156.17999267578125,151.55999755859375,151.55999755859375,1971000.0,0.024986871887731965,0.012095993371744152,151.6145004272461,146.24199951171875,148.93559913635255,73.29089133057539,2.195428266168591,2.1754810402096494,148.49514616727686,147.3141097616316,92.39021996892632,74.22209255446812,156.4897859874086,146.7392148670836,37736300.0,0
2023-05-08,155.5399932861328,155.7899932861328,154.36000061035156,155.47000122070312,1565900.0,0.0004501965966432486,0.012101909445707668,151.74500045776367,146.47279937744142,148.8548991394043,68.96543948315664,2.2676247012169597,2.1939097724111116,148.7714146817418,147.39595934894007,92.4260399906822,82.28258522237776,156.9002392507887,146.58976166473863,39302200.0,0
2023-05-09,155.1699981689453,155.3800048828125,152.6999969482422,154.22000122070312,992200.0,-0.0023787780195339003,0.010804591437074759,151.85,146.69979919433592,148.77069915771483,71.24675314590557,2.268831702790152,2.20889415848692,149.0223395243772,147.47331296903963,87.54628444993001,90.78751480317949,157.20070642380534,146.49929357619465,38310000.0,0
2023-05-10,154.1199951171875,156.0,152.36000061035156,156.0,1025500.0,-0.006766791674603145,0.010927988280398598,152.0474998474121,146.87659912109376,148.69919914245605,63.8545734677873,2.160160800146997,2.1991474868189353,149.22224758684035,147.53944910981724,65.37817453499137,81.78349965853452,157.4286194578839,146.66638023694028,37284500.0,0
2023-05-11,155.2100067138672,155.42999267578125,153.22000122070312,154.44000244140625,984600.0,0.007072486576779946,0.010068206539278965,152.36399993896484,147.01839935302735,148.6861491394043,63.73694165517625,2.1373550545047237,2.186789000356093,149.45706167025318,147.61577306607646,81.7671539734577,78.230537652793,157.70516299811456,147.02283687981512,38269100.0,0
2023-05-12,158.72000122070312,159.0399932861328,155.3000030517578,155.75,1428100.0,0.022614485890118496,0.01076441462931508,152.90500030517578,147.26099945068358,148.67409912109375,66.03652982481279,2.37512954431034,2.2244571091469423,149.82031420164338,147.7262628984608,95.84425724346895,80.99652858397265,158.52687268174145,147.2831279286101,39697200.0,0
2023-05-15,159.14999389648438,159.97999572753906,157.5800018310547,158.80999755859375,1916300.0,0.002709127220729579,0.010534727098418446,153.52850036621095,147.4609994506836,148.6531491088867,71.58290514054457,2.568654505681195,2.293296588453793,150.18618399359792,147.83993186361525,90.39349664712812,89.33496928801823,159.0076486151271,148.0493521172948,41613500.0,0
2023-05-16,158.82000732421875,159.3800048828125,157.1300048828125,158.1199951171875,1331700.0,-0.0020734312593204685,0.010271828440896946,154.00050048828126,147.7561996459961,148.62044914245607,68.40028006224051,2.664680495227742,2.367573369808583,150.5247653006811,147.94918634581032,86.57420734647167,90.93732041235621,159.60001945428988,148.40098152227264,40281800.0,0
2023-05-17,158.9199981689453,160.3699951171875,157.7899932861328,160.0,1601500.0,0.0006295859470806242,0.009729809677261643,154.52200012207032,148.0941995239258,148.58159912109375,68.31683068596021,2.7175242809734073,2.437563552041548,150.85399011904443,148.0583486525082,83.94244580003041,86.97004993121004,159.89897001947884,149.1450302246618,41883300.0,0
2023-05-18,160.67999267578125,161.02999877929688,158.9499969482422,159.02999877929688,1616300.0,0.011074720155514362,0.009655630759234436,155.0634994506836,148.47359924316407,148.56124908447265,71.03195322723083,2.868355591935142,2.523721960020267,151.23932355264193,148.1839371502522,96.38796681804725,88.96820665484977,160.6371213250627,149.48987757630448,43499600.0,0
2023-05-19,160.0800018310547,161.10000610351562,158.35000610351562,161.10000610351562,1529300.0,-0.003734073139629923,0.009708151485625786,155.51799926757812,148.8823992919922,148.5361991119385,68.70990442086885,2.9059779409219857,2.600173156200611,151.58601681846204,148.30230595304627,89.54914700953049,89.95985320920268,161.1748633836637,149.86113515149253,41970300.0,0
2023-05-22,160.0,161.0399932861328,159.1300048828125,160.19000244140625,2249500.0,-0.0004997615575936809,0.009685044649782532,155.84499893188476,149.27659942626954,148.52539909362793,66.39903263445005,2.895955670090558,2.6593296589786,151.91597694322826,148.41870091868762,88.7294569377392,91.55552358843897,161.7515510802684,149.93844678350112,39720800.0,0
2023-05-23,156.1300048828125,159.00999450683594,155.69000244140625,159.00999450683594,2027300.0,-0.024187469482421897,0.010823269611364447,156.03349914550782,149.55339965820312,148.48119911193848,60.80321125700585,2.546383560574185,2.6367404392977174,152.08123294085902,148.49543031136548,49.0779072966956,75.78550374798841,161.70782396632617,150.35917432468946,37693500.0,0
2023-05-24,155.35000610351562,157.9499969482422,155.0500030517578,157.1199951171875,2671000.0,-0.004995828827920157,0.010752684557592939,156.13949966430664,149.83059967041015,148.4264991760254,60.2917063185064,2.181261537270416,2.545644658892257,152.2094201237083,148.56363504561574,39.72751729807714,59.17829384417063,161.67071499553384,150.60828433307944,35022500.0,0
2023-05-25,136.66000366210938,141.2100067138672,129.25999450683594,134.74000549316406,13120000.0,-0.1203089907119308,0.028500025778622668,155.30400009155272,149.75759979248048,148.26504920959474,21.264854381605502,0.3793992269655746,2.112395572506921,151.59963908599855,148.44519095224751,23.24122631929292,37.34888363802187,165.59597497015633,145.0120252129491,21902500.0,1
2023-05-26,142.4499969482422,142.7100067138672,134.58999633789062,136.50999450683594,4864100.0,0.04236787012276477,0.030309740173672686,154.7409996032715,149.8263998413086,148.14744918823243,32.97787651357855,-0.5747600899289012,1.5749644400197567,151.24082959040027,148.3855372805659,41.42587197669777,34.79820519802259,166.52401805944172,142.95798114710126,26766600.0,0
2023-05-30,138.47999572753906,142.22999572753906,138.16000366210938,141.89999389648438,3243900.0,-0.027869437035829447,0.030756302606604984,153.98149948120118,149.85299987792968,148.01299919128417,30.154554816665737,-1.6324660898319223,0.933478334049421,150.7404047330332,148.2869746780482,28.95727971928439,31.20812600509167,167.83201064770137,140.130988314701,23522700.0,0
2023-05-31,134.8800048828125,139.0800018310547,134.44000244140625,138.39999389648438,5526600.0,-0.025996468484946966,0.031090737364540513,152.9909996032715,149.72899993896485,147.85359924316407,28.430477655426003,-2.729728281473939,0.20083701094474904,150.11842826831867,148.1535719935185,17.650779927990428,29.344643874657507,169.25181755549207,136.7301816510509,17996100.0,0
2023-06-01,129.55999755859375,133.4600067138672,129.47000122070312,132.99000549316406,4691700.0,-0.039442520252285895,0.03179426926136603,151.85349960327147,149.50059997558594,147.67174926757812,23.735367341027015,-3.9826866708009163,-0.6358677254043841,149.31221529930986,147.96856130262375,0.9422202967699207,15.85009331468156,171.2042097509383,132.50278945560464,13304400.0,1
2023-06-02,133.61000061035156,134.0,129.86000061035156,130.02999877929688,2354900.0,0.03125967218335424,0.032856669767887176,150.95,149.40019989013672,147.49869926452638,24.569549953345827,-4.595885317332261,-1.4278712437899594,148.69644217425267,147.82569005195438,13.66207449487628,10.75169157321219,171.95178609185862,129.94821390814135,15659300.0,0
2023-06-05,130.24000549316406,133.88999938964844,130.0,133.61000061035156,2730200.0,-0.025222626313844976,0.033128299140299876,149.68850021362306,149.29579986572264,147.30899932861328,22.366645907382477,-5.292768365218421,-2.200850668075652,147.97266034362173,147.65070811604602,3.0779228310027427,5.894072540882962,172.50009545397734,126.87690497326878,12929100.0,0
2023-06-06,131.2899932861328,131.69000244140625,128.85000610351562,130.13999938964844,2089800.0,0.008061945244803193,0.032519630533113304,148.47600021362305,149.17379974365235,147.12519927978516,24.042958291359398,-5.694683198565144,-2.899617174173551,147.31843810607316,147.48791493365883,7.5658517290455425,8.101949684974835,172.52250834695158,124.42949208029452,15018900.0,0
2023-06-07,132.33999633789062,133.64999389648438,130.44000244140625,130.4499969482422,1931500.0,0.007997586300956261,0.0326531734497133,147.33450012207032,149.04599975585938,146.9484992980957,25.379752721524667,-5.860916135678707,-3.4918769664745826,146.7310482328111,147.337189375492,10.821675145348838,7.155149901799022,172.1967085684617,122.47229167567895,16950400.0,0
2023-06-08,132.8800048828125,133.50999450683594,131.2899932861328,132.88999938964844,1456300.0,0.004080463653203692,0.032730477349946,146.27250061035156,148.87039978027343,146.77579933166504,23.65428475410377,-5.881286944526863,-3.969758962085039,146.1878700622229,147.19333679347528,12.496120245881784,10.294549040092036,171.72192340594142,120.82307781476167,18406700.0,0
2023-06-09,131.77000427246094,133.64999389648438,131.55999755859375,131.69000244140625,2895800.0,-0.008353405851621365,0.03273217847253759,145.10050048828126,148.66679992675782,146.6040993499756,23.42781734821841,-5.918770824142172,-4.359561334496465,145.62246356066362,147.0398707982413,9.071138029287974,10.796311140172847,170.97232634268892,119.22867463387361,15510900.0,0
2023-06-12,134.22000122070312,134.32000732421875,131.19000244140625,131.57000732421875,1458900.0,0.01859297919711933,0.03307276794242627,143.87550048828126,148.535,146.44529937744142,26.833208004997772,-5.685246804332678,-4.6246984284637085,145.1753081747828,146.91230990692253,17.80503044423027,13.124096239799991,169.34912352758303,118.40187744897949,16969800.0,0
2023-06-13,136.02999877929688,136.1699981689453,134.08999633789062,134.13999938964844,1951000.0,0.013485304292446765,0.032731281745614176,142.71950073242186,148.3845999145508,146.38039939880372,31.242990723405768,-5.293109982949289,-4.758380739360825,144.81666859064612,146.8040282041601,24.67352211240435,17.183230195307512,167.3592889472184,118.07971251762532,18920800.0,0
2023-06-14,137.7899932861328,138.97999572753906,136.49000549316406,137.69000244140625,1574800.0,0.012938282162976877,0.032954942092340206,141.6680000305176,148.18019989013672,146.37584938049315,33.90760766664904,-4.785161515702498,-4.76373689462916,144.5411126963515,146.7143363144285,64.50206918418327,35.66020724693928,165.18407149870853,118.15192856232666,20495600.0,0
2023-06-15,138.44000244140625,139.50999450683594,137.72000122070312,138.2100067138672,1346700.0,0.004717390136768751,0.03303166638693791,140.6440002441406,147.97119995117188,146.38104942321777,52.43701987236428,-4.280811855009233,-4.667151886705175,144.30185347066737,146.63200463409993,69.19188972277666,52.789160339788076,162.73755109919452,118.55044938908671,21842300.0,0
2023-06-16,136.22000122070312,139.07000732421875,136.08999633789062,139.07000732421875,2592600.0,-0.01603583633020178,0.03306531828700337,139.4210006713867,147.72160003662108,146.3722494506836,40.546287853493375,-4.013976043239978,-4.536516718012136,143.98491808831585,146.52840261008603,55.08221847911494,62.92539246202494,159.45681027171327,119.38519107106016,19249700.0,0
2023-06-20,136.5399932861328,137.6300048828125,134.75999450683594,136.22000122070312,2721100.0,0.0023490828260326335,0.032884256472161866,138.24400024414064,147.47160003662108,146.37654945373535,46.68941424973597,-3.7336468972527257,-4.3759427538602536,143.6929602529361,146.42901545263376,72.13879501240315,65.47096773809824,155.77958325422279,120.7084172340585,21970800.0,0
2023-06-21,142.77000427246094,145.60000610351562,137.4600067138672,137.9600067138672,5274500.0,0.045627737605585805,0.03484846888393005,137.38250045776368,147.2684002685547,146.4034994506836,62.355147868763936,-2.9744861839971577,-4.095651439887634,143.6567659007606,146.39260738118926,83.10446668027052,70.1084933905962,151.84061956882235,122.924381346705,27245300.0,1
2023-06-22,144.07000732421875,144.5,142.4499969482422,143.5800018310547,3413800.0,0.009105575491031637,0.03497097025080764,136.77950057983398,147.0884002685547,146.4409494781494,75.99428137181471,-2.242100923796386,-3.7249413366693847,143.67297144677858,146.3694969328612,90.86567892957089,82.03631354074817,148.73475388852776,124.82424727114021,30659100.0,0
2023-06-23,143.6699981689453,144.3699951171875,142.05999755859375,143.9600067138672,3491300.0,-0.0027764915314625327,0.034675259238246825,136.19550018310548,146.9584002685547,146.46774948120117,70.73370467650876,-1.6746533628198677,-3.3148837418994814,143.67285484764787,146.34263624864315,88.47756456972948,87.48257005985694,145.07720865210354,127.31379171410742,27167800.0,0
2023-06-26,143.41000366210938,145.97000122070312,142.83999633789062,143.80999755859375,2453400.0,-0.0018096645795888655,0.03467468318671529,136.53300018310546,146.84900024414063,146.4691995239258,81.13473396691549,-1.2317278741349469,-2.8982525683465745,143.66254695801894,146.31345582489655,85.04673896767845,88.12999415565957,145.9837892036425,127.08221116256841,24714400.0,0
2023-06-27,146.67999267578125,146.8300018310547,142.75999450683594,142.91000366210938,2438400.0,0.022801680009550518,0.022397996630223092,136.74449996948243,146.82460021972656,146.4947994995117,82.92681334337092,-0.6098158705232493,-2.4405652287819097,143.78087816263707,146.31710295774118,99.08475191665852,90.86968515135545,146.91477321541961,126.57422672354527,27152800.0,1
2023-06-28,145.66000366210938,146.99000549316406,145.3699951171875,146.33999633789062,1898000.0,-0.00695383872786548,0.020648622660845623,137.10350036621094,146.80420043945313,146.50084953308107,78.53472453762723,-0.19698005259590445,-1.9918481935447088,143.8545693586948,146.31056465629212,91.58226851793728,91.90458646742474,148.0118294859911,126.19517124643079,25254800.0,0
2023-06-29,143.61000061035156,145.63999938964844,143.42999267578125,145.22000122070312,1863400.0,-0.014073891255098725,0.01988055051211865,137.54000015258788,146.68880035400392,146.4901495361328,71.58953658088788,-0.034821406752087114,-1.6004428361861844,143.84497842738722,146.2836933722529,78.60756816476399,89.75819619978658,148.76769412656435,126.31230617861142,23391400.0,0
2023-06-30,143.5,144.82000732421875,143.05999755859375,144.72999572753906,2143600.0,-0.000765967619831831,0.01884438715733331,138.23700027465821,146.58900024414064,146.5151495361328,74.59119545140761,0.08384781303200839,-1.2635847063425458,143.83144986160733,146.25599493073796,77.91136190460554,82.70039952910226,149.10380395182293,127.37019659749349,21247800.0,0
2023-07-03,147.47000122070312,147.74000549316406,143.1699981689453,143.5,1300600.0,0.02766551373312276,0.016849740760522418,138.93000030517578,146.54140014648436,146.56244956970215,76.11352493131439,0.4925619964171233,-0.912355365790612,143.9741381501993,146.26807459531474,98.02194804860899,84.8469593726595,150.31003318812628,127.5499674222253,22548400.0,0
2023-07-05,145.44000244140625,147.49000549316406,144.61000061035156,147.47000122070312,2480500.0,-0.013765503237901155,0.016375372847647795,139.69000015258788,146.4304000854492,146.59994956970215,68.38609810228101,0.6452291947787501,-0.6008384536767396,144.03162302436428,146.25983507139526,82.28042291966925,86.07124429096125,150.64888578168754,128.73111452348823,20067900.0,0
2023-07-06,144.27000427246094,145.55999755859375,144.13999938964844,144.6199951171875,1258700.0,-0.00804454173064717,0.015221885479831936,140.3390007019043,146.2466000366211,146.61169960021974,62.96002197265625,0.6641540211031725,-0.34783995872075724,144.04097130860336,146.2400357599631,73.26657716732224,84.5229827118668,150.72577230632916,129.95222909747943,18809200.0,0
2023-07-07,143.5399932861328,145.17999267578125,143.27999877929688,144.47000122070312,1378900.0,-0.0050600330263348425,0.015358305413152428,140.8990005493164,146.0701998901367,146.61484954833983,60.167445120381984,0.6131779628057643,-0.15563637441545292,144.02132511164373,146.2131696656961,67.64246030719748,74.39648679806298,150.65868294113474,131.13931815749808,17430300.0,0
2023-07-10,144.89999389648438,145.67999267578125,144.08999633789062,144.08999633789062,1543400.0,0.009474715577285409,0.015379129420745279,141.5,145.90359985351563,146.62624954223634,67.91905912118955,0.6747417497198569,0.010439250411609063,144.05578271104923,146.20010324013182,78.12011407639733,73.009717183639,150.64127483126921,132.35872516873079,18973700.0,0
2023-07-11,147.50999450683594,147.66000366210938,144.91000366210938,145.33999633789062,2914800.0,0.018012427331198788,0.01566085052541974,142.28699951171876,145.7863998413086,146.65444953918458,70.6903002256297,0.9234912981310686,0.19304965995550097,144.19124199715853,146.21313698407914,97.76253877781241,81.17503772046906,150.57120965167633,134.0027893717612,21888500.0,0
2023-07-12,147.6699981689453,148.80999755859375,146.97000122070312,148.05999755859375,1518600.0,0.0010846970921822852,0.015388474884335878,142.95949935913086,145.66559967041016,146.69614952087403,61.98628500786828,1.1206202530017606,0.3785637785647529,144.32766380781683,146.22763311527183,83.11112015335648,86.33125766918873,150.64870910601775,135.27028961224397,23407100.0,0
2023-07-13,148.0,148.49000549316406,146.27000427246094,147.3000030517578,1466300.0,0.0022347249620544574,0.015106725308573854,143.55799942016603,145.55219970703126,146.72969955444336,60.092430481212176,1.28862034658286,0.5605750921683743,144.47167699182404,146.24526860666217,88.00003616898148,89.62456503338343,150.82817451381794,136.2878243265141,24873400.0,0
2023-07-14,147.91000366210938,148.41000366210938,146.52999877929688,147.80999755859375,1376900.0,-0.0006080833641258776,0.015013040158515857,144.06399993896486,145.4165997314453,146.7780995941162,61.06473919480373,1.398380024325121,0.7281360785997237,144.60651333183523,146.26183313457705,85.1240753304598,85.4117438842659,151.04687649368736,137.08112338424235,23496500.0,0
2023-07-17,149.11000061035156,149.86000061035156,147.2899932861328,147.41000366210938,1368600.0,0.00811302088115351,0.014907575490995063,144.5974998474121,145.35259979248048,146.8434496307373,64.17910334456107,1.564164371426557,0.8953417371650905,144.7831206760908,146.29017310946037,89.43662879911284,87.5202467661847,151.39924908874957,137.79575060607465,24865100.0,0
2023-07-18,148.8800048828125,150.57000732421875,147.77999877929688,149.67999267578125,1350600.0,-0.0015424567540581746,0.01495232476111944,145.2305000305176,145.2966000366211,146.89799964904785,56.447867883553776,1.6578799201333823,1.0478493737587489,144.94378280184458,146.315942579842,77.49666785865219,84.01912399607492,151.03243431825206,139.42856574278312,23514500.0,0
2023-07-19,150.83999633789062,151.47000122070312,149.50999450683594,149.66000366210938,1484400.0,0.013164907246079771,0.014384601026602965,145.94550018310548,145.20399993896484,146.96799964904784,64.38886854383681,1.8687631593243452,1.2120321308718682,145.1750068620817,146.3609580401211,92.50886315720719,86.48071993832406,150.66084208643966,141.2301582797713,24998900.0,0
2023-07-20,151.89999389648438,152.8300018310547,149.5500030517578,151.38999938964844,1794200.0,0.0070272976950973565,0.014378311431305555,146.40199966430663,145.13119995117188,147.04699958801268,74.36800694674314,2.09724683391363,1.3890750714802207,145.43873184382298,146.41607282476153,90.48098743219838,86.82883948268591,151.56906173472248,141.23493759389078,26793100.0,0
2023-07-21,151.57000732421875,153.33999633789062,151.19000244140625,152.52999877929688,4477800.0,-0.002172393584758847,0.011055660602678357,146.77699966430663,145.05920013427735,147.09659965515138,73.41850398163629,2.2260342958878994,1.5564669163617566,145.6791740195248,146.4673557551044,82.5959750998123,88.52860856307261,152.30731105720395,141.2466882714093,22315300.0,0
2023-07-24,150.8000030517578,151.89999389648438,149.42999267578125,151.89999389648438,1957900.0,-0.005080188924276086,0.011091506249358726,147.13349990844728,144.99280029296875,147.13984970092773,61.86744740714478,2.2401433991086037,1.6932022129111262,145.87999084431823,146.51046667347907,74.75155166451285,82.6095047321745,152.7392278806719,141.52777193622265,20357400.0,0
2023-07-25,151.9199981689453,152.42999267578125,150.55999755859375,151.0,1269500.0,0.0074270231732229686,0.011084501314836796,147.55899963378906,144.92700012207033,147.18564971923828,74.69514358054083,2.3150131799362725,1.8175644063161556,146.11685387665653,146.56429285751358,85.88470662468224,81.0774111296691,153.2656905349054,141.85230873267273,21626900.0,0
2023-07-26,151.72999572753906,153.0800018310547,151.22000122070312,152.0,978400.0,-0.0012506743265949805,0.01107374462191636,147.81149978637694,144.78720001220702,147.2336496734619,80.72488141115075,2.3321330336356425,1.920478131780053,146.33697708649507,146.61569288607106,83.99601390582625,81.54409073167376,153.79462436322527,141.82837520952862,20648500.0,0
2023-07-27,151.25,154.9600067138672,151.07000732421875,151.72999572753906,1613300.0,-0.003163486067718546,0.010132125454952979,148.09099960327148,144.62920013427734,147.2801496887207,82.42231664701028,2.2806787523299192,1.9925182558900265,146.52964465173056,146.6618053946674,65.86933603976546,78.58335219009129,154.17240177500742,142.00959743153555,19035200.0,0
2023-07-28,152.44000244140625,153.0,151.36000061035156,152.30999755859375,1004300.0,0.007867784736570238,0.010028719952716512,148.53249969482422,144.50160003662108,147.3350496673584,82.16735235912925,2.309303897603371,2.055875384232696,146.7614233885806,146.71929989264493,74.92533823638817,74.93022939399327,154.52560847202744,142.539390917621,20039500.0,0
2023-07-31,154.3300018310547,154.50999450683594,151.94000244140625,152.1999969482422,1284400.0,0.012398316448301694,0.00953003331292831,149.07399978637696,144.40980010986328,147.39824966430663,81.00011929631819,2.4561833342698662,2.13593697424013,147.05823038632468,146.79502827014153,92.75023353491083,77.84830260368813,155.1094731115779,143.03852646117602,21323900.0,0
2023-08-01,153.02999877929688,154.82000732421875,152.63999938964844,154.57000732421875,685700.0,-0.008423527741423409,0.009841895807697676,149.35199966430665,144.2568002319336,147.46984962463378,72.07584165509266,2.439565175571829,2.19666261450647,147.29241738212752,146.85706777769533,77.79047879924426,81.82201685684772,155.58534623057048,143.1186530980428,20638200.0,0
2023-08-02,151.36000061035156,154.13999938964844,150.92999267578125,152.72999572753906,1422600.0,-0.010912881018536935,0.008544697603541833,149.64799957275392,144.08240020751953,147.52404960632325,62.46294244093713,2.265524710971505,2.2104350337994774,147.451930449901,146.9018730795128,57.29534145807276,75.94535126407594,155.65738558803815,143.63861355746968,19215600.0,0
2023-08-03,150.57000732421875,152.10000610351562,150.52999877929688,151.47000122070312,1647600.0,-0.005219300230888013,0.00797719674578426,149.9629997253418,143.8938003540039,147.59649963378905,59.37944555998183,2.0403308687473043,2.1764142007890426,147.57420797438405,146.93837192771883,42.76412380486291,59.28331468739329,155.42055237242442,144.50544707825918,17568000.0,0
2023-08-04,150.2100067138672,152.4600067138672,149.02999877929688,151.00999450683594,1250900.0,-0.0023909184621103696,0.007723896232030962,150.2965003967285,143.775400390625,147.66169967651368,54.12297197133994,1.811927315537929,2.10351682373882,147.67757263083436,146.9709255076805,33.84408425052439,44.63451650448667,154.84008421366892,145.7529165797881,16317100.0,0
2023-08-07,149.8000030517578,151.7100067138672,149.66000366210938,150.47000122070312,1045400.0,-0.0027295362744399476,0.007634341665350003,150.5415008544922,143.66440032958985,147.711799697876,53.402366696951056,1.5796230735613506,1.9987380737033262,147.76080519636076,146.9990755329947,12.984877608207313,29.864361887864856,154.3246617092807,146.7583399997037,15271700.0,0
2023-08-08,146.8000030517578,149.9199981689453,146.6300048828125,149.49000549316406,1988600.0,-0.020026701861704632,0.008823854019967546,150.5060012817383,143.8672003173828,147.74594970703126,36.12637981645415,1.1403006837100236,1.8270505957046659,147.72312668088614,146.9970947122859,2.0407938964857166,16.289918585072453,154.4199984156799,146.59200414779667,13283100.0,0
2023-08-09,148.4199981689453,148.6300048828125,146.66000366210938,147.27999877929688,1678900.0,0.011035388852249195,0.008250450636092133,150.5435012817383,143.98660034179687,147.7928997039795,38.49206229065812,0.9123377302550466,1.6441080226147422,147.75045497453553,147.01125295563577,21.488510116043706,12.171393873578893,154.35615044395445,146.73085211952213,14962000.0,0
2023-08-10,148.63999938964844,151.2899932861328,148.3699951171875,149.50999450683594,1627700.0,0.0014822882591112307,0.008252736090100006,150.57550125122071,144.18980041503906,147.81804969787598,40.2398101037415,0.7408872204503325,1.4634638621818603,147.78533906924585,147.02745938781501,24.129580612366393,15.886294874965253,154.30816885902723,146.8428336434142,16589700.0,0
2023-08-11,147.27000427246094,148.94000244140625,147.02000427246094,148.6300048828125,1889300.0,-0.009216867080281466,0.008496325345768526,150.5435012817383,144.43760040283203,147.8093997192383,38.69313871923802,0.48882937897070633,1.2685369655396297,147.7651298615288,147.0298727697518,7.683064213293278,17.76705164723444,154.38186135925886,146.7051412042177,14700400.0,0
2023-08-14,145.6199951171875,148.4199981689453,145.27000427246094,147.72999572753906,1960300.0,-0.011203973025089242,0.008829791249926031,150.36900100708007,144.7588003540039,147.7679997253418,30.4832611833976,0.15415279700366114,1.0456601318324361,147.68100693037817,147.01584413639296,3.6118757125490517,11.808173512736223,154.75939171653042,145.97861029762973,12740100.0,0
2023-08-15,144.5,145.80999755859375,143.13999938964844,145.5399932861328,2121700.0,-0.007691217928459504,0.008713329278407232,150.15000076293944,144.97660034179688,147.72204971313477,28.82249827701642,-0.19915926712798182,0.7966962520403525,147.55626156055942,146.990810861404,11.505920199939068,7.600286708593781,155.23512067535023,145.06488085052865,10618400.0,0
2023-08-16,144.25,146.60000610351562,144.1300048828125,146.5,1169200.0,-0.0017301038062284002,0.008713516274676052,149.82050094604492,145.2568002319336,147.66224967956543,29.216147499243405,-0.4936441120501911,0.5386281792222438,147.42660424445904,146.9635391115393,9.503423427189627,8.207073113225897,155.53272466290906,144.10827722918077,9449200.0,0
2023-08-17,142.17999267578125,145.49000549316406,142.10000610351562,144.25999450683594,1443800.0,-0.01435013742959268,0.008468571004508029,149.33450088500976,145.47460021972657,147.58039962768555,21.049635838518626,-0.8838690721172213,0.2541287289543508,147.22085477117756,146.9159416345666,0.6288251933139639,7.212722940147535,155.89305140716135,142.77595036285817,8005400.0,0
2023-08-18,142.80999755859375,143.60000610351562,142.0,142.0,1338700.0,0.00443103752473184,0.008336194533309162,148.89650039672853,145.68400024414063,147.5019496154785,15.006076629496164,-1.1292714966506026,-0.022551316166639884,147.0478799785272,146.87508646963155,6.318230076698581,5.483492899067372,155.97581116576976,141.8171896276873,9344100.0,0
2023-08-21,141.77999877929688,142.7899932861328,140.4499969482422,142.74000549316406,1504800.0,-0.00721237166098454,0.008386568731451279,148.44550018310548,145.8620001220703,147.42024963378907,15.256336307807146,-1.3908343074209313,-0.2962079144174982,146.84129640208678,146.82438907967799,9.715132168508719,5.55406247950707,156.13701695422,140.75398341199096,7839300.0,0
2023-08-22,140.7100067138672,141.0800018310547,139.69000244140625,140.80999755859375,1245400.0,-0.00754684775456449,0.008432236455430875,147.88500061035157,146.04080017089845,147.35779968261718,15.843500967988831,-1.6652679642989767,-0.570019924393794,146.60085366921544,146.76354945414755,7.987501418935469,8.006954554714236,156.12469683852171,139.64530438218142,6593900.0,0
2023-08-23,142.22000122070312,142.44000244140625,139.72999572753906,141.55999755859375,2930400.0,0.010731251757428284,0.00866909601872586,147.40950088500978,146.20080017089845,147.2888996887207,24.402184692185926,-1.7408472736803162,-0.8041853942510985,146.42905553397966,146.7183400189889,19.812043326821165,12.504892304755097,155.81095504531973,139.00804672469982,9524300.0,0
2023-08-24,123.87999725341795,131.4499969482422,123.5199966430664,131.0,9962200.0,-0.12895516671262264,0.028776988957000392,146.04100074768067,145.95780014038087,147.12629970550537,11.606869703339143,-3.2432433764413986,-1.2919969906891584,145.54477873866352,146.49109282729168,1.2770503077061224,9.692198351154234,159.31311878922662,132.76888270613472,-437900.0,1
2023-08-25,123.30999755859376,126.0,122.38999938964844,123.7300033569336,3789000.0,-0.00460122463240098,0.028763660883328934,144.58450050354003,145.66820022583008,146.94269969940186,11.552963948062526,-4.428844362790699,-1.9193664651094666,144.67282653552354,146.26043516292654,3.183385339943766,8.090826324823665,160.93610902765982,128.23289197942023,-4226900.0,0
2023-08-28,124.55999755859376,125.41000366210938,123.0,123.3000030517578,3005300.0,0.010137053156667353,0.028835361090762398,143.096000289917,145.39060012817382,146.76004970550537,15.993872219062098,-5.207547763915784,-2.57700272487073,143.8840881442714,146.04451041064462,7.508645768985102,3.989693805544979,161.0534060083461,125.13859457148789,-1221600.0,0
2023-08-29,123.0999984741211,124.68000030517578,123.0500030517578,124.55999755859376,2721000.0,-0.011721251710733793,0.028411700818804845,141.5995002746582,145.1282000732422,146.60114967346192,11.094039670505822,-5.874764910978371,-3.236555162092258,143.0690258042655,145.8162068092862,2.4567447557801256,4.382925288236313,161.00156480053147,122.19743574878491,-3942600.0,1
2023-08-30,124.48999786376952,124.58000183105467,121.8000030517578,123.36000061035156,4356400.0,0.011291628000634324,0.028799579727904617,140.2560001373291,144.88720016479493,146.40799968719483,14.179765378571616,-6.219681357953107,-3.8331804012644284,142.34043647326567,145.60400572525123,9.911550746157046,6.625647090307407,160.51463502628602,119.99736524837219,413800.0,0
2023-08-31,122.36000061035156,123.05999755859376,120.58000183105467,121.19000244140624,4034200.0,-0.017109786247637593,0.02884807572837711,138.84549980163575,144.47900009155273,146.19174968719483,13.867126805977406,-6.588949792659491,-4.384334279543442,141.55688996883768,145.37272209226714,6.3936746172422625,6.25399003972646,159.9893987440225,117.701600859249,-3620400.0,1
2023-09-01,118.73999786376952,122.69000244140624,118.0999984741211,122.69000244140624,3083900.0,-0.029584853943485534,0.02914948527086533,137.27199935913086,143.97239990234374,145.96294967651366,13.117451865611216,-7.09195006980454,-4.925857437595662,140.66210988628598,145.1077198611378,2.2456112923574674,6.183612218585574,159.51050231315654,115.0334964051052,-6704300.0,1
2023-09-05,116.2699966430664,119.37000274658205,116.11000061035156,118.73999786376952,2411200.0,-0.020801762381172928,0.029160544334949908,135.5954990386963,143.42439987182618,145.70009967803955,12.648845365158053,-7.602255796628938,-5.461137109402317,139.70555642576755,144.82077734155502,0.5247491108216273,3.0546783401404345,158.8878627742383,112.30313530315429,-9115500.0,1
2023-09-06,117.37000274658205,118.25,115.93000030517578,116.36000061035156,2144300.0,0.009460790705039024,0.029467440435055524,134.1239990234375,142.90359985351563,145.45544967651367,15.217401176750968,-7.827682807431671,-5.934446249008189,138.82965235991713,144.54763530578415,4.871455306751467,2.5472719033101696,158.14311004981903,110.10488799705598,-6971200.0,1
2023-09-07,116.55999755859376,117.66000366210938,115.18000030517578,117.58000183105467,2323300.0,-0.006901296490017028,0.029407859431861114,132.53099899291993,142.30119995117187,145.21974967956544,15.730348086487695,-7.979710847331091,-6.3434991686727695,137.95633256378682,144.26915134810068,4.855724742669108,3.4173097200807163,156.78285566761775,108.2791423182221,-9294500.0,1
2023-09-08,116.0199966430664,116.4800033569336,114.83000183105467,116.29000091552734,1896700.0,-0.004632815089549935,0.029031073961344717,130.8999988555908,141.708399810791,144.983049659729,14.078841166812452,-8.050961255358956,-6.684991586010008,137.09608409630758,143.98806523163267,4.256062860117949,4.661080969846157,154.9772197944723,106.82277791670931,-11191200.0,1
2023-09-11,115.9499969482422,117.4000015258789,115.70999908447266,116.52999877929688,2438500.0,-0.0006033416380760714,0.028988965399083685,129.3339984893799,141.15519973754883,144.7365996170044,14.450866323690434,-8.02061939963616,-6.952117148735239,136.2668257767756,143.7090794775691,4.056483493041353,4.389423698609452,152.99882041829977,105.66917656046,-13629700.0,1
2023-09-12,114.12000274658205,116.55999755859376,113.9800033569336,115.83999633789062,1950700.0,-0.015782615349934193,0.02900050360810604,127.75899887084961,140.56759979248048,144.54534965515137,14.154757181020273,-8.05142666380759,-7.17197905174971,135.39832291284642,143.41466080362892,0.4919163533101913,2.93482090215648,151.04998443106416,104.46801331063506,-15580400.0,1
2023-09-13,112.73999786376952,114.66999816894533,112.16000366210938,114.5999984741211,2047900.0,-0.01209257667016539,0.02900048846747243,126.17099876403809,139.8729997253418,144.35834964752198,10.11905855454819,-8.093895118823752,-7.356362265164519,134.50976114621596,143.10944027686418,3.0067102308277533,2.5183700257264143,148.98192378000306,103.36007374807312,-17628300.0,1
2023-09-14,113.33999633789062,113.43000030517578,112.19000244140624,113.02999877929688,2201300.0,0.00532196634282478,0.029228104041380387,124.62549858093261,139.23099960327147,144.16839962005616,22.58065540517748,-7.9870668777375755,-7.48250318767913,133.67957429098755,142.81322690433709,8.525960896035139,4.008195826724343,146.44591319732825,102.80508396453698,-15427000.0,0
2023-09-15,112.3499984741211,113.4800033569336,111.7300033569336,113.4499969482422,2703800.0,-0.008734761741284514,0.029156191196210293,123.13399887084961,138.59259948730468,143.99114959716798,22.097771976746685,-7.891323021258671,-7.564267154395038,132.84312033738496,142.51011020353894,4.532127948512742,5.354933025125194,143.9573463892479,102.31065135245132,-18130800.0,0
2023-09-18,110.77999877929688,112.37999725341795,110.06999969482422,112.1999969482422,2015100.0,-0.013974185279458262,0.029154400159106617,121.53249893188476,137.93739959716797,143.81254959106445,15.480976592750281,-7.851622562108659,-7.621738235937763,131.9778998841266,142.1943877018052,4.859678677696999,5.972589174081609,140.85707511272835,102.20792275104118,-20145900.0,1
2023-09-19,111.38999938964844,111.41999816894533,109.41999816894533,111.0500030517578,2844200.0,0.005506414669374182,0.02918448035443478,120.01299896240235,137.26719970703124,143.61804962158203,19.361606396072844,-7.6823800162268014,-7.633866591995572,131.1705312372843,141.88787637531607,12.99472786821878,7.462178164809489,137.30655027314432,102.71944765166037,-17301700.0,0
2023-09-20,111.3000030517578,112.6500015258789,110.61000061035156,110.9000015258789,2336300.0,-0.0008079391182670426,0.029262952525510453,118.54249877929688,136.54299987792967,143.4259496307373,12.970266788839865,-7.469413284826558,-7.60097593056177,130.3912948378519,141.58351942682293,13.783027616843079,10.545811387586268,133.23134601690487,103.85365154168889,-19638000.0,1
2023-09-21,105.5,111.29000091552734,105.41000366210938,110.83999633789062,3157800.0,-0.05211143659232986,0.030584603083533207,116.70649871826171,135.6995999145508,143.1974496459961,10.754208596348505,-7.680115795296203,-7.616803903508657,129.41516562852436,141.22447943252618,0.5208121773622431,9.099522554141348,127.63146130395441,105.78153613256902,-22795800.0,1
2023-09-22,104.5,106.86000061035156,104.08999633789062,105.91000366210938,2064500.0,-0.009478672985781977,0.030110154539610023,115.73749885559081,134.82959991455078,142.98074966430664,12.24816637736211,-7.837445502412919,-7.66093222328951,128.4381003097587,140.85906172672992,2.683268914574282,5.662369569593184,127.39665519111708,104.07834252006455,-24860300.0,1
2023-09-25,104.4000015258789,105.93000030517578,103.94000244140624,104.8000030517578,2735500.0,-0.0009569231973310943,0.014721098205668514,114.79199905395508,133.95939987182618,142.7772996902466,14.008516788826512,-7.879370985953756,-7.70461997582236,127.4954297692144,140.4962850083135,3.2145294406176985,2.1395368441847236,126.9229716991571,102.66102640875306,-27595800.0,1
2023-09-26,106.3499984741211,106.4499969482422,104.08000183105467,104.1999969482422,3938300.0,0.018678131415149624,0.01582556995216558,113.88149909973144,133.10419982910156,142.58409965515136,18.22374106163886,-7.666869873358721,-7.697069955329632,126.66619716940683,140.15652096319715,17.565567188713032,7.82112184796832,125.6537746292968,102.10922357016608,-23657500.0,1
2023-09-27,105.3499984741211,107.1500015258789,104.66000366210938,106.6999969482422,2977500.0,-0.009402915038530413,0.015340792890583758,112.99399909973144,132.23359970092773,142.38834964752198,18.02622719939282,-7.4927807410023775,-7.656212112464182,125.83026780880739,139.81018740609193,10.475454150226623,10.418516926519102,124.51367001190955,101.47432818755333,-26635000.0,1
2023-09-28,106.83999633789062,107.19000244140624,104.69000244140624,105.7300033569336,2542600.0,0.01414331167869487,0.016035347421277966,112.1114990234375,131.35359970092773,142.21099964141845,25.162320840191782,-7.1521380784737545,-7.555397305666097,125.08555128053615,139.48212580342326,21.545275584972327,16.528765641303977,122.57925422299657,101.64374382387844,-24092400.0,0
2023-09-29,106.4499969482422,107.47000122070312,105.97000122070312,107.0999984741211,1906000.0,-0.0036503126452289703,0.01552521119015743,111.31599884033203,130.44459976196288,142.02214962005615,24.73402614773768,-6.8348580169378295,-7.411289447920444,124.35474522828933,139.15344790436674,19.889029144056746,17.30325295975188,120.88393245658715,101.74806522407691,-25998400.0,0
2023-10-02,104.66000366210938,106.62999725341795,104.06999969482422,106.4000015258789,1718300.0,-0.016815343705487873,0.01551604883097375,110.61199913024902,129.5063996887207,141.82264965057374,24.78676518732496,-6.65117813950647,-7.259267186237649,123.58240242177247,138.81022955369752,6.710172482689986,16.048159070573,119.94913075878235,101.27486750171569,-27716700.0,0
2023-10-03,103.63999938964844,104.54000091552734,102.7699966430664,104.5199966430664,2585500.0,-0.009745884165588081,0.014672136731379517,109.98049926757812,128.5631996154785,141.60834964752198,25.271724820802447,-6.512840363943084,-7.109981821778736,122.80034740090487,138.46027701475177,8.123269852441476,11.574157159729387,119.41430891806257,100.54668961709368,-30302200.0,0
2023-10-04,104.7699966430664,105.08999633789062,102.98999786376952,104.51000213623048,2099900.0,0.01090309976913062,0.014741910468954686,109.35049896240234,127.62019958496094,141.40664962768554,27.363955455263223,-6.240093432799483,-6.936004143982887,122.09327482216611,138.12505034438675,18.674124614790614,11.169188983307341,118.38075453634441,100.32024338846027,-28202300.0,0
2023-10-05,106.41000366210938,106.6500015258789,104.11000061035156,104.43000030517578,3132800.0,0.01565340337492027,0.015099902876157352,108.84299926757812,126.71379974365234,141.22544967651368,34.83146943039422,-5.824463870608895,-6.713696089308089,121.47824458059526,137.809477740583,36.84215809827396,21.213184188502,117.28923447397582,100.39676406118042,-25069500.0,0
2023-10-06,105.3499984741211,106.02999877929688,103.69000244140624,106.02999877929688,2587500.0,-0.009961518198553843,0.015138478052550626,108.30949935913085,125.79579971313477,141.05509967803954,35.76297747228193,-5.517011335505842,-6.47435913854764,120.84576434112569,137.48649784738438,26.113365951295453,27.209882888119992,116.17493398341983,100.44406473484187,-27657000.0,0
2023-10-09,104.70999908447266,105.81999969482422,104.13999938964844,104.86000061035156,1841600.0,-0.006074982429218112,0.015141464061361196,107.74749946594238,124.8411996459961,140.8825996398926,32.51308680933502,-5.264311877998125,-6.232349686437738,120.21298923302164,137.16036353133552,19.635642536787874,27.530388862119082,114.88703158840937,100.6079673434754,-29498600.0,0
2023-10-10,108.12000274658205,109.45999908447266,105.5999984741211,106.02999877929688,2731100.0,0.03256617029820075,0.01718856908874501,107.44749946594239,123.91699966430664,140.7222996902466,42.90811890554635,-4.734312730232659,-5.932742295196722,119.73875446884755,136.87140471755689,62.793467378982086,36.18082528902178,113.93394404455292,100.96105488733185,-26767500.0,0
2023-10-11,107.02999877929688,109.0500030517578,105.87999725341795,108.54000091552734,1490500.0,-0.010081427484237016,0.017023828220212898,107.16199951171875,122.99699966430664,140.55719966888427,54.31958836610395,-4.3520708342997665,-5.6166080030173315,119.24037189278674,136.5744753052359,63.67713873860723,48.70208288479238,113.15119836147625,101.17280066196125,-28258000.0,0
2023-10-12,107.47000122070312,107.6999969482422,105.8000030517578,107.2699966430664,1494200.0,0.004111019774124758,0.016953903246392645,106.86849975585938,122.11919967651367,140.38499965667725,58.65889106476039,-3.967897406726763,-5.2868658837592175,118.77878872917563,136.28487854817587,70.25415339981205,65.57491983913377,112.11182667739465,101.6251728343241,-26763800.0,0
2023-10-13,107.94000244140624,109.36000061035156,107.06999969482422,108.01000213623048,2681900.0,0.004373324791705491,0.016934282933292084,106.64799995422364,121.26659957885742,140.21384967803954,60.10273547574594,-3.5841956506322674,-4.946331837133828,118.35373828651801,136.0028399799493,77.27958014396607,70.40362409412843,111.25276072371935,102.04323918472792,-24081900.0,0
2023-10-16,110.0999984741211,111.06999969482422,108.25,108.87000274658205,1887400.0,0.020011080080226895,0.017529620775518555,106.61399993896484,120.4643994140625,140.0566497039795,60.57528955535243,-3.0704217063458543,-4.571149810976234,118.03006221544362,135.7451002634734,88.31324260178803,78.6156587151887,111.09877917440642,102.12922070352326,-22194500.0,0
2023-10-17,115.37000274658205,115.88999938964844,111.7300033569336,112.25,3836300.0,0.04786561621705809,0.020199369874966913,106.81300010681153,119.77579940795898,139.91854969024658,72.77272118813171,-2.212502500838582,-4.099420348948703,117.92574615784122,135.54236297474813,96.03661178194601,87.20981150923335,112.4062913106808,101.21970890294226,-18358200.0,1
2023-10-18,113.75,115.16999816894533,113.52999877929688,114.86000061035156,1973500.0,-0.01404180209772976,0.020484396876238202,106.93549995422363,119.11479934692383,139.78009967803956,65.61228507225678,-1.6443608637629268,-3.608408451911548,117.76199140655334,135.32552354216358,83.68903245690295,89.34629561354564,113.0276338586753,100.84336604977196,-20331700.0,0
2023-10-19,113.11000061035156,114.58999633789062,112.52999877929688,113.73999786376952,1574700.0,-0.005626368260645553,0.020534922929414487,107.31599998474121,118.40859939575195,139.64434970855712,64.87935135886954,-1.231550576752369,-3.1330368768797126,117.57956039493759,135.10447356274256,78.81098934966985,86.17887786283957,113.9565476229199,100.67545234656252,-21906400.0,0
2023-10-20,110.52999877929688,113.22000122070312,110.29000091552734,113.22000122070312,2472400.0,-0.022809670383986957,0.0175223347307709,107.61749992370605,117.64639938354492,139.4943996810913,62.667215903365914,-1.0999010611814697,-2.7264097137400642,117.30310699824581,134.85995142559386,59.14634536377725,73.88212239011666,114.26726500882148,100.96773483859062,-24378800.0,0
2023-10-23,108.97000122070312,110.48999786376952,108.63999938964844,110.45999908447266,2082100.0,-0.014113793321473778,0.01770719735599987,107.84599990844727,116.88039932250976,139.32644969940185,61.23997657446614,-1.1086666184860547,-2.4028610946892623,116.97631853638138,134.60233998076907,46.35660968672769,61.4379814667249,114.34255370698446,101.34944610991008,-26460900.0,0
2023-10-24,108.02999877929688,109.16000366210938,107.19000244140624,108.80999755859376,1851700.0,-0.008626249709793199,0.017852840939315287,107.92999992370605,116.12859939575195,139.13744968414306,56.93026864714965,-1.177885792686027,-2.1578660342886153,116.6254824674761,134.3379385757793,35.57374937307631,47.02556814119373,114.38844146154204,101.47155838587005,-28312600.0,0
2023-10-25,108.3000030517578,109.5999984741211,107.23999786376952,107.5199966430664,2638200.0,0.0024993453254824605,0.017431216365667836,108.07750015258789,115.40459945678711,138.95909969329833,54.26635960827317,-1.197155337145702,-1.9657238948600328,116.2989930786244,134.07885464021692,37.78689970095263,39.90575292025219,114.42157882068574,101.73342148449004,-25674400.0,0
2023-10-26,108.81999969482422,109.1500015258789,105.88999938964844,108.13999938964844,2432500.0,0.004801446245739305,0.01728197094596665,108.17650032043457,114.69599945068359,138.7737996673584,58.02868734968936,-1.1571285490316257,-1.8040048256943515,116.00569922043617,133.827522750213,39.82978983128324,37.73014630177071,114.5010341108245,101.85196653004463,-23241900.0,0
2023-10-27,108.23999786376952,109.58999633789062,107.7699966430664,108.76000213623048,1823000.0,-0.00532991943283645,0.017101555611528232,108.26600036621093,114.01719955444337,138.57529964447022,58.190245429093714,-1.1588498320573706,-1.6749738269669554,115.7011619123316,133.57292051253697,25.65596846220619,34.424219331480664,114.53810601939617,101.9938947130257,-25064900.0,0
2023-10-30,109.8499984741211,110.44000244140624,107.95999908447266,108.37999725341795,1861200.0,0.01487435922142133,0.01733894509529206,108.52550010681152,113.35799957275391,138.39144966125488,54.37973263531826,-1.018559052610101,-1.5436908720955846,115.47170452259785,133.33687153703036,40.13872043892105,35.20815957747014,114.59562981600997,102.45537039761307,-23203700.0,0
2023-10-31,111.08999633789062,111.4499969482422,108.9499969482422,109.91999816894533,1430200.0,0.011288100873862561,0.016922881622843753,108.89799995422364,112.74419952392579,138.21059967041015,60.200994197828926,-0.7981199051913137,-1.3945766787147305,115.29987282907992,133.1155095947504,52.428099168554546,39.40759602322725,114.60956081925809,103.18643908918918,-21773500.0,0
2023-11-01,111.48999786376952,111.58999633789062,108.91999816894533,111.1999969482422,1911200.0,0.0036006979842024833,0.0166698678759323,109.23400001525879,112.15979934692383,138.02939968109132,60.1208332709075,-0.5844068342923663,-1.2325427098302575,115.1504659676952,132.9003303735466,55.9999847412108,49.52226811622878,114.70880886464131,103.75919116587626,-19862300.0,0
2023-11-02,114.01000213623048,114.4499969482422,111.79000091552734,111.79000091552734,2898100.0,0.022602962783622838,0.017115248551683223,109.61399993896484,111.59559936523438,137.8776996612549,63.85211448334123,-0.20928192983853933,-1.0278905538319139,115.10574189587305,132.7123669084987,81.20002746582045,63.20937045852858,115.313889480252,103.91411039767767,-16964200.0,0
2023-11-03,116.3499984741211,117.6500015258789,114.98999786376952,115.0,2754900.0,0.020524482887865902,0.017310545728100844,110.16399993896485,111.44499938964844,137.7453996658325,64.14666527594628,0.27367070236969937,-0.7675783025915912,115.15453627149063,132.54955727233576,88.94555428903593,75.38185549868903,116.24180228576382,104.08619759216587,-14209300.0,0
2023-11-06,114.98999786376952,116.83999633789062,114.8000030517578,116.33000183105467,2016200.0,-0.011688875188546444,0.017386151360420685,110.6779998779297,111.27859939575195,137.5813996887207,48.95488251660791,0.5404435626487327,-0.5059739295435264,115.14808378491333,132.37483528817094,77.38092534937225,82.50883570140952,116.54895780920607,104.80704194665331,-16225500.0,0
2023-11-07,116.33000183105467,116.63999938964844,114.37000274658205,115.0,1596000.0,0.011653221951292592,0.017286280971202606,111.08849983215332,111.11399948120118,137.40809967041017,57.206705339294714,0.850189640740254,-0.23474121548677032,115.194433512213,132.21518520402054,88.77551483806667,85.03399815882493,117.34200867291699,104.83499099138965,-14629500.0,0
2023-11-08,114.7699966430664,116.62000274658205,114.38999938964844,116.5,2080900.0,-0.013410170750739359,0.01653755630043399,111.47549972534179,110.94739944458007,137.24934963226318,54.41018786862371,0.958734562815863,0.003953940173756332,115.17778892910921,132.0416012382399,75.51016700975148,80.55553573239678,117.62866545789612,105.32233399278746,-16710400.0,0
2023-11-09,113.61000061035156,115.54000091552734,112.88999938964844,115.54000091552734,1402300.0,-0.010107136591825605,0.01653857209875358,111.78249969482422,110.72979949951171,137.06959964752198,58.85057531743087,0.9403158346207334,0.19122631906315177,115.11630703425597,131.85820222701716,65.64625695873964,76.64397960218591,117.70247438645808,105.86252500319037,-18112700.0,0
2023-11-10,114.08000183105467,114.11000061035156,112.48999786376952,113.86000061035156,2212900.0,0.004136970497122583,0.01653866228176862,112.08949966430664,110.56419952392578,136.88774967193604,65.66522561191806,0.9526623320211627,0.34351352165475396,115.07566761452259,131.68130471063944,69.64286525233103,70.26642974027403,117.8037059306635,106.37529339794979,-15899800.0,0
2023-11-13,112.26000213623048,114.29000091552734,111.91000366210938,113.69000244140624,1596300.0,-0.015953713758871557,0.017039978475919846,112.1974998474121,110.434599609375,136.69719970703125,62.303667477539065,0.8062938021121937,0.43606957774624194,114.96524936047192,131.48805791885428,54.166680182456794,63.1519341311758,117.83450919401288,106.56049050081133,-17496100.0,0
2023-11-14,116.70999908447266,117.2300033569336,114.44000244140624,114.58000183105467,2122400.0,0.039640093208282545,0.018548538893566887,112.26449966430664,110.44339965820312,136.53649967193604,69.67710564300226,1.0374145816488465,0.5563385785267629,115.03367091827587,131.34101255731815,92.00678341281699,71.93877628253492,118.08901226618535,106.43998706242793,-15373700.0,0
2023-11-15,118.72000122070312,122.19000244140624,118.5999984741211,118.5999984741211,2972400.0,0.017222193059702295,0.01584619244786976,112.5129997253418,110.47039962768555,136.37919971466064,71.65353883964497,1.367011777832431,0.7184732183878966,115.17823289092009,131.2154303549638,75.93620093341009,74.0365548428946,118.99171372988994,106.03428572079366,-12401300.0,0
2023-11-16,113.6999969482422,115.87999725341795,112.4000015258789,115.31999969482422,2897700.0,-0.042284402129752485,0.01824637071122683,112.54249954223633,110.41319961547852,136.1799997329712,59.99999441070224,1.209208536266189,0.8166202819635551,115.12026285395233,131.0411474354939,40.33729100262458,69.4267584496172,119.03801037328026,106.0469887111924,-15299000.0,0
2023-11-17,115.0,115.80999755859376,113.72000122070312,114.0,1771000.0,0.01143362433289763,0.018356350472801337,112.76599960327148,110.39279968261718,135.9698997116089,59.54056876981376,1.1754973108343876,0.8883956877377216,115.11554666360126,130.88153402817557,45.817632807190826,54.030374914408476,119.27753581421301,106.25446339232995,-13528000.0,0
2023-11-20,115.5999984741211,116.38999938964844,114.77999877929688,114.87999725341795,2795900.0,0.0052173780358355515,0.017543354316370184,113.09749946594238,110.38579971313476,135.79834968566894,58.557874356243055,1.1835525274677394,0.9474270556837252,115.13454477381774,130.7294789480357,50.339096868557135,45.49800689279083,119.46889270159728,106.72610623028747,-10732100.0,0
2023-11-21,116.06999969482422,116.31999969482422,114.48999786376952,115.7300033569336,1500600.0,0.004065754558018719,0.017137540614246594,113.49949951171875,110.42479965209961,135.62384967803956,58.66767506303926,1.2138687914107464,1.0007154028291296,115.17122928052387,130.5836134828296,41.153828378262446,45.77018601800345,119.53010059097532,107.46889843246218,-9231500.0,0
2023-11-22,115.56999969482422,116.4000015258789,115.04000091552734,115.87000274658205,1644100.0,-0.004307745337422397,0.017014628447083287,113.86299934387208,110.4813996887207,135.44984970092773,53.19671510913468,1.1839015475893149,1.0373526317811668,115.18686733598665,130.43422429090916,35.603078475902144,42.365334574240556,119.4328103498871,108.29318833785705,-10875600.0,0
2023-11-24,117.31999969482422,117.63999938964844,115.02999877929688,115.3000030517578,1039400.0,0.015142338016968626,0.01720540705557931,114.28799934387207,110.56099975585937,135.28379970550537,52.03696072770479,1.2865323218307765,1.0871885697910888,115.27051958535283,130.30373449393318,52.6264268008491,43.12777788500455,119.52480794451971,109.05119074322444,-9836200.0,0
2023-11-27,116.3499984741211,117.9499969482422,115.9000015258789,117.0,2772000.0,-0.008267995424704355,0.017408553836632926,114.69349937438965,110.64099975585937,135.12024971008302,52.90350091930572,1.2749006963304623,1.1247309950989635,115.31285209079473,130.16489134945746,43.19061614047593,43.80670713907571,119.15738235564113,110.22961639313816,-12608200.0,0
2023-11-28,116.04000091552734,117.29000091552734,115.01000213623048,116.44000244140624,4024900.0,-0.0026643537830617348,0.017351835111452336,115.00299949645996,110.74619979858399,134.96524974822998,49.35238761809971,1.2265296665910483,1.1450907293973804,115.34136773098034,130.02434517598553,40.17507532914761,45.33070609015753,118.87156246784886,111.13443652507107,-16633100.0,0
2023-11-29,121.12000274658205,122.12999725341795,116.58000183105467,117.33000183105467,5634700.0,0.043778023017706946,0.01933525014550522,115.50449981689454,110.94079986572265,134.82859977722168,62.25396604787414,1.579896901419616,1.2320519638018277,115.56798086884707,129.93574475380242,89.59144142138335,57.652377630335614,119.81271806057748,111.19628157321159,-10998400.0,0
2023-11-30,123.58999633789062,124.20999908447266,120.72000122070312,121.8000030517578,3691100.0,0.020392945304637422,0.019587524882366265,116.10949974060058,111.18659973144531,134.7118497467041,68.33210007343507,2.0357835752908926,1.3927982860996408,115.88256971077035,129.87260297851972,94.9593253875951,74.908614046042,121.34303665418749,110.87596282701368,-7307300.0,0
2023-12-01,126.1500015258789,126.38999938964844,122.81999969482422,123.44000244140624,2400000.0,0.020713692562861707,0.019868450478638215,116.71649971008301,111.59959976196289,134.59689975738524,70.59023807298871,2.5739768695276553,1.629034002785244,116.28521409567658,129.8355621680457,98.34255570039232,94.29777416979023,123.5087068953071,109.92429252485893,-4907300.0,0
2023-12-04,128.22000122070312,128.52000427246094,125.2300033569336,125.43000030517578,2441200.0,0.016409034243250353,0.019655856898164084,117.30999984741212,112.07399978637696,134.5037497329712,76.99593417351295,3.131433393436737,1.9295138809155428,116.75324496332469,129.8194869347388,98.13893920197114,97.14694009665284,125.82362049116168,108.79637920366255,-2466100.0,0
2023-12-05,127.76000213623048,129.4499969482422,127.2699966430664,128.02000427246094,1641500.0,-0.0035875766658343133,0.01945550048913865,117.94850006103516,112.54119979858399,134.40234977722167,71.60735214434567,3.4958061459609837,2.242772333924631,117.18488249951707,129.79899454868396,90.08800430647003,95.52316640294448,127.57253506543663,108.3244650566337,-4107600.0,0
2023-12-06,126.02999877929688,128.86000061035156,125.41000366210938,128.86000061035156,2195500.0,-0.013541040450898767,0.019537273546175796,118.43349990844726,112.9347998046875,134.30039978027344,64.45234299863765,3.6034391612492556,2.5149056993895558,117.53174980460648,129.76149210321742,79.94135432752351,89.3894326119882,128.67214007680485,108.19485974008967,-6303100.0,0
2023-12-07,126.73999786376952,127.9000015258789,124.11000061035156,127.16999816894533,1889400.0,0.005633572096719552,0.019471991635722323,119.03199996948243,113.36259979248047,134.21314975738525,81.07721360592109,3.7033402920883276,2.7525926179293103,117.89285757163249,129.73142748391945,82.77177482173006,84.26704448524119,129.75682537604933,108.30717456291552,-4413700.0,0
2023-12-08,124.41000366210938,127.26000213623048,124.3499984741211,126.27999877929688,1580300.0,-0.018384047979585816,0.01972638399962868,119.5720001220703,113.71399993896485,134.12839977264403,71.37666063293835,3.5535386173473142,2.912781817812911,118.1484319281218,129.67847799315516,66.31020324483885,76.34111079803078,130.23474168103425,108.90925856310638,-5994000.0,0
2023-12-11,126.66999816894533,127.30999755859376,125.5999984741211,126.23999786376952,2721200.0,0.018165697615233345,0.019677835601415897,120.20149993896484,114.1183999633789,134.04174976348878,73.38403911976032,3.575960928367948,3.045417639923919,118.48261099638938,129.6485428705262,81.41711932200393,76.8330324628576,130.98492683332435,109.41807304460535,-3272800.0,0
2023-12-12,126.9499969482422,127.18000030517578,125.55999755859376,126.58000183105467,1777600.0,0.0022104585406517163,0.019688403726027075,120.93599967956543,114.56419982910157,133.9573997116089,73.16866006903506,3.575112659528969,3.151356643844929,118.81466534744244,129.6216916673194,82.68697438921241,76.80476565201838,131.43939192546205,110.4326074336688,-1495200.0,0
2023-12-13,130.47999572753906,130.6199951171875,126.1999969482422,127.31999969482422,1220000.0,0.02780621397522398,0.019643568694900145,121.62449951171875,115.10099975585938,133.8833996963501,78.12147003626485,3.8153013810431275,3.284145591284569,119.27212928391683,129.63023200622706,99.10314252018418,87.7357454104668,132.7484335975633,110.50056542587421,-275200.0,0
2023-12-14,129.83999633789062,132.75999450683594,129.0,131.55999755859375,1986500.0,-0.004904961761225457,0.018347103502698744,122.18049926757813,115.60239974975586,133.7919997024536,74.64567600827462,3.9089501274307707,3.4091064985138093,119.68655544289619,129.6323192135073,83.54929901952566,88.4464719763074,133.79400894655498,110.56698958860126,-2261700.0,0
2023-12-15,130.80999755859375,131.67999267578125,128.9199981689453,129.83999633789062,5612500.0,0.007470742822410781,0.01815129910720093,123.0359992980957,116.09039962768554,133.71309970855714,78.46458051673861,4.015154226936659,3.5303160441983796,120.12276885919806,129.6440374059957,89.01409697802775,90.55551283924585,134.53942074495762,111.5325778512338,3350800.0,0
2023-12-18,130.39999389648438,131.35000610351562,130.1300048828125,131.35000610351562,2188800.0,-0.0031343450023819663,0.01477082858445225,123.80599899291992,116.59139953613281,133.61934970855714,78.15685740657358,4.019898978837816,3.6282326311262674,120.52579729203282,129.65155936112495,85.41408109606819,85.99249236454051,135.10438723195733,112.50761075388252,1162000.0,0
2023-12-19,133.60000610351562,133.83999633789062,130.92999267578125,131.22999572753906,2405400.0,0.024539972061436766,0.015252112949192723,124.70599937438965,117.16919967651367,133.56704975128173,76.41829361924934,4.233077191528281,3.74920154320667,121.03851136307136,129.6908473884124,98.17080545967119,90.86632784458902,136.11918295013626,113.29281579864303,3567400.0,0
2023-12-20,134.41000366210938,135.72000122070312,131.8000030517578,132.52000427246094,3823200.0,0.006062855700516678,0.015247527905989794,125.62299957275391,117.69499969482422,133.52899974822998,74.63571041940119,4.4164721526803845,3.8826556651014132,121.56288361009247,129.73780416725518,89.8449813671282,91.14328930762251,137.06169685144835,114.18430229405948,7390600.0,0
2023-12-21,134.3300018310547,136.11000061035156,132.8300018310547,135.5800018310547,2031700.0,-0.0005952074166726273,0.015330874777139927,126.56099967956543,118.24099975585938,133.49209972381593,70.99589038896201,4.503445584123639,4.006813648905858,122.0635549128753,129.78349767634774,85.1666768391927,91.06082122199734,137.59835468387,115.52364467526084,5358900.0,0
2023-12-22,136.55999755859375,137.1300048828125,135.33999633789062,135.69000244140625,1937300.0,0.016600876179125645,0.015232118747466255,127.5229995727539,118.82279968261719,133.47669971466064,71.23217056281163,4.698157241335863,4.1450823673918595,122.63204285976623,129.8509255358726,95.62206499866984,90.21124106833024,138.52285821356233,116.52314093194546,7296200.0,0
2023-12-26,140.00999450683594,140.55999755859375,137.10000610351562,137.2899932861328,1631400.0,0.025263598490926187,0.015621634525107102,128.70599937438965,119.46419952392579,133.47529972076416,77.0658282310557,5.072382287828148,4.330542351479117,123.31353115965132,129.95201079926528,96.65651578241426,92.48175254009224,139.73547706760814,117.67652168117115,8927600.0,0
2023-12-27,141.83999633789062,142.7100067138672,140.0800018310547,140.10000610351562,1766700.0,0.013070508555482752,0.015158771518373682,129.99599914550782,120.09899948120118,133.47304973602294,84.77782782739109,5.4537566750179,4.555185216186874,124.04005920585679,130.07029921258493,95.32252639523531,95.86703572543979,140.82118340276895,119.1708148882467,10694300.0,0
2023-12-28,142.2899932861328,142.8800048828125,141.2100067138672,141.5,1367800.0,0.003172567398903592,0.014975321864273186,131.05449867248535,120.63739929199218,133.4770496749878,84.60169082642295,5.72630039105178,4.7894082511598555,124.75574289527938,130.19188820834162,96.815912614024,96.26498493055783,142.35496417152416,119.75403317344654,12062100.0,1
2023-12-29,142.0500030517578,142.89999389648438,141.00999450683594,142.24000549316406,1252000.0,-0.0016866276315889994,0.01298081142730594,131.9774990081787,121.20339935302735,133.4857497024536,93.27774379446895,5.85543028786833,5.002612658501551,125.4339491759256,130.30987940081343,95.09809097900904,95.74550999608944,143.7178585598208,120.23713945653662,10810100.0,1
2024-01-02,142.5399932861328,145.08999633789062,142.1300048828125,142.22999572753906,2660900.0,0.003449420794426006,0.012675332829881538,132.7969985961914,121.79199920654297,133.5033996963501,92.63838691268784,5.928959424721796,5.187882011745601,126.10477443514942,130.43157207628926,86.94314792041365,92.95238383781555,145.09929764003078,120.49469955235203,13471000.0,1
2024-01-03,136.72000122070312,141.8300018310547,136.6199951171875,141.5800018310547,2382300.0,-0.04083059028736391,0.015998970327818846,133.2219985961914,122.31579925537109,133.5012497329712,70.22777000972391,5.454728362339438,5.241251281864368,126.52105783850448,130.49414351056203,55.69086613219165,79.2440350105381,145.4455712757224,120.99842591666044,11088700.0,1
2024-01-04,136.17999267578125,137.75,135.85000610351562,137.0,2104900.0,-0.003949740638534371,0.01582284706860195,133.64299812316895,122.85999908447266,133.47674968719483,63.468809244119846,4.9779400578883894,5.188589037069173,126.89983959682905,130.5507191241463,44.897930296484816,62.51064811636335,145.65261027877068,121.63338596756724,8983800.0,0
2024-01-05,136.2899932861328,137.7899932861328,135.25,135.89999389648438,1649300.0,0.0008077589680406394,0.015760408894920943,134.15599784851074,123.42519897460937,133.4532996749878,65.63257438755863,4.556434283342099,5.062158086323759,127.26808091797822,130.6078263297382,45.57820625695351,48.7223342285433,145.6623500952786,122.64964560174286,10633100.0,0
2024-01-08,137.57000732421875,138.05999755859375,135.0,135.58999633789062,1578700.0,0.009391841669539325,0.015330985141397488,134.6974983215332,124.0105990600586,133.44799968719482,66.1413776921485,4.276378921327307,4.905002253324469,127.67207803194844,130.67710176251913,49.732665046949364,46.73626720012921,145.74453292537422,123.65046371769219,12211800.0,0
2024-01-09,138.0399932861328,138.22999572753906,135.3699951171875,136.0,2810400.0,0.0034163403132372316,0.015328928539299909,135.37899780273438,124.59499893188476,133.46089962005615,68.1904879546305,4.045720421880645,4.733145887035704,128.07866294387725,130.75036436474414,50.211855731204,48.50757567836894,145.3866424561805,125.37135314928825,15022200.0,0
2024-01-10,137.6199951171875,139.10000610351562,137.0800018310547,137.8699951171875,1759400.0,-0.003042583232199414,0.01454493754230928,135.92649765014647,125.18259887695312,133.46204959869385,61.03182073992684,3.7853958698412384,4.543595883596811,128.4528328330267,130.81871889959433,43.792287476190424,47.91226941811458,145.09057847354603,126.76241682674691,13262800.0,0
2024-01-11,135.22000122070312,137.6199951171875,135.1199951171875,137.6199951171875,2420600.0,-0.01743928194766109,0.014991841805455623,136.33999786376953,125.68999893188476,133.44449962615965,52.044419248443695,3.346846968440218,4.304246100565493,128.7182119854846,130.86251275353573,19.494294131337657,37.83281244624401,144.48872997276396,128.1912657547751,10842200.0,0
2024-01-12,135.75999450683594,136.3800048828125,134.19000244140625,135.72000122070312,1417200.0,0.003993442399482294,0.014990870411079592,136.60399780273437,126.18339889526368,133.4149995803833,53.52736952090165,3.0081902056273293,4.0450349215778605,128.99436031965524,130.91124391526012,14.40360499592632,25.896728867818116,144.28187546557984,128.9261201398889,12259400.0,0
2024-01-16,135.9600067138672,136.02000427246094,133.97999572753906,135.3000030517578,2341800.0,0.0014732779546569041,0.013900889226081601,136.9099983215332,126.67279907226562,133.38504962921144,48.35528599811774,2.724534852923142,3.780934907846917,129.26752292334984,130.9614803610174,17.82188008597661,17.23992640441351,143.91077809814195,129.90921854492447,14601200.0,0
2024-01-17,135.39999389648438,135.8800048828125,134.0399932861328,135.05999755859375,1986300.0,-0.0041189525575809904,0.013882261181022253,137.13949813842774,127.1005989074707,133.3579996109009,34.98370241069129,2.426575535851697,3.5100630334478735,129.50801198111984,131.00564467480314,12.78126094450663,15.002248675469835,143.5765383011674,130.70245797568808,12614900.0,0
2024-01-18,132.50999450683594,135.0,131.00999450683594,135.0,3397100.0,-0.021344161890124558,0.014722574557877828,137.2449981689453,127.423798828125,133.30279956817628,21.572186397258804,1.9349370821531124,3.1950378431889215,129.62573678604988,131.02061332984823,10.65340770547073,13.752182911984638,143.2731311624211,131.2168651754695,9217800.0,0
2024-01-19,130.47999572753906,132.52000427246094,129.22000122070312,132.52000427246094,2656700.0,-0.015319589943777023,0.01511688448809378,137.0889976501465,127.73359878540039,133.2151495742798,17.176197972505335,1.365762469856719,2.829182768522481,129.65923713669653,131.01523405022326,7.939476335889606,10.458048328622302,143.65205065804454,130.52594464224845,6561100.0,0
2024-01-22,131.02000427246094,131.86000061035156,128.77000427246094,130.72999572753906,1804000.0,0.004138630921244779,0.014091074179267648,136.91949768066405,128.0273988342285,133.12579959869385,19.84692830458164,0.9473413046056578,2.4528144757391166,129.71260055378534,131.01528151512116,13.786771408830093,10.79321848339679,143.93348332985684,129.90551203147126,8365100.0,0
2024-01-23,131.39999389648438,132.63999938964844,130.4199981689453,132.00999450683594,1759900.0,0.0029002412733343252,0.014030462620990619,136.77299728393555,128.3599987792969,133.03929958343505,19.361951244077574,0.6390351046346723,2.090058601518228,129.7787728417343,131.01910949901531,20.13774973711882,13.95466582727949,144.12878499025715,129.41720957761396,10125000.0,0
2024-01-24,130.16000366210938,131.5399932861328,129.52999877929688,131.5399932861328,2327000.0,-0.009436760212879869,0.014150382282640156,136.45299758911133,128.69099884033204,132.94489963531495,25.882372740634352,0.2912856118339562,1.7303040035813737,129.7937230699843,131.0105611822302,13.455945239716568,15.793488795221807,144.38228348478498,128.5237116934377,7798000.0,0
2024-01-25,132.22999572753906,132.44000244140625,129.50999450683594,131.8300018310547,2620300.0,0.015903441972876076,0.014106762225212663,136.0639976501465,129.0539987182617,132.84139965057372,36.94646511201048,0.18064038352767398,1.4203712795706338,129.88926317420214,131.02269485929796,33.49458704524607,22.362760674027133,144.02184156566273,128.10615373463025,10418300.0,0
2024-01-26,132.72999572753906,133.9199981689453,131.8000030517578,131.88999938964844,1771000.0,0.0037812902983846985,0.012791260307836554,135.6084976196289,129.46339859008788,132.73969959259034,38.530927581657195,0.131779986609331,1.1626530209783732,130.00066445080358,131.0396829276387,38.33485724245813,28.4284631758069,143.20916769252403,128.00782754673378,12189300.0,0
2024-01-29,133.7899932861328,137.1300048828125,132.89999389648438,136.47000122070312,4050000.0,0.007986119134439251,0.012528000440649703,135.1834976196289,129.8049984741211,132.65779956817627,37.64699077190662,0.1765554924259618,0.9654335152678909,130.14926558160082,131.06704919986254,48.59620642641587,40.141883571373334,142.1338547488888,128.23314049036898,16239300.0,0
2024-01-30,131.3000030517578,133.5,130.80999755859375,133.5,2536900.0,-0.01861118438842979,0.012913144528629246,134.6459976196289,130.0565985107422,132.569899559021,30.542727309568832,0.010992288914223991,0.7745452699971576,130.19439254121482,131.0693671486376,24.491755380827104,37.14093968323368,140.99737481424611,128.2946204250117,13702400.0,0
2024-01-31,130.6199951171875,132.6999969482422,130.61000061035156,131.8000030517578,1503300.0,-0.005179039746878389,0.012907866785115038,134.04999771118165,130.39499847412108,132.4834995651245,30.090997307576814,-0.17309338712382782,0.5850175385729606,130.2110828383118,131.06489578514058,20.90387297777732,31.330611595006744,139.44793443248057,128.65206098988273,12199100.0,0
2024-02-01,135.6300048828125,136.08999633789062,130.86000061035156,131.30999755859375,1657400.0,0.03835561133753074,0.015821179765007992,133.9954978942871,130.80759857177733,132.42824962615967,51.01536308204829,0.08431141651016105,0.48487631416040067,130.42358958515496,131.1103197562617,82.05741757790469,42.48434864550302,139.30115075544262,128.68984503313158,13856500.0,0
2024-02-02,138.7100067138672,138.97000122070312,133.92999267578125,135.0,2452400.0,0.022708852909913757,0.014049311924590127,134.12199859619142,131.26979873657226,132.37489963531493,56.48924500917675,0.5307191846094099,0.49404488825020254,130.74854711961427,131.18593853195927,97.45103348407625,66.80410801325273,139.75735317341739,128.48664401896545,16308900.0,0
2024-02-05,137.16000366210938,139.36000061035156,135.6300048828125,137.8000030517578,1944800.0,-0.01117441407781905,0.014257874710170516,134.16549911499024,131.69159881591796,132.31824962615966,52.49168782598391,0.7507738115029667,0.5453906729007554,130.99997678794742,131.24538196609012,79.22570624155291,86.24471910117792,139.88413400278895,128.44686422719153,14364100.0,0
2024-02-06,137.75999450683594,138.7100067138672,135.74000549316406,136.72000122070312,1215300.0,0.004374386327698154,0.014283723087699323,134.17499847412108,132.1353987121582,132.25779956817627,54.8922109889943,0.9624879733322018,0.6288101329870447,131.26507552202148,131.31020398142093,84.89134412831795,87.18936128464902,139.91802435680466,128.4319725914375,15579400.0,0
2024-02-07,139.8300018310547,141.3300018310547,139.47999572753906,140.32000732421875,2677200.0,0.015026186169861067,0.014508130558554204,134.26449890136718,132.58559875488282,132.20199954986572,65.70817845326879,1.2825211576280253,0.7595523379152409,131.6009549851208,131.39497808937747,88.05732251935291,84.05812429640791,140.30901475266978,128.21998305006457,18256600.0,0
2024-02-08,140.89999389648438,142.82000732421875,139.47000122070312,139.99000549316406,1820000.0,0.007652092193508375,0.014574509346603126,134.42849884033203,133.0765986633301,132.13919948577882,73.32141225198471,1.6039992741034723,0.9284417251528873,131.9656231777233,131.48955536108997,86.33442697014817,86.42769787260632,141.01044121546255,127.84655646520149,20076600.0,0
2024-02-09,139.5,140.72999572753906,139.1699981689453,140.24000549316406,2491600.0,-0.009936082023629611,0.014748538153415099,134.6424987792969,133.54579864501954,132.07489948272706,68.2758793054347,1.7259099744817092,1.0879353750186518,132.26108893545964,131.56926127789507,75.0563176026184,83.14935569737314,141.60037299045845,127.68462456813532,17585000.0,0
2024-02-12,142.8300018310547,143.13999938964844,139.0,139.5,1726300.0,0.023870980867775504,0.014954792138096876,134.99599914550782,133.97999862670898,132.02289951324462,71.85471753711857,2.0673967379450175,1.283827647603925,132.67555610783592,131.68130844757826,97.7256240092426,86.3721228606697,142.85320132132475,127.1387969696909,19311300.0,0
2024-02-13,139.80999755859375,141.9499969482422,138.22999572753906,141.9499969482422,1482300.0,-0.02114404700514616,0.01582800684990841,135.18849868774413,134.30439865112305,131.95509952545166,67.27532478884628,2.070471248975565,1.441156367878253,132.9553381255127,131.76219092629483,75.56859399768935,82.7835118698501,143.3286961805573,127.04830119493096,17829000.0,0
2024-02-14,139.8800048828125,140.8699951171875,138.39999389648438,140.5500030517578,1466000.0,0.0005007318892871204,0.015829571197294036,135.41249923706056,134.57899871826172,131.8859495162964,64.75126651441228,2.0548695698178108,1.5638990082661648,133.2268936846225,131.8429651945189,73.98248344427314,82.42556715040168,143.819392993943,127.00560548017809,19295000.0,0
2024-02-15,142.14999389648438,144.14999389648438,140.36000061035156,140.7899932861328,1628700.0,0.01622811648865463,0.01609073179197005,135.89449920654297,134.85759857177734,131.8283494949341,67.00360867646792,2.20031045966158,1.691181298545248,133.5768191831269,131.94552269404096,85.22894393124751,78.26000712440332,144.69680953368623,127.09218887939971,20923700.0,0
2024-02-16,143.3699951171875,145.4600067138672,141.41000366210938,141.72000122070312,2642900.0,0.008582492248234264,0.01517812736006346,136.53899917602538,135.1697984313965,131.771749458313,67.19311130864652,2.386507146408235,1.8302464681178452,133.96086529818808,132.05919903655985,85.92585361843796,81.71242699798619,145.5570133777334,127.52098497431737,23566600.0,0
2024-02-20,146.2899932861328,146.47000122070312,144.3000030517578,144.6199951171875,3175700.0,0.020366870812533522,0.01491808288593325,137.302498626709,135.5749983215332,131.7416494369507,76.49343532465235,2.738125405667944,2.011822255627865,134.44436051340162,132.20079897934167,98.86501937173429,90.00660564047324,146.91888495795982,127.68611229545816,26742300.0,0
2024-02-21,145.42999267578125,146.5,145.02999877929688,146.27999877929688,2315800.0,-0.0058787384634673145,0.015124745056251903,138.00399856567384,135.94879821777343,131.7103994369507,76.00982951104346,2.9138020512061473,2.1922182147435216,134.87516961780867,132.33243274746545,93.15852067790392,92.64979788935871,147.85157655249927,128.1564205788484,24426500.0,0
2024-02-22,144.75999450683594,146.3699951171875,143.39999389648438,144.42999267578125,1781700.0,-0.004607015077275012,0.015267125421209891,138.73399810791017,136.35579803466797,131.65684940338136,68.91834552413931,2.964787579946062,2.34673208778403,135.26280980953524,132.45609007840446,86.15748226485455,92.72700743816425,148.29364467105236,129.17435154476797,22644800.0,0
2024-02-23,145.8800048828125,146.47000122070312,144.67999267578125,145.14999389648438,3255100.0,0.007737015877847808,0.01492638181352915,139.41649856567383,136.7399981689453,131.60854946136476,66.17049788255895,3.0602923110316453,2.4894441324335532,135.67917040064415,132.5896613699906,94.29627050883242,91.20409115053026,148.97005651214812,129.86294061919955,25899900.0,0
2024-02-26,145.77000427246094,146.8699951171875,144.91000366210938,145.6199951171875,2429200.0,-0.0007540485787611573,0.014790641891115607,140.06849899291993,137.11639831542968,131.56154949188232,70.76701009376833,3.0914678515289893,2.6098488762526406,136.0748893760095,132.72080906056246,90.11687448160512,90.19020908509735,149.47947078952384,130.657527196316,23470700.0,0
2024-02-27,148.89999389648438,149.08999633789062,145.2100067138672,145.25,2137500.0,0.021472110395037936,0.015229608975725263,140.8239990234375,137.4847982788086,131.5354494857788,73.94669393918917,3.330348511652346,2.7539488033325816,136.57783465132223,132.88179597435274,98.25043802276454,94.221194337734,150.53400922065182,131.11398882622316,25608200.0,0
2024-02-28,146.13999938964844,148.97000122070312,145.60000610351562,148.97000122070312,2020000.0,-0.018535894022633004,0.016096759686122373,141.56599884033204,137.81079833984376,131.49009944915773,63.17328263631302,3.2593825324384227,2.85503554915375,136.9528215038056,133.0137183963955,72.83612539183191,87.06781263206717,150.44403207087032,132.68796560979376,23588200.0,0
2024-02-29,146.67999267578125,147.33999633789062,146.07000732421875,147.30999755859375,2531600.0,0.003695040977063746,0.015218836130844581,142.3689987182617,138.1281982421875,131.4298994064331,62.3398868425099,3.209714833287819,2.925971405980564,137.33427919682427,133.1497012250461,77.8084389810052,82.96500079853386,149.87807057996244,134.85992685656097,26119800.0,0
2024-03-01,148.44000244140625,149.2899932861328,145.42999267578125,145.97999572753906,2149100.0,0.011998976366976555,0.015082940200160292,143.0094985961914,138.48899841308594,131.37634944915771,68.79731476098627,3.2746230863873222,2.995701742061916,137.76979775543532,133.30184352570643,92.31472845971734,80.9864309441848,150.27980601725298,135.73919117512983,28268900.0,0
2024-03-04,146.4199981689453,148.97000122070312,145.7899932861328,148.27999877929688,1933500.0,-0.01360822042062615,0.013750236207429824,143.3949981689453,138.74539825439453,131.31434940338136,57.9884204336022,3.1270195468656823,3.021965303022669,138.10902130106317,133.43237242762922,74.05067133168144,81.39127959080132,150.52161522957738,136.26838110831324,26335400.0,0
2024-03-05,149.0800018310547,151.22000122070312,147.80999755859375,147.88999938964844,2019800.0,0.018166942326007574,0.013469840716199088,143.9909980773926,139.03879821777343,131.2651494216919,70.9633740763464,3.187934222031373,3.0551590868244096,138.53925583165105,133.58807023263842,83.30734659093613,83.22424879411162,150.9129080402002,137.06908811458499,28355200.0,0
2024-03-06,149.13999938964844,150.17999267578125,148.1300048828125,149.97999572753906,3367300.0,0.00040245209187572684,0.01306908234946305,144.55999832153321,139.3349981689453,131.20744945526124,70.95022249533088,3.20411579018824,3.084950427497176,138.954971265298,133.74281579638975,80.84712970391487,79.4017158755108,151.19003462759315,137.92996201547328,31722500.0,0
2024-03-07,150.02000427246094,151.0,148.02999877929688,151.0,2418200.0,0.005900528942026861,0.013075062418384064,145.06949844360352,139.60419830322266,131.15714946746826,69.00050174949217,3.2504793366302636,3.1180562093237936,139.388894128324,133.90477787077853,87.76761216223784,83.97402948569626,151.73511410103572,138.40388278617132,34140700.0,0
2024-03-08,147.91000366210938,149.75,146.7100067138672,149.74000549316406,3704000.0,-0.014064795029064658,0.01340204416855074,145.41999893188478,139.76219848632812,131.0966994857788,60.50927606956311,3.08144241593277,3.110733450645589,139.72305528651168,134.0441333512893,57.67270513490942,75.42914900035403,151.89702297760653,138.94297488616303,30436700.0,0
2024-03-11,149.0,149.35000610351562,146.52999877929688,147.91000366210938,2324100.0,0.0073693212825594046,0.013397028644138512,145.89499893188477,139.9053985595703,131.06104946136475,56.85383441631865,3.0008412039823327,3.088755001312938,140.08685703998182,134.19294794480882,71.61126417583104,72.35052715765941,151.9217596506555,139.86823821311404,32760800.0,0
2024-03-12,149.69000244140625,150.74000549316406,148.69000244140625,149.39999389648438,3268500.0,0.004630888868498273,0.013080684842920598,146.23799896240234,140.05339874267577,131.0327494430542,60.86736846694371,2.958537415540974,3.0627114841585454,140.4634509772926,134.34714749203866,80.43481654347775,69.90626195140605,152.31095240336955,140.16504552143513,36029300.0,0
2024-03-13,128.4199981689453,133.3699951171875,126.8000030517578,129.14999389648438,14563600.0,-0.14209368645569187,0.033819004475483035,145.66849899291992,139.78079864501953,130.99154941558837,29.676627641629608,1.1949254180696016,2.6891542709407568,139.9911587102986,134.28817088185863,6.633887136190068,52.8933226184996,155.34602556393355,135.9909724219063,21465700.0,1
2024-03-14,125.2300033569336,129.57000732421875,124.01000213623048,128.5399932861328,5902600.0,-0.02484032749957732,0.033919654936351476,144.93599891662598,139.43459884643553,130.90544944763184,25.57368918165487,-0.4549117776946048,2.0603410612136845,139.41228987291177,134.19803986171013,4.483650355575731,30.517451345081167,158.0617332627535,131.81026457049845,15563100.0,0
2024-03-15,127.41999816894533,128.3800048828125,124.68000030517578,124.68000030517578,6022300.0,0.017487780510312412,0.034249200329186893,144.19949913024902,139.2485987854004,130.85014945983886,29.312277461611345,-1.5676346466064217,1.3347459196496634,138.94200392373662,134.1305966607871,12.532143136530845,7.883226876098862,159.46247879801217,128.93651946248588,21585400.0,0
2024-03-18,127.25,128.17999267578125,126.62999725341795,126.72000122070312,6226400.0,-0.001334156108838802,0.033948130939789246,143.39349937438965,139.06999893188475,130.8119994354248,23.846346683084292,-2.4351223933152255,0.5807722570566856,138.48349396594304,134.06213301242107,11.90737953981931,9.64105767730861,160.4393066152386,126.3476921335407,15359000.0,0
2024-03-19,128.19000244140625,128.75,126.2699966430664,127.47000122070312,4544300.0,0.007387052584725051,0.03392580612178117,142.4884998321533,138.90799911499025,130.80514945983887,27.318683818822663,-3.012041403036818,-0.13779047496201513,138.0798276316475,134.00370385251048,15.36200090341451,13.267174526588201,160.76436251562546,124.21263714868115,19903300.0,0
2024-03-20,128.10000610351562,128.8000030517578,126.58999633789062,127.87000274658205,4213600.0,-0.0007020542645809202,0.033455117293333454,141.62200050354005,138.71859909057616,130.77759948730468,26.252579698092944,-3.436897413071705,-0.7976118625839531,137.68846208152468,133.94496059132646,15.03125360125094,14.100211348161567,160.92508967447228,122.31891133260784,15689700.0,0
2024-03-21,127.20999908447266,127.95999908447266,125.9499969482422,127.5,2868000.0,-0.006947751574061356,0.033456180329733555,140.74450073242187,138.50199920654296,130.76244945526122,22.24836716030005,-3.801592597232684,-1.3984080095136995,137.27754196399323,133.8779460489697,11.760371392545354,14.051208632403581,161.01816841603656,120.47083304880718,12821700.0,0
2024-03-22,125.70999908447266,127.5999984741211,125.55999755859376,127.5999984741211,2668000.0,-0.0117915259083049,0.03348038271681878,139.7360004425049,138.26379928588867,130.73454948425294,22.55499967949673,-4.163657569470104,-1.9514579215049803,136.82391283146302,133.79667294484534,6.247692044988987,11.013105679595073,160.9202745831825,118.55172630182727,10153700.0,0
2024-03-25,126.1500015258789,127.20999908447266,125.5,126.47000122070312,2580900.0,0.003500138768679717,0.03340541460501542,138.75500030517577,138.08239929199217,130.70359951019287,17.71332170411145,-4.36477770829643,-2.4341218788632704,136.4053280743813,133.72058666206956,7.928860907844264,8.645641448459516,160.5704797229215,116.93952088743004,12734600.0,0
2024-03-26,127.52999877929688,128.5,125.77999877929688,126.0,3649600.0,0.010939336002583122,0.03359967463196244,137.6865005493164,137.9177993774414,130.6768494796753,20.662504023920235,-4.362524159146432,-2.8198023349199026,136.0572759451623,133.65898877268876,13.041855952836215,9.072802968556468,159.5031665848175,115.8698345138153,16384200.0,0
2024-03-27,132.5,132.60000610351562,128.2100067138672,128.6199951171875,2436800.0,0.03897123240237921,0.0345133953869484,137.00450057983397,137.84859924316407,130.680499458313,28.59236918813322,-3.9145758490822686,-3.038757037752376,135.91777492770495,133.64745654609484,31.762053114622113,17.57758999176751,158.55971009270985,115.4492910669581,18821000.0,0
2024-03-28,133.14999389648438,133.94000244140625,132.16000366210938,132.49000549316406,5909900.0,0.004905614313089668,0.034430222551325454,136.32800064086913,137.80359924316406,130.67514942169188,31.297500048336275,-3.467157279949703,-3.1244370861918416,135.8092344951081,133.6425066689843,34.19375462922657,26.332554565561612,157.44954141679762,115.20645986494065,24730900.0,0
2024-04-01,135.91000366210938,137.13999938964844,133.36000061035156,133.6699981689453,3152500.0,0.020728575983043118,0.034814388001609596,135.7015007019043,137.87159942626954,130.67454944610597,34.08704743023178,-2.8569321828876753,-3.0709361055310085,135.81318622714736,133.6650688281199,44.519266858947525,36.82502486759872,156.03913314159254,115.36386826221607,27883400.0,0
2024-04-02,134.72999572753906,135.8800048828125,132.77999877929688,135.8800048828125,3354400.0,-0.00868227431958557,0.03466107060003127,135.11700057983398,137.95659942626952,130.65924945831298,32.02786763058782,-2.4404096522448526,-2.9448308148737774,135.77070816833918,133.6756651156763,81.64505585496592,53.45269244771331,154.81961311863245,115.41438804103554,24529000.0,0
2024-04-03,134.19000244140625,136.02000427246094,133.41000366210938,134.6300048828125,3111300.0,-0.004007966327148282,0.03459103384250545,134.37250061035155,138.01999938964843,130.63799945831298,63.8104462447235,-2.1293397875039943,-2.7817326093998207,135.70871970845945,133.68078290001193,77.5323871642528,67.89890329272207,152.9465333418289,115.79846787887419,21417700.0,0
2024-04-04,129.74000549316406,135.94000244140625,129.5399932861328,134.58999633789062,3489400.0,-0.03316191122498313,0.03479432150730656,133.40250091552736,137.98679962158204,130.6055994796753,60.18059102831485,-2.21634361256676,-2.6686548100332086,135.47465248433022,133.6415711845209,40.60999646696551,66.59581316206139,150.71260012304825,116.09240170800646,17928300.0,0
2024-04-05,130.7100067138672,131.52000427246094,128.80999755859375,129.75999450683594,4408600.0,0.007476500536715669,0.0348932200017269,132.43700103759767,137.9977996826172,130.57644954681396,57.8595492061131,-2.181872510749969,-2.5712983501765607,135.28780363058658,133.61240138879302,44.75951019808898,54.300631276435745,147.90004421973572,116.97395785545962,22336900.0,0
2024-04-08,128.22000122070312,130.4499969482422,128.13999938964844,129.77000427246094,3402700.0,-0.019049845958732492,0.034905583335020786,131.45250091552734,137.91759979248047,130.50369953155518,52.0860227615043,-2.328633510083222,-2.522765382157893,135.01063490863038,133.55874566572743,23.367709306944192,36.24573865733288,145.17713542187232,117.72786640918235,18934200.0,0
2024-04-09,127.33000183105467,128.92999267578125,126.58000183105467,128.00999450683594,2093600.0,-0.00694118999512805,0.03486627792997707,130.36900100708007,137.80959991455077,130.41999950408936,48.1465513839451,-2.4880771673096262,-2.5158277391882398,134.70943361147056,133.49676811513368,15.721666039622917,27.949628514885347,141.42233960375378,119.31566241040636,16840600.0,0
2024-04-10,128.72999572753906,129.25999450683594,124.91000366210938,125.45999908447266,2436800.0,0.010995004133762087,0.03494718812171093,129.3210006713867,137.7083999633789,130.34529949188232,51.285168039604365,-2.4729628310317366,-2.5072547575569395,134.47494585131636,133.44933754411286,31.23461488075558,23.441330075774214,135.60810602054596,123.03389532222747,19277400.0,0
2024-04-11,130.25,131.4199981689453,128.72000122070312,130.0,2005600.0,0.011807693023450971,0.035094321669512624,129.41250076293946,137.68739990234374,130.27949947357178,56.04614173978673,-2.3116852998936963,-2.4681408660242914,134.30926170028434,133.41750333969384,43.663108776613996,30.206463232330815,135.69766012276398,123.12734140311494,21283000.0,0
2024-04-12,125.19000244140624,129.6300048828125,124.9800033569336,129.14999389648438,3462800.0,-0.03884834977807117,0.018269915828717693,129.41050071716307,137.57880004882813,130.1720495223999,49.09408264786201,-2.562630796697391,-2.4870388521589115,133.95164369013227,133.33563765911387,2.2894429853836304,25.729055547584384,135.70128698494423,123.1197144493819,17820200.0,0
2024-04-15,125.36000061035156,128.0,125.31999969482422,127.19000244140624,2201900.0,0.001357921284687924,0.017440007761530464,129.3075008392334,137.37339996337892,130.07054950714112,48.61062098655075,-2.716475639158233,-2.532926209558776,133.61471651053304,133.25627808648937,3.6794530289892142,16.544001596995596,135.79974289120418,122.81525878726262,20022100.0,0
2024-04-16,124.05999755859376,125.72000122070312,123.33999633789062,124.80999755859376,1936700.0,-0.01037015830750121,0.017115330160097583,129.1480007171631,137.08039978027344,129.9727994918823,43.880069711390995,-2.9097563074468837,-2.608292229136398,133.24002164967268,133.16477280760483,5.217398996237375,3.728765003536721,135.99986036161636,122.29614107270982,18085400.0,0
2024-04-17,123.75,125.1999969482422,123.0999984741211,125.06999969482422,1863100.0,-0.0024987712775614845,0.017117905202275584,128.92600059509277,136.81219970703125,129.87404949188232,31.53229400958945,-3.0527565643990613,-2.6971850961889308,132.86786393792082,133.07109347618587,4.629640195821113,4.508830740349215,136.18421376873664,121.6677874214489,16222300.0,0
2024-04-18,122.2300033569336,124.80999755859376,122.08000183105467,124.80999755859376,1835700.0,-0.012282801156092149,0.017163364038806625,128.63250045776368,136.5015998840332,129.74784950256347,27.7687535976347,-3.25125784761876,-2.807999646474897,132.45069293474484,132.96322193271072,0.996026229720896,3.614355140593109,136.48199448440545,120.78300643112192,14386600.0,0
2024-04-19,122.02999877929688,122.76000213623048,121.5500030517578,121.81999969482422,1957100.0,-0.0016362969168270958,0.0171607048090495,128.37350044250488,136.14559982299804,129.63079948425292,18.4545343572444,-3.385682205649445,-2.9235361583098065,132.04203826198219,132.85443364262701,3.3171782104089713,2.980948211983641,136.74509453521117,120.00190634979857,12429500.0,0
2024-04-22,121.69000244140624,123.41000366210938,121.20999908447266,122.76000213623048,2053100.0,-0.0027861701326864496,0.017126749101087364,128.17250061035156,135.76139999389648,129.51789947509766,19.187144535280993,-3.4795393768653327,-3.034736802020912,131.63607607294,132.7433447749532,3.2410748736461508,2.518093104591987,136.9942909614962,119.35071025920692,10376400.0,0
2024-04-23,122.55999755859376,122.6500015258789,121.37000274658205,121.81999969482422,2165200.0,0.007149273561781966,0.017082352615146037,127.99300041198731,135.42259994506836,129.41299949645997,22.940879088420232,-3.4440200073373006,-3.1165934430841897,131.2801514253186,132.64201793697944,9.164957002441191,5.241070028832085,137.1285781776346,118.85742264634,12541600.0,0
2024-04-24,122.38999938964844,123.05999755859376,120.41000366210938,121.7300033569336,1738800.0,-0.0013870608055784883,0.01705026239938742,127.73600044250489,135.01379989624024,129.30044952392578,28.6461076325903,-3.3905044577102643,-3.171375646009405,130.93151801215507,132.54000780218016,17.82174274314831,10.075924873078531,137.2093701041137,118.26263078089606,10802800.0,0
2024-04-25,121.69000244140624,123.1500015258789,120.02999877929688,122.77999877929688,1768900.0,-0.005719396615189498,0.01683851153635534,127.1955005645752,134.6513999938965,129.17134956359862,23.37659062187285,-3.3657783054951835,-3.210256177906561,130.56910563683158,132.43204754983415,14.574220817061855,13.853640187550432,136.75752059147794,117.63348053767247,9033900.0,0
2024-04-26,121.73999786376952,122.88999938964844,120.52999877929688,120.52999877929688,1349900.0,0.00041084247974554344,0.0139996463900819,126.62500076293945,134.28859985351562,129.04169956207275,27.655125566878212,-3.3040612772692413,-3.229017197779097,130.22286611631935,132.32565899574396,15.01316221339519,15.8030419245351,136.0517286836322,117.19827284224671,10383800.0,0
2024-04-29,118.80999755859376,121.95999908447266,116.55999755859376,121.18000030517578,5277200.0,-0.02406768815992999,0.014503890437902239,125.77000045776367,133.82179992675782,128.8957495498657,24.2442092172805,-3.4517865783339374,-3.273571073890065,129.77530264346737,132.19117480233948,15.141318355213519,14.909567128556835,134.74180051701936,116.79820039850799,5106600.0,0
2024-04-30,118.25,119.54000091552734,117.45999908447266,118.80999755859376,2223500.0,-0.004713387510319467,0.013226435464450596,124.94600067138671,133.31940002441405,128.74744953155516,16.624178502771073,-3.572861345057845,-3.3334291281236212,129.32332999078238,132.0524566451023,11.372828882853288,13.842436483820643,133.46881292200817,116.42318842076526,2883100.0,0
2024-05-01,118.55999755859376,120.33999633789062,117.58000183105467,119.68000030517578,1929200.0,0.002621543835888085,0.013363417417344382,124.1645004272461,132.76480010986327,128.59469951629637,9.66175765968346,-3.602274974198039,-3.387198297338505,128.90123852285342,131.91820332085842,15.302210246615532,13.938785828227426,131.9531112152396,116.3758896392526,4812300.0,0
2024-05-02,119.77999877929688,120.66999816894533,117.8000030517578,118.91999816894533,1516100.0,0.010290158956018702,0.013825358817228333,123.66650009155273,132.2518002319336,128.44919948577882,24.60087082728616,-3.4869462389760457,-3.407147885666013,128.54354284663552,131.79742516621602,28.146857810524203,18.273965646664323,131.22433585537485,116.10866432773062,6328400.0,0
2024-05-03,120.7300033569336,121.2699966430664,119.9499969482422,120.0500030517578,1471100.0,0.007931245511090479,0.012532738309255132,123.16749992370606,131.77120040893556,128.29864952087402,29.746267232074842,-3.2810678477629978,-3.38193187808541,128.23712953331386,131.68730156612366,45.52406256767328,29.657710208270988,130.05541750665245,116.27958234075969,7799500.0,0
2024-05-06,120.18000030517578,121.33000183105467,119.23999786376952,121.33000183105467,1775600.0,-0.004555645129336705,0.012285843866226586,122.76549987792968,131.25720031738283,128.14004955291747,31.835193417566416,-3.126250914642128,-3.3307956853967537,127.92116368123001,131.5728010560645,41.89818289708601,38.52303442509449,129.3433173830141,116.18768237284527,6023900.0,0
2024-05-07,121.66999816894533,122.81999969482422,120.16000366210938,120.37000274658205,1808800.0,0.012398051755583062,0.012265869949807993,122.48249969482421,130.7752001953125,127.99054950714111,41.23101011764475,-2.8504685771710427,-3.234730263751612,127.67601993565023,131.47426570395388,61.939401337594695,49.78721560078464,128.71121348804755,116.25378590160086,7832700.0,0
2024-05-08,119.56999969482422,121.0199966430664,119.4000015258789,121.0199966430664,2314300.0,-0.017259788819961597,0.012656450082392764,122.02449989318848,130.1886003112793,127.83439949035645,39.30865593725744,-2.769437067661528,-3.1416716245335956,127.35813678895119,131.35581529590286,43.94159787223604,49.25972736897223,127.63541654435738,116.41358324201957,5518400.0,0
2024-05-09,120.1500015258789,120.76000213623048,119.12000274658205,119.87000274658205,3348900.0,0.004850730388350044,0.012387019779788927,121.51949996948242,129.6688003540039,127.67554950714111,42.667708518687625,-2.628122353543887,-3.038961770335654,127.07546481785032,131.24431466137526,52.40877034317756,52.76325651766941,125.63099158197963,117.40800835698522,8867300.0,0
2024-05-10,121.04000091552734,121.26000213623048,119.4800033569336,120.05999755859376,2149300.0,0.007407402233421845,0.012155418551919536,121.31199989318847,129.15600051879883,127.52209953308106,47.569176760739865,-2.416458482584659,-2.914461112785455,126.83877995893569,131.14277920121756,67.98180060548869,54.777389606967404,125.04498038410352,117.57901940227342,11016600.0,0
2024-05-13,120.1999969482422,122.51000213623048,119.8499984741211,122.33999633789062,2231800.0,-0.006939887317675808,0.009119986294508251,121.053999710083,128.59120040893555,127.36684951782226,41.1544180726337,-2.2900958405329703,-2.7895880583349584,126.57843552714378,131.03389579571532,55.23516234160924,58.541911096758476,124.28903455883842,117.81896486132759,8784800.0,0
2024-05-14,118.87999725341795,122.54000091552734,118.58000183105467,122.33999633789062,1897900.0,-0.010981694911295525,0.009295732951931509,120.79499969482421,128.040400390625,127.19904949188232,37.88818960074934,-2.2702949332074382,-2.6857294333094544,126.27653598699767,130.91296148186163,35.20483001742336,52.80726432150707,123.8406016387289,117.74939775091953,6886900.0,0
2024-05-15,118.8000030517578,119.95999908447266,118.27999877929688,119.5199966430664,1936400.0,-0.000672898750911255,0.009123598642481426,120.54749984741211,127.43480041503906,127.02139949798584,39.58182982318723,-2.235290398732033,-2.59564162639397,125.98333861698828,130.79243453230836,35.38712235713233,41.94237157205496,123.37899171813221,117.71600797669201,4950500.0,0
2024-05-16,121.3000030517578,123.16999816894533,119.5,119.80999755859376,2135100.0,0.021043770503194503,0.010416732396719919,120.50099983215333,126.87800048828124,126.86274951934814,48.65197665367831,-1.9829615993711514,-2.4731056209894065,125.79967839874395,130.69798247777553,71.70960749596557,47.43385329017374,123.2453564339972,117.75664323030945,7085600.0,0
2024-05-17,117.30999755859376,120.88999938964844,117.1500015258789,120.8000030517578,2360000.0,-0.032893696560432284,0.01233686817685786,120.26499977111817,126.22380035400391,126.69249950408935,45.6846962641438,-2.0809612791058214,-2.3946767526126895,125.46674973834591,130.56476869748516,2.657742889261154,36.584824247453,123.25640252794003,117.27359701429631,4725600.0,0
2024-05-20,113.4800033569336,117.29000091552734,113.30999755859376,117.1999969482422,2912300.0,-0.032648489313514606,0.014044071004001506,119.85449981689453,125.53520034790039,126.50704948425293,38.450372177724624,-2.4395535994964206,-2.403652121989436,124.99668125280034,130.39477103240506,1.7241966309956234,25.36384900540743,124.03819420887444,115.67080542491462,1813300.0,0
2024-05-21,114.6999969482422,116.37000274658205,114.0199966430664,115.2300033569336,2401000.0,0.010750736299075525,0.014378331160392334,119.46149978637695,124.84920028686524,126.32949943542481,41.04823504765896,-2.5953793919544808,-2.441997575982445,124.59288971144512,130.238604126095,14.097356020334734,6.159765180197152,124.03374719988157,114.88925237287232,4214300.0,0
2024-05-22,113.7699966430664,115.58999633789062,112.5999984741211,113.2300033569336,2106700.0,-0.008108110984479389,0.01423985090511155,119.03049964904785,124.13080017089844,126.14934940338135,35.872113105881496,-2.762076212191147,-2.5060133032241856,124.16846253229303,130.07473738497032,11.069046383399808,8.963533011576702,124.0442228414013,114.01677645669442,2107600.0,0
2024-05-23,114.5999984741211,114.6999969482422,112.62000274658205,113.5500030517578,2968900.0,0.0072954368950073345,0.014427257226706104,118.67599945068359,123.85440017700195,125.98834938049316,35.508258506326484,-2.794991509760365,-2.5638089445314214,123.79322864765884,129.92075988336984,18.92147642141685,14.69595960838378,123.89631853613163,113.45568036523555,5076500.0,0
2024-05-24,115.37000274658205,116.54000091552734,114.45999908447266,115.4000015258789,1628600.0,0.006719060058581361,0.01456584520777527,118.35749969482421,123.65720016479492,125.82309940338135,38.74590861575554,-2.7275032509671746,-2.596547805818572,123.4629060633029,129.7759762302675,26.206285264296913,18.732269356371173,123.56798325604827,113.14701613360016,6705100.0,0
2024-05-28,113.0199966430664,116.2300033569336,112.86000061035156,114.70999908447266,2110800.0,-0.020369299190168055,0.015060344837348746,118.06799964904785,123.36920013427735,125.64499938964843,30.544308997639135,-2.831010050757598,-2.6434402548063773,123.05338020368579,129.60925006522072,3.97349272536849,16.367084803694066,123.79083275225828,112.34516654583742,4594300.0,0
2024-05-29,113.83000183105467,114.7300033569336,112.3499984741211,112.3499984741211,2230200.0,0.007166919235950697,0.01444960839516256,117.84699974060058,123.10080017089844,125.4777993774414,36.29418552244749,-2.815227100545812,-2.6777976239542642,122.69167909103359,129.45224262010464,13.678404793685363,14.619394261116904,123.87355625308155,111.82044322811961,6824500.0,0
2024-05-30,114.79000091552734,117.6999969482422,113.91000366210938,115.12999725341795,3252200.0,0.008433620917422946,0.01460722934338098,117.65849990844727,122.83280014038085,125.3236494064331,37.42964641418584,-2.6941980575952016,-2.6810777106824517,122.38180935866079,129.3063496678203,22.55085499284653,13.400917503966776,123.82536046492945,111.49163935196509,10076700.0,0
2024-05-31,117.9499969482422,118.37000274658205,114.23999786376952,114.30999755859376,2844700.0,0.027528495578985623,0.01589671302298269,117.56699981689454,122.6297999572754,125.19089939117431,43.450607359858054,-2.3165921659774966,-2.608180601741461,122.20801279354635,129.19335113329714,51.75599475108929,29.328418179207045,123.65512581090192,111.47887382288715,12921400.0,0
2024-06-03,120.9800033569336,121.19000244140624,117.5999984741211,117.81999969482422,3673500.0,0.025688906206763118,0.016734222593392002,117.57949981689453,122.50520004272461,125.07454940795898,51.512812674143525,-1.7526372705298172,-2.4370719354991324,122.15985556073801,129.111626279801,79.75975162865004,51.355533790861934,123.69593062742163,111.46306900636742,16594900.0,0
2024-06-04,120.3000030517578,121.88999938964844,120.16000366210938,121.08999633789062,3516100.0,-0.005620766129172283,0.016698993851466115,117.58549995422364,122.39700012207031,124.96514945983887,52.82419531001765,-1.345064231255435,-2.2186703946503927,122.08692016822899,129.02394843673588,73.4750905902484,68.33027898999588,123.71289766516485,111.45810224328243,13078800.0,0
2024-06-05,114.37999725341795,121.91999816894533,112.5500030517578,118.0,8740700.0,-0.049210354515060395,0.019849201526190362,117.22099990844727,122.1616000366211,124.82299945831299,42.86636032539916,-1.4826634324749222,-2.0714690022152986,121.78468789705992,128.87823747968795,18.761541927472646,57.33212804879034,123.1906367499913,111.25136306690324,4338100.0,0
2024-06-06,112.37000274658205,115.87000274658205,111.47000122070312,113.37000274658205,4534800.0,-0.017572954669535457,0.019827364196163082,116.86100006103516,121.8584001159668,124.67594947814942,35.35586018070829,-1.7339140672238216,-2.0039580152170036,121.4154845578255,128.7139764375675,8.612457308232134,33.6163632753177,123.09665399221636,110.62534612985395,-196700.0,0
2024-06-07,111.29000091552734,112.70999908447266,110.72000122070312,112.1999969482422,2337800.0,-0.009611122227079827,0.019633000887465096,116.41800003051758,121.43420013427735,124.52884944915772,39.08630424565425,-1.9971571428835944,-2.0025978407503215,121.01840676793145,128.54060354680095,5.089284376221889,10.821094537308872,122.92289009492544,109.91310996610972,-2534500.0,0
2024-06-10,110.19000244140624,111.95999908447266,109.5500030517578,111.27999877929688,2780700.0,-0.009884072828393986,0.01959318068360599,115.87550010681153,120.97500030517578,124.36869945526124,43.38028350630199,-2.2683912582975694,-2.0557565242597713,120.59376346100889,128.35801050097615,5.17380470715941,6.291848797204459,122.56450937193299,109.18649084169007,-5315200.0,0
2024-06-11,109.63999938964844,111.33000183105467,109.5,110.05999755859376,2115700.0,-0.004991406112821006,0.01942058727923723,115.34750022888184,120.44960021972656,124.29749946594238,39.53682236338095,-2.4989208940664156,-2.1443893982211004,120.16420408566142,128.17176163419677,1.1272094226107754,3.7967661686640057,122.2625187027699,108.43248175499379,-7430900.0,0
2024-06-12,108.87000274658205,111.44000244140624,108.54000091552734,110.0999984741211,3640800.0,-0.007022953733608728,0.019421113682516995,114.84700050354004,119.93240036010742,124.22529949188232,39.80018752668066,-2.7124817837132014,-2.2580078753195205,119.72129422922694,127.97970433183245,2.466381904304212,2.9224653446914473,122.1249769610455,107.56902404603458,-11071700.0,0
2024-06-13,106.52999877929688,108.56999969482422,105.93000030517578,108.56999969482422,2676400.0,-0.021493560285214874,0.01972896169152756,114.23350028991699,119.37920028686523,124.13514949798584,34.19507864126966,-3.0355570788755983,-2.413517716030736,119.20398852530812,127.76627442583708,3.7523361743567345,2.4486425004238885,122.14912254551899,106.31787803431499,-13748100.0,0
2024-06-14,106.02999877929688,106.87000274658205,104.5999984741211,106.47000122070312,1918800.0,-0.00469351361803616,0.019704133981855932,113.47000007629394,118.90500015258789,124.04979949951172,31.512277245844828,-3.29397154569655,-2.589608481963899,118.68736147644493,127.54999307612027,8.256352946721535,4.825023675127475,121.4611061030447,105.47889404954319,-15666900.0,0
2024-06-17,108.6500015258789,109.19000244140624,105.0199966430664,105.69000244140624,2491200.0,0.024710013927620622,0.019962957856984098,113.0370002746582,118.46380004882812,123.97059951782227,41.441455710387984,-3.249891817174287,-2.721665149005977,118.2937395175992,127.36193345870494,23.383389856340948,11.79735965913972,121.09026326249867,104.98373728681773,-13175700.0,0
2024-06-18,107.23999786376952,108.94000244140624,106.0999984741211,108.8499984741211,1935600.0,-0.012977484052529409,0.01902453174632365,112.725,118.04419998168946,123.89499950408936,37.38997165767424,-3.2907995377632773,-2.8354920267574375,117.86025945274315,127.16171519407872,15.242490970928475,15.627411257996968,121.17950442834112,104.27049557165887,-15111300.0,0
2024-06-20,107.58000183105467,108.2699966430664,105.80999755859376,106.58999633789062,2671700.0,0.0031704958416454154,0.017909159276050038,112.36900024414062,117.64919998168945,123.83919952392579,35.868298377012636,-3.258224933566524,-2.920038608119255,117.45711209502988,126.96687227504367,17.205562410166205,18.610481079145192,121.06938427742438,103.66861621085687,-12439600.0,0
2024-06-21,106.87000274658205,108.66999816894533,106.23999786376952,108.01000213623048,5232000.0,-0.006599731106043505,0.017671487640714977,112.02400054931641,117.21200012207031,123.79219955444336,25.975749398763853,-3.2522108551530096,-2.986473057526006,117.04193133626723,126.7669034240142,13.106260464538583,15.184771281877735,121.0322415462705,103.01575955236233,-17671600.0,0
2024-06-24,107.3499984741211,108.45999908447266,106.01000213623048,107.0,4359300.0,0.00449139810239596,0.01771077213838051,111.6615005493164,116.75400009155274,123.74209953308106,16.772310109631064,-3.1721464809210573,-3.0236077422050167,116.66185553775169,126.57370038968692,15.877598432185813,15.396473768963515,120.8155888844071,102.5074122142257,-13312300.0,0
2024-06-25,105.41000366210938,106.88999938964844,104.93000030517578,106.88999938964844,2367100.0,-0.01807167992162939,0.017865683635302474,111.16350059509277,116.3584001159668,123.68634956359864,15.801569895683699,-3.2280255860459874,-3.064491310973211,116.22060644458925,126.36311634264635,4.6767044010418575,11.220187765922065,120.54888092406091,101.77812026612463,-15679400.0,0
2024-06-26,103.43000030517578,105.63999938964844,101.8499984741211,105.12999725341795,5643700.0,-0.01878382779760135,0.017979919921183887,110.68400077819824,115.91980010986327,123.62339958190918,19.293337566655538,-3.3929678810867614,-3.1301866249959214,115.7190140469652,126.13492613331829,11.269624461942817,10.60797576505681,120.63300259310715,100.73499896328933,-21323100.0,0
2024-06-27,105.20999908447266,106.27999877929688,103.04000091552734,103.4499969482422,7071100.0,0.01720969519525184,0.018245424433358103,110.25300064086915,115.54280014038086,123.56969959259033,29.6590875594095,-3.3415356696666976,-3.1724564339300767,115.30689581314196,125.92671790397655,30.93923040067667,15.628519754553764,120.37353397233082,100.13246730940747,-14252000.0,0
2024-06-28,106.7699966430664,107.31999969482422,104.25,105.04000091552734,3212600.0,0.01482746480532926,0.018538222125369565,109.8520004272461,115.20320007324219,123.53294956207276,37.4999894505064,-3.1387153492683666,-3.165708216997735,114.97211545353116,125.73610376207697,48.66466737803912,30.291174080219516,119.85042764848845,99.85357320600374,-11039400.0,0
2024-07-01,107.25,109.36000061035156,106.26000213623048,106.87000274658205,2730200.0,0.004495676426199191,0.018437706238917235,109.31700057983399,114.90360000610352,123.5054995727539,41.580752259759386,-2.9057508378702153,-3.1137167411722313,114.66928739652994,125.55216243111103,56.30864746563401,45.304181748116584,118.61124282240989,100.02275833725808,-8309200.0,0
2024-07-02,107.11000061035156,107.5500030517578,106.41999816894533,107.01000213623048,1953700.0,-0.0013053556144376754,0.017068095186817282,108.62350044250488,114.6052000427246,123.4743495941162,42.58065006904488,-2.701282857597235,-3.0312299644572325,114.37284477746412,125.36865833339203,54.84880041941772,53.27403842103026,116.15652004925731,101.09048083575244,-10262900.0,0
2024-07-03,105.9499969482422,107.66000366210938,105.37000274658205,106.8499984741211,971200.0,-0.010830021991403593,0.01564601341757206,107.9060001373291,114.29039993286133,123.44234958648681,41.628428577490574,-2.602839200997792,-2.9455518117653448,114.04253701945542,125.17543782209702,54.593838986296745,55.250428957116135,113.13861244398842,102.67338783066978,-11234100.0,0
2024-07-05,106.68000030517578,106.9000015258789,105.52999877929688,106.02999877929688,1117500.0,0.006890074355454523,0.015904396308853427,107.521000289917,113.97279998779297,123.42184959411621,50.47378849094715,-2.437815108795604,-2.844004471171397,113.75381008948368,124.99140361794855,64.31425375704399,57.91896438758613,111.79286760379951,103.24913297603449,-10116600.0,0
2024-07-08,106.72000122070312,107.80999755859376,106.0,107.0,1437100.0,0.0003749617117820847,0.012397811951784377,107.23850021362304,113.65940002441407,123.39849960327149,52.24463882758573,-2.277550403879488,-2.7307136577130153,113.47797444757073,124.80959861897098,64.84688896541985,61.25166056958684,110.85759250959872,103.61940791764737,-8679500.0,0
2024-07-09,104.02999877929688,106.41000366210938,103.9000015258789,106.41000366210938,2320700.0,-0.02520616951496435,0.012939647930824364,106.87550010681153,113.30619995117188,123.36214958190918,35.03886096771686,-2.3406189876171766,-2.6526947236938474,113.1074655978345,124.60283643151155,29.027958522925257,52.72970041512968,110.23028082559726,103.5207193880258,-11000200.0,0
2024-07-10,102.4800033569336,104.70999908447266,101.83000183105467,104.43000030517578,3464200.0,-0.01489950437903631,0.013113073156881138,106.4900001525879,112.92100006103516,123.34704959869384,34.724024559008285,-2.4870043334962872,-2.6195566456543355,112.69070237270114,124.3827087392272,8.632159777582515,34.169002421975854,110.00901292072344,102.97098738445236,-14464400.0,0
2024-07-11,106.7300033569336,107.54000091552734,102.75,102.86000061035156,2677900.0,0.04147150527696053,0.01632454929884757,106.34450035095215,112.67940017700195,123.35819961547851,47.819398236822884,-2.2343204382904958,-2.5425094041815677,112.45694947012203,124.20705992945314,65.07307198177868,34.244396760762136,109.54098177490717,103.14801892699712,-11786500.0,0
2024-07-12,107.36000061035156,108.73999786376952,106.58999633789062,107.08000183105467,1852500.0,0.005902719325427963,0.01637746298147558,106.26900024414063,112.46160018920898,123.37299961090088,51.262230715925035,-1.9606301931894876,-2.4261335619831517,112.25706912268005,124.03942749841731,73.43957072743709,49.04826749559941,109.2802831390985,103.25771734918276,-9934000.0,0
2024-07-15,103.83000183105467,106.95999908447266,103.51000213623048,106.83999633789062,2820900.0,-0.03288001824914788,0.017775262176160846,106.13400039672851,112.1670002746582,123.36039962768555,42.16385399254109,-2.005452494171763,-2.341997348420874,111.92659589555748,123.83833868580673,26.5604292725629,55.024357327259544,109.33229800463845,102.93570278881857,-12754900.0,0
2024-07-16,104.81999969482422,105.45999908447266,102.55999755859376,102.94000244140624,2913500.0,0.009534795784559513,0.017367927011993918,106.07350044250488,111.86780029296875,123.35774963378907,48.62853577710394,-1.9387413335104782,-2.261346145438795,111.64790584846992,123.64910148191638,39.707813392882585,46.569271130960836,109.3254096037136,102.82159128129616,-9841400.0,0
2024-07-17,105.33999633789062,105.5,102.38999938964844,102.9499969482422,2945900.0,0.004960853315973512,0.017382675730032143,105.90800018310547,111.56000015258789,123.35024963378906,54.76308346331212,-1.8228996226223018,-2.1736568408754966,111.40053684805504,123.46692133122956,46.613480422950296,37.62724102946524,108.93707686671762,102.87892349949333,-6895500.0,0
2024-07-18,106.66999816894533,108.93000030517578,105.98999786376952,107.88999938964844,4349600.0,0.012625800999542136,0.016704754273339784,105.87950019836425,111.28980010986328,123.35134963989258,53.72448775034442,-1.6052696503878963,-2.0599794027779765,111.21502552730564,123.29978776742574,64.27619020600407,50.19916134061231,108.86623858888636,102.89276180784215,-2545900.0,0
2024-07-19,106.55999755859376,107.52999877929688,105.30999755859376,106.70999908447266,2928000.0,-0.001031223514013191,0.016469024905515342,105.82849998474121,110.98760009765626,123.360849609375,49.42149017405531,-1.4252431436181894,-1.933032150946019,111.03247541088557,123.13322269072096,62.81535849041336,57.90167637312256,108.72649311729069,102.93050685219174,-5473900.0,0
2024-07-22,107.20999908447266,108.56999969482422,106.31999969482422,107.08999633789062,2279300.0,0.006099864309038416,0.0165111207774461,105.84549980163574,110.74040008544922,123.37869960784911,49.890827193794536,-1.216102674499254,-1.7896462556566661,110.88257437847723,122.9747826548379,75.77462548798589,67.62205806146777,108.77305534083082,102.91794426244066,-3194600.0,0
2024-07-23,107.01000213623048,108.1500015258789,106.22000122070312,106.55999755859376,2358400.0,-0.0018654691721859962,0.016449201009129673,105.82849998474121,110.47760009765625,123.38989963531495,49.727969289814546,-1.05434163417182,-1.642585331359697,110.73070880034992,122.81592911733932,72.95776645666152,70.5159168116869,108.72303317582544,102.93396679365699,-5553000.0,0
2024-07-24,103.69000244140624,107.31999969482422,103.33000183105467,107.0,2999000.0,-0.031025134366390095,0.01775867662463264,105.74249992370605,110.13060012817382,123.37629962921143,44.49855100887069,-1.1804337675859387,-1.5501550186049455,110.45460266862663,122.6256213892206,26.197197325198125,58.30986308994849,108.7876736283255,102.69732621908659,-8552000.0,0
2024-07-25,102.62999725341795,106.13999938964844,102.4000015258789,104.19000244140624,2330900.0,-0.010222829231653963,0.017472763476756057,105.70249977111817,109.77920013427735,123.36269962310791,40.29706756274601,-1.3503304823500457,-1.5101901113539657,110.14775539744198,122.42665995503351,11.2675435815824,36.80750245448066,108.8931163383735,102.51188320386284,-10882900.0,0
2024-07-26,103.93000030517578,104.23999786376952,102.62999725341795,102.8499984741211,1878000.0,0.012666891615984444,0.017229803179927193,105.63849983215331,109.4802001953125,123.35879962921143,43.696336959335994,-1.3643481153458055,-1.481021712152334,109.90392186441194,122.24261359035833,29.577449654044635,22.34739685360837,108.92074679880928,102.35625286549735,-9004900.0,0
2024-07-29,103.73999786376952,104.4800033569336,102.5,103.73999786376952,1841500.0,-0.001828177050402613,0.016794886850926515,105.48699989318848,109.17900009155274,123.33689960479737,49.26133225648602,-1.3749393545817838,-1.4598052406382238,109.66219935458282,122.05850796123805,26.90135835488722,22.582117196838066,108.82852238021857,102.14547740615839,-10846400.0,0
2024-07-30,105.33000183105467,105.43000030517578,103.08999633789062,103.52999877929688,2849500.0,0.015326817042864649,0.016818063090431247,105.39099998474121,108.85960006713867,123.32839962005615,57.24452881036164,-1.2407305861703293,-1.415990309744645,109.49230925562094,121.89205516392279,44.95415947765464,33.810989162195476,108.62794392651121,102.15405604297122,-7996900.0,0
2024-07-31,104.33999633789062,106.25,104.23999786376952,105.0,2174900.0,-0.009399083603472969,0.01688440919206736,105.25249977111817,108.60020004272461,123.31274959564209,42.71783859076209,-1.2004166834659458,-1.3728755844889051,109.29025776865112,121.71740781241998,29.816462924530832,33.89066025235755,108.41596150661053,102.0890380356258,-10171800.0,0
2024-08-01,99.75,104.52999877929688,99.66999816894533,104.23999786376952,2820500.0,-0.043990765756082184,0.01929795562512769,104.94249992370605,108.32559997558593,123.27179958343505,31.32057748157453,-1.5213053087747,-1.402561529346064,108.91613001301774,121.49882664015709,0.8639504600291625,25.21152428740486,108.92680020653442,100.95819964087768,-12992300.0,0
2024-08-02,99.52999877929688,101.45999908447266,98.26000213623048,101.12000274658205,3532200.0,-0.002205526022086457,0.01921920070719851,104.5849998474121,108.02220001220704,123.21894958496094,37.39742139180452,-1.7729269181891993,-1.4766346071146912,108.54804643522476,121.280231338059,11.902501040372043,14.19430480831066,109.15319001085228,100.01680968397193,-16524500.0,0
2024-08-05,96.5,99.3499984741211,95.44000244140624,98.93000030517578,3474800.0,-0.030443070596391286,0.019989725538363864,104.07399978637696,107.6768000793457,123.12459957122803,28.219911746742667,-2.19157136473207,-1.619621958638167,108.07557402600027,121.03366187200866,7.857655496303884,6.87470233223501,109.7810828633514,98.36691670940252,-19999300.0,0
2024-08-06,96.58000183105467,98.30999755859376,96.16000366210938,96.37999725341795,2004400.0,0.0008290345187011994,0.01999558997046258,103.70149993896484,107.31640014648437,123.0387495803833,26.52736970961719,-2.4882120657885736,-1.7933399800682484,107.6247672732573,120.79034187160116,8.4507010391022,9.403619191926023,110.3203602871212,97.08263959080848,-17994900.0,0
2024-08-07,95.02999877929688,98.95999908447266,94.93000030517578,97.2699966430664,1413700.0,-0.01604890269591408,0.01961893433557971,103.32899971008301,106.90960006713867,122.94834957122802,19.17376331606748,-2.8159141454939913,-1.9978548131533969,107.13085478329808,120.53402004978719,0.7331266759218759,5.680494403775968,110.99329812638011,95.66470129378591,-19408600.0,0
2024-08-08,94.93000030517578,96.61000061035156,94.48999786376952,95.0,1477100.0,-0.0010522832306179009,0.019470495780419123,102.73899955749512,106.54780014038086,122.87034957885743,19.18392645383892,-3.048547685700271,-2.2079933876627718,106.65238990180309,120.27925368416916,3.125016933135616,4.102948216053211,111.08716475286253,94.3908343621277,-20885700.0,0
2024-08-09,95.0500030517578,95.6999969482422,94.29000091552734,94.5999984741211,1886500.0,0.0012641182576238474,0.01659642615495365,102.12349967956543,106.17220016479492,122.80074958801269,16.84846432596194,-3.186496278035392,-2.403693965737296,106.19739433905622,120.02821636444368,5.483420654850728,3.1138547546360544,110.84403273489922,93.40296662423164,-18999200.0,0
2024-08-12,93.9000015258789,95.22000122070312,92.27999877929688,95.05999755859376,2217600.0,-0.01209891098322935,0.01644928574514494,101.62699966430664,105.75440017700195,122.73009960174561,16.018702870056757,-3.350000325057124,-2.5929552376012617,105.71514364050024,119.76823412724404,10.771294201914145,6.4599105966334776,111.04154704858234,92.21245228003093,-21216800.0,0
2024-08-13,92.4499969482422,94.05999755859376,91.4000015258789,93.5999984741211,2685900.0,-0.015442008030607801,0.015446131808642726,101.00849952697754,105.24440017700195,122.65084957122802,17.73826927776642,-3.5555950253550463,-2.7854831951520187,105.19494180943131,119.4964108717316,7.070676971402451,7.77513060938909,111.137991309308,90.87900774464708,-23902700.0,0
2024-08-14,92.37000274658205,93.19000244140624,91.62999725341795,92.9800033569336,2312200.0,-0.000865269922128209,0.01510642104800107,100.35999984741211,104.67220016479492,122.56859958648681,18.795670740932195,-3.6825351966570423,-2.9648935954530233,104.69200302265291,119.22649636302366,6.531995423390435,8.124655532235659,110.97113692833808,89.74886276648614,-26214900.0,0
2024-08-15,97.19000244140624,100.66000366210938,95.41999816894533,97.36000061035156,3514000.0,0.05218143933640351,0.019637589703033732,99.88600006103516,104.2100001525879,122.513349609375,33.11624994887609,-3.3555221335981997,-3.043019303082059,104.39780692142756,119.00722776678866,38.98990916138808,17.530860518726968,110.15164416367794,89.62035595839238,-22700900.0,0
2024-08-16,98.77999877929688,98.9499969482422,96.08000183105467,96.73999786376952,1901400.0,0.01635966969801461,0.01980842663405928,99.49700012207032,103.89800018310547,122.45799961090088,38.38951973051386,-2.934238434633741,-3.0212631293923957,104.17750071977538,118.80596180671412,49.696956307968634,31.739620297582366,109.27588133229594,89.7181189118447,-20799500.0,0
2024-08-19,100.51000213623048,101.16999816894533,99.06999969482422,99.06999969482422,2305600.0,0.017513700934527643,0.020328953088254217,99.1620002746582,103.66080017089844,122.40509963989258,38.790702361811334,-2.4327282780870263,-2.903556159131322,104.03367724591087,118.62391245675907,61.34681176046893,50.01122574327519,108.26396398781196,90.06003656150443,-18493900.0,0
2024-08-20,99.19000244140624,100.54000091552734,98.79000091552734,99.6999969482422,1279100.0,-0.013133018274490982,0.02035143441901662,98.771000289917,103.41880020141602,122.34359966278076,38.204320969963966,-2.117382937039693,-2.7463215147129962,103.84372921436167,118.43054021780034,59.32979851537635,56.79118886127129,107.09179620907992,90.45020437075408,-19773000.0,0
2024-08-21,99.9800033569336,104.16999816894533,98.98999786376952,103.5,2988300.0,0.00796452158567118,0.020503365561048363,98.58550033569335,103.21460021972656,122.27344966888428,50.6378349283967,-1.7831677627635116,-2.5536907643230995,103.69221055328606,118.24695278634894,67.1887555719388,62.62178861592801,106.60450688984909,90.56649378153762,-16784700.0,0
2024-08-22,97.95999908447266,100.0999984741211,97.7699966430664,100.0999984741211,1637700.0,-0.020204082862944284,0.019891486824773392,98.3520004272461,102.98100021362305,122.18149967193604,46.04135414570636,-1.6621372090652216,-2.375380053271524,103.46741794666593,118.04509255050938,51.37039375930891,59.29631594887467,106.14388644178531,90.56011441270688,-18422400.0,0
2024-08-23,97.0,98.5999984741211,96.94000244140624,98.31999969482422,2164000.0,-0.009799909079672764,0.019883506011991316,98.0055004119873,102.74360015869141,122.09154968261718,51.407656883634615,-1.6249520901533856,-2.2252944606478966,103.21379371346335,117.83568864453416,43.85277953194812,54.13730962106526,105.35685751845804,90.65414330551656,-20586400.0,0
2024-08-26,96.5500030517578,98.2300033569336,96.12999725341795,98.01000213623048,2170200.0,-0.004639143796311362,0.019579980329469216,97.64600067138672,102.54400024414062,121.9926496887207,49.91726759178837,-1.6131976698953139,-2.10287510249738,102.9524685894749,117.62389077793937,40.328918400108826,45.1840305637886,104.50320363007232,90.78879771270111,-22756600.0,0
2024-08-27,95.4000015258789,96.91999816894533,95.01000213623048,96.37999725341795,3161500.0,-0.011910942408385083,0.01966501853621273,97.14950065612793,102.33140029907227,121.89579971313476,51.04343676403573,-1.6773423607045856,-2.0177685541388213,102.65629341051036,117.4027575515507,31.32342248634681,38.50170680613457,103.03295197076672,91.26604934148914,-25918100.0,0
2024-08-28,94.45999908447266,96.16000366210938,94.1999969482422,95.22000122070312,2656000.0,-0.0098532749095529,0.019202720064792594,96.65550079345704,102.04760025024414,121.80004970550537,48.734515252209526,-1.783469109676389,-1.9709086652463348,102.33487010360693,117.17447139764944,23.962399083755454,31.871579990070348,101.57743281214564,91.73356877476843,-28574100.0,0
2024-08-29,84.79000091552734,88.94999694824219,84.7699966430664,86.06999969482422,6501700.0,-0.10237135573437528,0.02865775580269924,95.90750083923339,101.5986003112793,121.65359970092773,31.756754740222163,-2.617688278505483,-2.1002645878981645,101.64683601779988,116.85223786051391,0.10311479838933262,18.462978789497182,102.94267268342654,88.87232899504025,-35075800.0,1
2024-08-30,84.48999786376953,85.4000015258789,83.72000122070312,85.01000213623047,5093500.0,-0.0035381890378406444,0.027556630989978438,95.15550079345704,101.13680023193359,121.51474967956543,32.74660398272799,-3.2653794573180193,-2.333287561782136,100.97401883528889,116.53022552223786,3.7652653201622703,9.276926400769,103.62863611273562,86.68236547417845,-40169300.0,0
2024-09-03,81.6500015258789,85.22000122070312,81.55000305175781,84.48999786376953,6972800.0,-0.033613402884324795,0.02810185250432864,94.41300086975097,100.63240020751954,121.33944969177246,31.158414310254457,-3.962169923999241,-2.659064034225557,100.21621423491987,116.18315861680145,0.44207999870482373,1.4368200390854566,104.780828787989,84.04517295151295,-47142100.0,0
2024-09-04,63.560001373291016,73.5,60.81999969482422,72.79000091552734,30925200.0,-0.22155541720172878,0.05421108949799707,92.76200084686279,99.75660026550293,121.0636496925354,19.134347387226754,-5.906012382443123,-3.3084537038690707,98.7787156913266,115.6595451118909,6.320649999797603,3.5093317728882134,109.95001367114293,75.57398802258265,-78067300.0,1
2024-09-05,68.47000122070312,68.62999725341797,62.150001525878906,63.09000015258789,20774900.0,0.07724983859857781,0.05797904679854165,91.4340009689331,99.0178002166748,120.8374997138977,19.289991543381134,-6.969979991601974,-4.040758961415651,97.59013865326294,115.18999741148107,17.647062964594497,8.136597654365623,111.71086222155773,71.15713971630848,-57292400.0,1
2024-09-06,66.5,69.12999725341797,65.72000122070312,68.2699966430664,7538300.0,-0.028771742158337554,0.05806292792221785,90.01250095367432,98.27920021057129,120.5949997138977,15.761567699537238,-7.881293970895314,-4.808865963311584,96.37091752960558,114.70551982529719,13.102653991018252,12.356788985136767,113.05496465061783,66.9700372567308,-64830700.0,1
2024-09-09,67.41999816894531,68.63999938964844,65.52999877929688,66.20999908447266,6447500.0,0.013834558931508534,0.058332785404429696,88.6310007095337,97.52340019226074,120.35409971237182,14.28879488506179,-8.43208092158369,-5.533508954966006,95.2355873585993,114.23501712224892,15.224910510806897,15.324875822139864,113.63167766465111,63.630323754416274,-58383200.0,1
2024-09-10,65.38999938964844,68.01000213623047,64.37999725341797,67.22000122070312,5944600.0,-0.030109742427016584,0.058314551357496275,87.20550060272217,96.69580024719238,120.10069971084594,14.07312670714596,-8.929454293587327,-6.212698022690271,94.06517214413064,113.74899704530763,10.542098859709066,12.956554453844722,114.11920887144083,60.2917923340035,-64327800.0,1
2024-09-11,66.58000183105469,67.37000274658203,64.9800033569336,65.5,5143400.0,0.018198538805838105,0.05878482906977962,85.9120008468628,95.88240028381348,119.8557497215271,14.79763932650333,-9.122445153323156,-6.794647448816848,92.9873223279316,113.27965380934492,14.663957014342795,13.476988794952902,114.21522798653268,57.60877370719291,-59184400.0,1
2024-09-12,67.88999938964844,70.04000091552734,66.4800033569336,66.4800033569336,4672600.0,0.01967554104185587,0.05925150015729185,84.68800067901611,95.09800025939941,119.60859972000122,17.825805217115317,-9.06518809968621,-7.248755578990721,92.00311358525383,112.82801545691014,18.713604878935357,14.639886917662388,113.91746809493984,55.45853326309239,-54511800.0,1
2024-09-13,69.69999694824219,70.79000091552734,68.73999786376953,69.33000183105469,5029100.0,0.02666073906121924,0.059828812072523975,83.31350040435791,94.37300025939942,119.37534971237183,21.311468706730878,-8.772634328206081,-7.5535313288337935,91.12848156027297,112.39888094438608,23.73695905946155,19.03817365091322,112.65279890493846,53.97420190377736,-49482700.0,1
2024-09-16,71.91000366210938,72.08999633789062,69.62999725341797,69.87000274658203,4904500.0,0.03170741478666472,0.05890013727477087,81.97000064849854,93.67760032653808,119.15469972610474,25.030403923370216,-8.267155660234167,-7.696256195113868,90.37481576034499,111.99600654356742,30.720233894844103,24.390265944413652,110.78337805148499,53.15662324551209,-44578200.0,1
2024-09-17,73.5,73.58999633789062,71.5,72.44999694824219,4211000.0,0.022110919996078726,0.05905370357015186,80.61950054168702,93.01320030212402,118.91659971237182,28.003212070199027,-7.650075449994432,-7.687020046089981,89.71305827954714,111.6129617023379,35.88001947287237,30.11240414239266,108.28301690128178,52.95598418209225,-40367200.0,1
2024-09-18,75.66999816894531,76.5999984741211,73.22000122070312,73.33999633789062,4598800.0,0.029523784611500847,0.05941214173738472,79.44350032806396,92.446000289917,118.6769997215271,31.58203985592543,-6.9063224347626,-7.530880523824505,89.1623500399157,111.25532027414494,52.7906147318117,39.79695603317604,105.74942383719794,53.137576818929986,-35768400.0,1
2024-09-19,73.87999725341797,76.9800033569336,73.6500015258789,76.95999908447266,4470400.0,-0.02365535825084708,0.059470492132254985,78.13850002288818,91.87400016784667,118.41564970016479,37.352185999449866,-6.387697525095817,-7.302243924078768,88.56304208750402,110.88342651274468,53.13261426243501,47.26774948903968,102.685562230225,53.59143781555135,-40238800.0,1
2024-09-20,71.7300033569336,73.69999694824219,71.0,73.69000244140625,7963300.0,-0.02910116373055105,0.05939670141906639,76.82700023651122,91.17400016784669,118.13319971084594,35.81592053893597,-6.080082678494151,-7.057811674961845,87.9029229215993,110.49384021268685,44.71312696656231,50.21211865360299,99.65785710300683,53.996143370015616,-48202100.0,1
2024-09-23,71.76000213623047,73.4000015258789,70.79000091552734,71.16999816894531,4143000.0,0.0004182180104970179,0.05945627325277095,75.56500034332275,90.46200019836425,117.85319971084594,38.27365234956276,-5.7673921390361755,-6.7997277677767105,87.26986720452601,110.10842888854302,67.69801956825945,55.18125359908557,96.40423356317866,54.72576712346684,-44059100.0,1
2024-09-24,71.29000091552734,71.95999908447266,70.87999725341797,71.95999908447266,3850100.0,-0.006549626626416005,0.05946879906094379,74.30200023651123,89.81120018005372,117.5794997215271,65.74338530491096,-5.4941743819780555,-6.53861709061698,86.64320578142802,109.72217587388614,61.631815651626354,58.01432072881602,92.70567087552047,55.89832959750199,-47909200.0,1
2024-09-25,70.55000305175781,71.5999984741211,69.9800033569336,71.43000030517578,3268700.0,-0.01038010736802164,0.05944317477699851,73.05950031280517,89.12580024719239,117.29854974746704,55.103049288609135,-5.276534380458557,-6.286200548585295,86.0120997920292,109.33240300998438,48.968276266297224,59.43270382872766,88.59809331934309,57.52090730626725,-51177900.0,1
2024-09-26,72.87999725341797,73.30000305175781,71.0,71.11000061035156,3574700.0,0.03302613892094097,0.060285459615355544,71.98050022125244,88.47660026550292,117.04089971542358,65.38091273973848,-4.860018780497924,-6.000964194967821,85.49711537875034,108.96969250494392,67.46028478215062,59.35345890002471,83.8183827193064,60.142617723198484,-47603200.0,1
2024-09-27,73.12000274658203,74.86000061035156,72.86000061035156,72.98999786376953,3699400.0,0.003293160019333108,0.060364141450070574,71.39700031280518,87.80560035705567,116.77314973831177,64.20739640885816,-4.459158327735082,-5.692603021521274,85.01173841278296,108.61297917401495,69.36508936075393,61.93121680306724,81.61616867720416,61.177831948406194,-43903800.0,1
2024-09-30,70.31999969482422,73.05999755859375,69.8499984741211,72.77999877929688,4112100.0,-0.038293256928094155,0.05699701630409568,70.68850040435791,87.08080039978027,116.48999975204468,61.833897449627855,-4.31763931812965,-5.41761028084295,84.43559179639243,108.23195450258022,44.499969482421875,60.441781208442116,78.84155037084118,62.535450437874644,-48015900.0,1
2024-10-01,70.44000244140625,71.31999969482422,68.31999969482422,70.36000061035156,3035500.0,0.0017065237073778938,0.05702505591657507,70.12800045013428,86.34540046691895,116.18979978561401,59.76721073737192,-4.147985865655841,-5.163685397805528,83.88674515502042,107.85591517858845,37.71427699497768,50.52644527938448,76.44201332489686,63.813987575371705,-44980400.0,1
2024-10-02,69.48999786376953,70.44000244140625,69.30000305175781,70.12999725341797,2255200.0,-0.0134867198283668,0.05672173355386946,70.4245002746582,85.59500038146973,115.88804979324341,54.123707083184385,-4.043579840815113,-4.939664286407446,83.32216682987332,107.47416475754548,13.510365752666763,31.90820407668875,75.94722454092211,64.9017760083943,-47235600.0,1
2024-10-03,69.08000183105469,69.52999877929688,68.31999969482422,69.52999877929688,2381500.0,-0.005900072604961282,0.027962018351689124,70.45500030517579,84.90280036926269,115.57939981460571,48.277791341145836,-3.9484058029847944,-4.741412589722915,82.76365055540985,107.0921332856401,8.776002480873663,20.000215076172683,75.93887715609671,64.97112345425487,-49617100.0,0
2024-10-04,70.9000015258789,71.62000274658203,69.79000091552734,70.22000122070312,3408500.0,0.026346260083711215,0.02311127033585154,70.67500038146973,84.26820045471192,115.28189985275269,47.132303978421064,-3.6836580107615617,-4.529861673930645,82.29840941699688,106.73201257161263,29.79215635142421,17.359508194988194,75.8342393757893,65.51576138715016,-46208600.0,0
2024-10-07,69.45999908447266,71.45999908447266,68.94000244140625,71.44999694824219,2694800.0,-0.020310330189212245,0.022617984818175566,70.7770004272461,83.57880043029785,114.96119981765747,38.43069551154743,-3.5491275077841635,-4.333714840701349,81.79494234513318,106.36114676577044,13.163959671707117,17.244039501334978,75.7422990998508,65.81170175464139,-48903400.0,0
2024-10-08,69.4800033569336,70.58999633789062,68.79000091552734,69.3499984741211,2464700.0,0.0002879970159028744,0.02246582322618708,70.98150062561035,82.89360054016113,114.63654981613159,29.784478398256255,-3.401684436619419,-4.147308759884964,81.31200356128221,105.99417021443874,13.39495579181805,18.783690604983107,75.3084886728006,66.6545125784201,-46438700.0,0
2024-10-09,69.62999725341797,69.76000213623047,68.75,69.3499984741211,2255600.0,0.002158806695990334,0.021254015600825366,71.13400039672851,82.1796004486084,114.31304979324341,34.45500889072942,-3.2354354012395277,-3.964934088155877,80.85388566685617,105.63233764766241,20.03054090533136,15.529818789618824,74.9980497462895,67.26995104716752,-44183100.0,0
2024-10-10,69.36000061035156,69.72000122070312,68.63999938964844,69.37000274658203,2690700.0,-0.0038775908906582,0.021020337117675703,71.20750045776367,81.48000053405762,113.9770498085022,39.94909854730904,-3.089850443038472,-3.789917359132396,80.40314507640501,105.27141887117176,15.902152445547246,16.4425497142322,74.86197587015548,67.55302504537187,-46873800.0,0
2024-10-11,68.94000244140625,70.08000183105469,68.77999877929688,69.47000122070312,2519600.0,-0.00605533686922477,0.020695729796079376,71.16950073242188,80.86380058288574,113.62169984817506,38.42364686302231,-2.974080310426004,-3.6267499493911175,79.95361007111094,104.90991224002983,9.480162993708667,15.137618781529072,74.90488645630444,67.43411500853932,-49393400.0,0
2024-10-14,66.80000305175781,68.76000213623047,66.76000213623047,68.7300033569336,3515800.0,-0.031041475396918816,0.02093844656966772,70.9140007019043,80.20920066833496,113.24649988174438,33.790619644618914,-3.020196763987329,-3.5054393123103598,79.4377823448618,104.53070916352961,0.4938385563299026,8.625384665195254,75.10712329127168,66.72087811253692,-52909200.0,0
2024-10-15,67.7300033569336,68.79000091552734,66.25,66.76000213623047,2827800.0,0.013922159621088559,0.019846016363396866,70.62550086975098,79.63380073547363,112.87369993209839,39.95726669894486,-2.947721633299281,-3.393895776508144,78.97865375709992,104.16453298634956,17.189352520535564,9.054451356858026,74.86321673029693,66.38778500920503,-50081400.0,0
2024-10-16,68.0199966430664,69.16999816894531,67.38999938964844,67.91999816894531,2541300.0,0.004281607437763846,0.019100709894908766,70.24300079345703,79.06260063171386,112.50354990005494,29.749997456868485,-2.8342134866208255,-3.2819593185306806,78.54890249772606,103.80488585855569,20.557450843132216,12.74688063999921,73.90553350216913,66.58046808474492,-47540100.0,0
2024-10-17,67.86000061035156,68.44000244140625,66.95999908447266,68.05000305175781,3306800.0,-0.0023521911292413433,0.017547847453270045,69.9420009613037,78.51920066833496,112.13014993667602,27.93621513885573,-2.7257470895637397,-3.1707168727372923,78.12972987469176,103.44722530882233,23.64172081559489,20.46284139308754,73.32480955445835,66.55919236814906,-50846900.0,0
2024-10-18,68.19999694824219,69.05999755859375,67.30999755859375,67.91000366210938,3448100.0,0.005010261344423839,0.017136405399631738,69.76550064086913,77.98460060119629,111.78754991531372,38.794892329380716,-2.5825814342649096,-3.053089785042816,77.74032858345845,103.0965066186673,36.312773759442614,26.837315139389887,73.12378026145187,66.4072210202864,-47398800.0,0
2024-10-21,67.30999755859375,68.62000274658203,66.93000030517578,68.02999877929688,3254400.0,-0.013049845006941396,0.016281633116011808,69.54300041198731,77.42980049133301,111.44319993972778,34.701804209822924,-2.511980585164963,-2.9448679450672457,77.33129599424807,102.7404219514029,19.73923680520333,26.564577126746926,72.93438366285059,66.15161716112402,-50653200.0,0
2024-10-22,66.94000244140625,67.16999816894531,65.05000305175781,67.11000061035156,4171600.0,-0.005496882047357321,0.01627256801592076,69.32550048828125,76.89060050964355,111.09644998550415,36.787548790717565,-2.457555250230783,-2.8474054060999534,76.92379428629349,102.38419887170144,28.767115333922472,28.273041966189453,72.80202310122175,65.84897787534075,-54824800.0,0
2024-10-23,66.12999725341797,66.98999786376953,65.6500015258789,66.98999786376953,3468000.0,-0.012100465468272037,0.016374817229813623,69.10450019836426,76.36420051574707,110.73924993515014,35.323331341842334,-2.4515237891363455,-2.768229082707232,76.5005081281415,102.02346054714141,16.4382686731472,21.648206937424316,72.80782748907428,65.40117290765424,-58292800.0,0
2024-10-24,66.94999694824219,67.0,65.97000122070312,66.51000213623047,2384500.0,0.01239981443945748,0.016644626047319214,68.80800018310546,75.85580039978028,110.3837999534607,28.176722455507033,-2.3534476113226788,-2.6852727884303214,76.12597827794939,101.67447085959017,29.641108774285236,24.94883092711828,72.17263883316994,65.44336153304099,-55908300.0,0
2024-10-25,66.44999694824219,68.0999984741211,66.12000274658203,67.55999755859375,2262400.0,-0.007468260235867441,0.014554744303768356,68.47449989318848,75.241000289917,110.02794996261596,31.44259923179031,-2.2896734251572894,-2.606152915775715,75.74652802972557,101.32397858186532,25.270678576248592,23.783352007893654,71.32207068420797,65.62692910216899,-58170700.0,0
2024-10-28,66.26000213623047,67.12000274658203,65.76000213623047,66.5,2799800.0,-0.0028592147590270622,0.014456122576608055,68.2715000152588,74.59060035705566,109.6831499671936,30.555473650845144,-2.2287710315396794,-2.530676538928508,75.37450740645124,100.97508329384905,24.055653640572007,26.32248033036859,71.14387603469191,65.39912399582568,-60970500.0,0
2024-10-29,64.5,66.30000305175781,64.45999908447266,65.62000274658203,4538700.0,-0.026562059756833456,0.01326586122035016,67.97449989318848,73.87040031433105,109.32684999465943,24.0646640937006,-2.2960554117204452,-2.483752313486896,74.94805613561002,100.61214714167144,0.711759714916002,16.679363977245515,71.11833972199045,64.8306600643865,-65509200.0,0
2024-10-30,63.310001373291016,65.27999877929688,63.25,64.31999969482422,4656600.0,-0.01844959111176725,0.013556702228953235,67.66550006866456,73.15280029296875,108.96359996795654,22.016599082988705,-2.417533885938923,-2.4705086279773014,74.49166183120535,100.24098151213532,0.8784971772364844,8.548636844241479,71.35043116537656,63.98056897195255,-70165800.0,0
2024-10-31,64.63999938964844,65.13999938964844,62.79999923706055,63.59999847412109,6000200.0,0.021007707905666084,0.014529445798603267,67.44349994659424,72.44600021362305,108.60979999542236,31.655243167871078,-2.3790623771307082,-2.4522193778079826,74.10532212761488,99.88674288405088,28.88540755286231,10.158554815004914,71.30057996240217,63.58641993078632,-64165600.0,0
2024-11-01,66.5999984741211,66.7300033569336,63.560001373291016,64.76000213623047,4638400.0,0.030321768301045715,0.016257415813559287,67.22849979400635,71.81880020141601,108.28025001525879,49.13342738971074,-2.1654558563443373,-2.3948666735152537,73.81099570983082,99.5555314968874,59.65462910895963,29.80617794635279,70.73805531943606,63.71894426857664,-59527200.0,0
2024-11-04,66.80999755859375,70.37000274658203,66.69999694824219,67.02999877929688,7128200.0,0.0031531394787382983,0.015002368723953895,67.0959997177124,71.21500015258789,107.96190002441406,45.74857777063255,-1.9566706967806198,-2.307227478168327,73.53644676272349,99.22970528854617,52.97221218576005,47.17074961586064,70.44735716671534,63.74464226870946,-52399000.0,0
2024-11-05,66.7699966430664,67.52999877929688,65.62999725341797,67.22000122070312,6030600.0,-0.0005987264928765113,0.014453241937651778,66.96049938201904,70.61940002441406,107.64064998626709,44.08703008237881,-1.7739852949789707,-2.200579041530456,73.2710957776389,98.90672311296926,52.44379875138012,55.02354668203325,70.11963591963219,63.80136284440589,-58429600.0,0
2024-11-06,62.40999984741211,64.48999786376953,60.52000045776367,64.13999938964844,9838900.0,-0.0652987421725002,0.020004388997060484,66.59949951171875,69.95959999084472,107.29570001602173,31.550419010176753,-1.9584453622238414,-2.152152305669133,72.84517044704177,98.54357163769009,19.187806603800986,41.53460584698036,70.10528694943147,63.09371207400602,-68268500.0,0
2024-11-07,63.540000915527344,64.1500015258789,62.34000015258789,62.52000045776367,5790200.0,0.018106089903509037,0.020580255629067006,66.30849952697754,69.34120002746582,106.96260000228882,35.025709997504265,-1.990504356913931,-2.119822715918093,72.48026183796277,98.19527740164868,30.65989600014562,34.09716711844222,69.81568424063629,62.8013148133188,-62478300.0,0
2024-11-08,61.40999984741211,63.81999969482422,60.86000061035156,63.0,5127800.0,-0.033522207073099386,0.021554749339740435,65.93199939727783,68.87360000610352,106.60850002288818,32.4404742306853,-2.1628526076812875,-2.128428694270732,72.04613391676472,97.82925473941748,9.0355246989004,19.627742434282315,69.84317317434439,62.02082562021128,-67606100.0,0
2024-11-11,61.209999084472656,62.93999862670898,60.88999938964844,61.20000076293945,4318600.0,-0.003256810998801596,0.021560150854600647,65.65249919891357,68.40800003051758,106.25090003967286,32.77208567861939,-2.289189872332585,-2.1605809298831025,71.62118745275326,97.4648840363832,7.0050605723438775,15.56682709046328,70.06882133832933,61.23617705949782,-71924700.0,0
2024-11-12,62.27000045776367,62.369998931884766,60.4900016784668,61.16999816894531,3559700.0,0.01731745448694033,0.021267497416070345,65.37949905395507,68.02040000915527,105.893300075531,38.566355758172506,-2.2775259117560225,-2.1839699262576864,71.25447423726348,97.11468618982977,18.016180028980884,11.352255100075036,69.9281419634286,60.83085614448154,-68365000.0,0
2024-11-13,65.1500015258789,65.20999908447266,61.84999847412109,62.43000030517578,4844800.0,0.046250217551687234,0.023604309231678177,65.2359992980957,68.05220001220704,105.56255006790161,45.248162842099276,-2.012689094910428,-2.1497137599882348,71.01508315054252,96.79662962600936,47.16598525936271,24.062408620229135,69.61169344474146,60.86030515144995,-63520200.0,0
2024-11-14,65.66999816894531,66.58999633789062,64.19999694824219,65.22000122070312,3831800.0,0.007981529253838104,0.023663977059215878,65.12649917602539,67.99619995117187,105.2378000831604,47.943040266803585,-1.7407780207849584,-2.0679266121475797,70.80547197479362,96.48691190006842,52.42910860804878,39.2037579654641,69.3320090482917,60.920989303759086,-59688400.0,0
2024-11-15,64.19999694824219,66.38999938964844,64.0999984741211,66.12000274658203,19883700.0,-0.022384669737942398,0.024103825957444557,64.92649917602539,67.95019989013672,104.88065004348755,44.911053840386565,-1.6251694074289418,-1.979375171203852,70.54643373845828,96.16564906472688,37.55055535113551,45.715216406182314,68.89007029121362,60.962928060837164,-79572100.0,0
2024-11-18,66.52999877929688,68.4800033569336,64.37999725341797,64.62999725341797,5000100.0,0.03629286513725427,0.025507676701561236,64.88749923706055,67.93239990234375,104.51975000381469,54.877460397535124,-1.3302033174797998,-1.8495408004590417,70.38892648515782,95.87076697233454,61.13356728596288,50.3710770817157,68.76677568784591,61.00822278627519,-74572000.0,0
2024-11-19,64.87000274658203,67.23999786376953,64.72000122070312,66.52999877929688,3520500.0,-0.024951090683491883,0.025920741861114715,64.78399925231933,67.92199996948243,104.15829999923706,53.665417627885155,-1.2163668528361598,-1.7229060109344654,70.17249810325289,95.5623016566554,44.33198982387143,47.672037486989915,68.54123855935785,61.02675994528081,-78092500.0,0
2024-11-20,63.18000030517578,64.25,61.70000076293945,64.0199966430664,6029700.0,-0.02605214074074158,0.02646423528686207,64.63649940490723,67.85399993896485,103.78540002822876,46.6266193954445,-1.2481320185655846,-1.6279512124606894,69.8982825033283,95.24008970290934,27.226703804619568,44.23075363815127,68.40286026619759,60.870138543616854,-84122200.0,0
2024-11-21,65.76000213623047,65.87000274658203,62.869998931884766,63.38999938964844,4060300.0,0.04083573628668269,0.027973454470624066,64.57699966430664,67.81139999389649,103.41505002975464,48.11321595400154,-1.0529834180863844,-1.5129576535858287,69.73599699873623,94.94675549826579,53.34007983836187,41.63292448895094,68.22522014686866,60.92877918174462,-80061900.0,0
2024-11-22,66.4000015258789,67.38999938964844,65.76000213623047,65.80000305175781,3013300.0,0.009732350499663811,0.027920854549179676,64.57449989318847,67.74540008544922,103.04255006790162,49.096527129572586,-0.8370353220342963,-1.3777731872755223,69.60517364685947,94.66270819505796,73.96744187600947,51.51140850633029,68.21738126459395,60.93161852178299,-77048600.0,0
2024-11-25,69.77999877929688,70.9000015258789,67.16000366210938,67.16000366210938,4374700.0,0.050903571923874624,0.029972387021716815,64.7504997253418,67.70279998779297,102.69395006179809,55.78179461657235,-0.38867694369194794,-1.1799539385588076,69.61202953440603,94.41511904664243,89.24108777138493,72.18286982858541,69.02212111805478,60.47887833262882,-72673900.0,0
2024-11-26,69.12000274658203,69.38999938964844,67.79000091552734,69.05000305175781,3182200.0,-0.00945824081772062,0.03006868832100414,64.9814998626709,67.61520004272461,102.32540006637574,65.02463836820459,-0.08561890123354488,-0.9610869310937551,69.59273436625608,94.16342634713935,82.90106815189458,82.03653259976296,69.674936367185,60.28806335815681,-75856100.0,0
2024-11-27,71.5,71.86000061035156,69.75,69.9800033569336,3148200.0,0.03443282926570279,0.030072443184227467,65.39099979400635,67.5318000793457,101.98385007858276,66.87871298100708,0.34265278075135086,-0.700338988724734,69.66752909699113,93.93791961731708,96.83376742154287,89.65864111494078,70.83889224056679,59.94310734744591,-72707900.0,0
2024-11-29,71.2699966430664,72.27999877929688,70.48999786376953,71.81999969482422,2164200.0,-0.0032168301669034394,0.029650411906309238,65.72249965667724,67.47960006713868,101.64080003738404,72.7398486895158,0.6559405512034715,-0.42908308073909285,69.7303709615431,93.71236814493648,91.43339792543834,90.38941116629191,71.75362134137097,59.69137797198351,-74872100.0,0
2024-12-02,72.80999755859375,73.76000213623047,70.80000305175781,71.77999877929688,4893800.0,0.02160798355638982,0.029665811963647676,66.03299961090087,67.50119995117187,101.29410005569459,75.19548254933173,1.0167679024977474,-0.1399128840917248,69.85114063201567,93.5043843580077,92.84096047577064,93.70270860758393,72.84340889742862,59.22259032437312,-69978300.0,0
2024-12-03,72.4800033569336,73.56999969482422,71.52999877929688,72.12999725341797,6081000.0,-0.004532264973564848,0.029214748087372205,66.31649990081787,67.51559997558594,100.93965009689332,72.9026642481235,1.2615559718693987,0.14038088710049992,69.95423328789481,93.29518653710149,89.38641265720204,91.22025701947034,73.7101762570818,58.92282354455396,-76059300.0,0
2024-12-04,73.83000183105469,76.47000122070312,72.19999694824219,76.0199966430664,9219000.0,0.01862580589949636,0.029375211201800026,66.66950016021728,67.56639999389648,100.57735013961792,70.90560161819707,1.5466569760435078,0.4216361048891015,70.10622421115598,93.10150310719058,82.12593562743761,88.11776958680342,74.79250849701236,58.5464918234222,-66840300.0,0
2024-12-05,72.55999755859375,76.76000213623047,71.33000183105469,75.27999877929688,5203400.0,-0.01720173697634586,0.029759483659200166,67.17700004577637,67.6065998840332,100.21300016403198,66.0158092728912,1.6510901060002112,0.6675269051113235,70.20245061693785,92.89711001715479,72.11152593196009,81.2079580721999,75.44646194002361,58.907538151529124,-72043700.0,0
2024-12-06,71.87000274658203,74.87000274658203,71.63999938964844,73.76000213623047,3912700.0,-0.009509300375245111,0.02539771579889648,67.5935001373291,67.58639999389648,99.84855020523071,68.49978341045541,1.6590527714639336,0.8658320783818455,70.26784481810037,92.6878850691889,67.52988749177092,73.92244968372286,75.93049524471824,59.25650502993996,-75956400.0,0
2024-12-09,71.5999984741211,73.86000061035156,71.1500015258789,72.94000244140625,2795300.0,-0.003756842384060932,0.02536983151030019,68.10300006866456,67.55599990844726,99.47715017318725,63.577938574965685,1.6248459403749251,1.0176348507804616,70.32008613794432,92.47805535182503,65.73703060040442,68.45948134137846,76.08687348205143,60.11912665527768,-78751700.0,0
2024-12-10,72.80000305175781,73.69000244140625,69.91999816894531,72.0,2825700.0,0.01675984082695825,0.023775281278227353,68.68250026702881,67.60559997558593,99.11230016708375,71.77375261906947,1.6752558146280592,1.1491590435499812,70.41733778162327,92.28225383640148,73.70518775983824,68.99070195067118,76.23034875226936,61.13465178178826,-75926000.0,0
2024-12-11,71.62999725341797,74.55999755859375,71.5,72.62999725341797,3242300.0,-0.016071507545240338,0.02424918382916452,69.15050010681152,67.62939987182617,98.7259501838684,73.88353810642681,1.6023257001197635,1.2397923748639377,70.46489305502699,92.07675874602354,63.06692801044496,67.50304879022919,76.16619210136967,62.13480811225337,-79168300.0,0
2024-12-12,70.83000183105469,72.41000366210938,70.33000183105469,71.79000091552734,2448100.0,-0.011168441337963464,0.024485210181454567,69.43450012207032,67.65619995117187,98.34940019607544,65.93337824974645,1.4631093009276412,1.2844557600766784,70.47921104624376,91.86534822945669,46.090906316583805,60.95434069562233,76.224559485337,62.64444075880363,-81616400.0,0
2024-12-13,70.08999633789062,70.80000305175781,69.12000274658203,70.62000274658203,2640700.0,-0.010447627757078748,0.022953344800106114,69.65550003051757,67.6763998413086,97.96645021438599,61.5240297303312,1.278331235998479,1.2832308552610385,70.46394772434755,91.6486780613814,30.520761890532476,46.5595320725204,76.21341506162715,63.097584999408,-84257100.0,0
2024-12-16,70.02999877929688,70.94000244140625,69.37999725341797,70.01000213623047,2530500.0,-0.0008560074436944065,0.022952597728252765,69.9470001220703,67.65899978637695,97.57440019607544,50.985027391264616,1.1142080894453699,1.2494263020979048,70.4469301186593,91.43356682474375,24.972102106290976,33.861256771135736,75.98125278590204,63.91274745823858,-86787600.0,0
2024-12-17,70.11000061035156,70.45999908447266,69.30999755859375,69.66000366210938,2046400.0,0.001142393723392976,0.02219728885058602,70.12600021362304,67.67199981689453,97.19285020828247,54.08751936485176,0.9793059629771221,1.1954022342737485,70.43371719676487,91.22139203654083,12.958088257322322,22.81698408471524,75.94190988278338,64.31009054446271,-84741200.0,0
2024-12-18,69.2699966430664,71.38999938964844,69.23999786376953,70.11000061035156,2631800.0,-0.011981228925579734,0.02121070723985122,70.34599990844727,67.66779968261719,96.79380018234252,39.451276243600375,0.7954443683484698,1.115410661088693,70.38808109661984,91.00297019182965,1.963271053236002,13.29782047228308,75.63366301786895,65.05833679902558,-87373000.0,0
2024-12-19,69.05999755859375,70.0,68.16999816894531,69.47000122070312,3082300.0,-0.003031602348051776,0.020332284138880857,70.63999977111817,67.6563996887207,96.39340017318726,39.5260812938283,0.625576304640461,1.0174437897990465,70.33599938924628,90.78463215567805,10.360872859174231,8.427410723244167,74.77917319098523,66.5008263512511,-90455300.0,0
2024-12-20,72.94000244140625,73.01000213623047,68.68000030517578,69.11000061035156,7044700.0,0.05618310194002718,0.022249717136981248,70.99899978637696,67.7279997253418,96.00800016403198,50.504285240778444,0.7948757746703308,0.9729301867733033,70.43811715599766,90.60707365105843,55.52970977228178,22.617951228230652,74.56133518228425,67.43666439046966,-83410600.0,0
2024-12-23,73.7300033569336,73.9800033569336,71.83000183105469,72.7300033569336,2849900.0,0.010830832041196725,0.02089693474109918,71.3654998779297,67.82379974365234,95.6371001625061,54.68164044864197,0.9814794122609385,0.9746400318708304,70.56721073250495,90.43914260335569,64.72645657864001,43.53901307003199,74.40557460542522,68.32542515043417,-80560700.0,0
2024-12-24,73.37999725341797,74.01000213623047,72.87000274658203,73.88999938964844,1120500.0,-0.004747132613316385,0.020994706060542063,71.54549980163574,67.95539962768555,95.2590001487732,48.178123395745956,1.0885731780442143,0.9974266611055072,70.67751608626624,90.26939986355531,60.65188216809707,60.30268283967293,74.61645523835476,68.47454436491672,-81681200.0,0
2024-12-26,76.19000244140625,76.30000305175781,73.11000061035156,73.75,2677400.0,0.038293885161700514,0.019759473116616886,71.89899978637695,68.124599609375,94.89150014877319,63.06694408528206,1.3842331157704137,1.0747879520384884,70.89369202176192,90.12930635686726,98.64697977507845,74.67510617393849,75.39291234728404,68.40508722546986,-79003800.0,0
2024-12-27,75.98999786376953,76.41999816894531,75.4800033569336,76.20999908447266,2137500.0,-0.0026250764040929297,0.019575673336471214,72.12349967956543,68.28399963378907,94.62935014724731,65.37307059446472,1.5841459996387925,1.1766595615585493,71.09354715282105,89.98861672012002,94.7878750887784,84.69557901065129,76.05861364352391,68.18838571560694,-81141300.0,0
2024-12-30,74.7699966430664,76.73999786376953,74.66000366210938,75.5,3129200.0,-0.016054760560597403,0.01882767550071587,72.29849967956542,68.42219955444335,94.37705011367798,61.04526159984007,1.6253979223896806,1.2664072337247756,71.2377216426346,89.83718766462695,77.0128204101,90.14922509131894,76.38228811199131,68.21471124713953,-84270500.0,0
