Price,Close,High,Low,Open,Volume
Ticker,XRAY,XRAY,XRAY,XRAY,XRAY
Date,,,,,
2018-01-02,60.8935432434082,60.97517357590418,59.85960516235247,59.85960516235247,1622300
2018-01-03,60.684932708740234,61.01143321134546,60.294938116659424,60.766556104495905,1533300
2018-01-04,60.67587661743164,60.85726660066971,60.43099252851751,60.81192256465235,1052400
2018-01-05,61.52840805053711,61.619109947306185,60.585171984304324,60.88446471705934,1329000
2018-01-08,61.945613861083984,62.099796005447836,61.15655307353156,61.55561925384536,1188500
2018-01-09,59.36076736450195,62.03631424948942,59.31542333433273,62.03631424948942,2678500
2018-01-10,56.92103576660156,59.56029978548727,56.74871392281979,59.378909827734525,4330500
2018-01-11,58.27240753173828,58.33589470284947,56.41313296392902,56.95730970482249,6594900
2018-01-12,59.669132232666016,59.76889877580938,58.12729006018472,58.53542780565743,1667100
2018-01-16,59.54216384887695,59.76890475696896,58.96170767772809,59.74169695513126,1236100
2018-01-17,56.8212776184082,58.45380813899757,55.78733608636778,58.45380813899757,5304600
2018-01-18,56.512908935546875,57.156852326989714,56.20454114164874,56.73964985871339,2223400
2018-01-19,56.186405181884766,57.102437049968884,56.03221954480596,56.703374244233885,2258300
2018-01-22,55.14338302612305,56.45848086267372,54.98012931070068,56.268019347944744,2822000
2018-01-23,55.478973388671875,55.59687965014575,54.055040514768415,54.41782741478389,6530100
2018-01-24,56.07756423950195,56.685228225377955,55.56059177507808,55.94151830784434,5513200
2018-01-25,56.966392517089844,57.16592218289559,55.85989567119969,55.91431473994236,2563100
2018-01-26,56.993595123291016,57.06615041520493,56.349651770966325,56.921036371585394,1802600
2018-01-29,56.21360397338867,57.07522009240629,56.15918491141785,56.86661887787219,2042200
2018-01-30,55.68758010864258,56.476637665804795,55.43362788557782,56.1047826368164,1518500
2018-01-31,55.1524772644043,55.778281124174505,54.71713499763465,55.778281124174505,1918000
2018-02-01,55.07990646362305,55.270368015037285,54.680843671165775,54.916652716755976,1383700
2018-02-02,54.47224426269531,54.95293394475763,54.45410457245626,54.83502768809988,1374000
2018-02-05,53.093658447265625,54.90758593674002,53.08458687233467,54.47224375444122,2008100
2018-02-06,53.021095275878906,53.24783619319942,51.71506883763781,51.778556017704204,2072000
2018-02-07,52.8759765625,53.64689768925467,49.22998251845843,52.68551503910321,2284100
2018-02-08,51.560882568359375,53.04830587355955,51.560882568359375,52.8759805642896,2747400
2018-02-09,51.86017608642578,52.50411937683217,51.19809310983721,51.805757027879224,3480700
2018-02-12,52.04158401489258,52.54948153059837,51.61530992010321,52.23204558328225,1577800
2018-02-13,51.687862396240234,51.94181112319527,50.971360248283474,51.506468965647244,1564900
2018-02-14,51.86017608642578,52.014358229287296,51.2162327960194,51.2162327960194,1836900
2018-02-15,52.33180236816406,52.50412421308063,51.606232152999965,52.32273079434168,1855300
2018-02-16,52.993892669677734,53.54714111575972,52.522271100227385,52.522271100227385,1939200
2018-02-20,52.73994064331055,53.66504057452479,52.58575501491354,52.98481779817835,2883400
2018-02-21,52.6583137512207,53.48365058114082,52.54040750129156,52.6583137512207,2298900
2018-02-22,51.79670333862305,53.03017466416805,51.75135584043526,52.7218068327818,1694600
2018-02-23,52.30459213256836,52.513196817075034,51.12554007732281,52.513196817075034,2120400
2018-02-26,51.742279052734375,52.42250183640694,51.31600846095812,52.39529403219347,4406100
2018-02-27,51.99623489379883,52.66738614997457,51.88739674972257,51.93274424652489,2652900
2018-02-28,50.844390869140625,52.250184039412,50.78997179669039,52.05065090022005,2685400
2018-03-01,50.146018981933594,51.02577133368904,49.347890033929986,50.32741239645145,3126800
2018-03-02,51.6606559753418,51.91460818589368,48.422795563987535,48.90348525929462,3023400
2018-03-05,50.66299057006836,51.25251487283142,49.19371041051195,51.25251487283142,2180900
2018-03-06,51.12553787231445,51.36135034906819,50.499734225160196,50.635780150963626,1529000
2018-03-07,51.179954528808594,51.48832228098173,50.84437897667036,50.980421436287315,1856600
2018-03-08,51.65159225463867,51.87833321847835,51.1074118655479,51.21625001924158,1373600
2018-03-09,52.30459213256836,52.7127264677896,51.58809347717081,51.97808812418313,2030800
2018-03-12,52.984825134277344,53.14807889998741,52.1776278814845,52.531343220592156,1400500
2018-03-13,52.42250442504883,53.14807473817008,52.36808881393483,52.53133910706897,1032800
2018-03-14,51.969017028808594,52.83970131210492,51.80576329321656,52.64923977384481,960400
2018-03-15,51.65159225463867,52.449721416096274,51.515546292417845,51.86926164244095,1241500
2018-03-16,51.089263916015625,52.095990658350836,51.05298453977154,51.47018698720326,3672900
2018-03-19,50.30019760131836,51.433902037661404,50.0281092285543,51.08018680708899,1965200
2018-03-20,49.52021408081055,50.7627567767448,49.493006278347906,50.4725286845041,1744000
2018-03-21,49.09394836425781,49.78323928644573,48.68581398805808,49.502082740457546,3129300
2018-03-22,47.76070785522461,48.948831536595456,47.742568166219876,48.83999340256704,2793400
2018-03-23,45.992130279541016,48.168844632571215,45.91050340480758,47.78791806388449,2555800
2018-03-26,46.345848083496094,47.13490906841442,45.629349321954734,46.48189403532126,3540800
2018-03-27,45.37538528442383,46.50002160836167,45.221203141674465,46.3911869511391,3077100
2018-03-28,45.382667541503906,46.64556802638462,45.309980925968155,45.60072045633399,1566600
2018-03-29,45.70974349975586,46.00956707899221,45.06466201457885,45.49168715185736,3175000
2018-04-02,44.546783447265625,45.9550569942438,43.83810636026677,45.51894428513416,2428200
2018-04-03,45.346309661865234,45.41899625404342,44.01981054760067,44.873857210369465,5063100
2018-04-04,45.90962600708008,46.10951070938725,44.92838107897467,45.06466326754833,3063200
2018-04-05,45.50986099243164,46.300308793051066,45.146434883746174,45.99139764043488,2673600
2018-04-06,44.537689208984375,45.4371632351447,44.31054881326285,45.30996516808263,2459900
2018-04-09,44.746665954589844,45.5007738667909,44.519525518272125,44.96472229844557,1975400
2018-04-10,45.20093536376953,45.62796038483275,44.68305557757621,45.09190895243597,2103200
2018-04-11,44.78300094604492,45.30996485825407,44.610372028309065,44.81934424092483,1632200
2018-04-12,44.69215393066406,45.01923673493617,44.56495583253341,44.94655359281361,1152000
2018-04-13,44.51953125,45.173696899900634,44.346905743893316,44.755755809192756,1508200
2018-04-16,45.60071563720703,45.91871434773667,44.583127388466295,44.855695236142964,2875800
2018-04-17,45.67340850830078,45.90054899016071,45.17370014138668,45.85512158696646,1539900
2018-04-18,45.99140167236328,46.45477017485379,45.26455285715992,45.50078088828135,1447300
2018-04-19,45.191864013671875,46.04591083067593,44.74666722089957,45.700656387253815,1593500
2018-04-20,44.82843780517578,45.473515829123556,44.69215215351895,45.237291294258206,1576400
2018-04-23,44.95564270019531,45.33724050303869,44.63764741939968,44.946558606124846,1419800
2018-04-24,44.40140914916992,45.24637180440791,44.06524229182521,45.046490587929114,1999800
2018-04-25,44.6649055480957,44.73759216808804,43.96531242716905,44.428680964898206,1678800
2018-04-26,45.11916732788086,45.33722362918953,44.692142281840354,44.94654187768169,1531400
2018-04-27,45.737003326416016,46.09134189073034,44.82844148319432,45.21912335305072,2700400
2018-04-30,45.737003326416016,46.06408614451797,45.3826647621017,45.75517497918706,2922800
2018-05-01,46.00957107543945,46.07317012704079,45.210035684880445,45.63706085925089,1831900
2018-05-02,45.964141845703125,46.327567953996095,45.69157399742751,45.936886100642035,2368800
2018-05-03,44.73757553100586,45.80967505008834,43.93804033786659,45.52802316708119,2178800
2018-05-04,45.41900634765625,45.81877229581511,44.27421652765184,44.61038342646471,3028100
2018-05-07,42.629722595214844,45.010157263676035,41.79384731258958,41.86653392806408,5235200
2018-05-08,40.403743743896484,42.7205756056721,40.167515738572504,42.55703420687494,5638600
2018-05-09,40.503684997558594,40.93979422723945,40.19477385996531,40.44008248562674,3114500
2018-05-10,42.28445816040039,42.67513992996388,41.24869847956229,41.43040802884881,4435200
2018-05-11,42.6388053894043,42.94771653886713,41.89378499350362,42.25720763259106,2472900
2018-05-14,43.165771484375,43.529197606654286,42.60246411414164,42.65697907225004,3566900
2018-05-15,43.556453704833984,43.610968663383034,42.66606351052986,42.94771893086736,3082500
2018-05-16,43.511024475097656,43.86536302603809,43.38382637638963,43.465597077828825,2759500
2018-05-17,43.56553649902344,43.71999033251907,43.37473936380366,43.44742250136395,2175600
2018-05-18,43.156673431396484,43.68364079165836,42.947704691740405,43.68364079165836,1599100
2018-05-21,42.88412857055664,43.456523620724845,42.63881640619884,43.29298217781964,1835000
2018-05-22,42.92954635620117,43.238457516235826,42.84777565307763,43.10217185573383,1429300
2018-05-23,42.24811935424805,42.647885257407324,42.06640631976188,42.55703047310817,2450600
2018-05-24,41.98463439941406,42.24811811841725,41.44858286959864,42.23903402660821,3393600
2018-05-25,42.31171417236328,42.57519787276967,41.95737569672797,42.04823047195689,2320700
2018-05-29,41.621212005615234,42.211775020879166,40.99430222527836,42.10274858921145,2787200
2018-05-30,41.29412841796875,42.039148706909586,41.24870102784069,41.89377897896718,3229700
2018-05-31,39.80409622192383,41.375907819378845,39.70415386306389,41.375907819378845,3201800
2018-06-01,39.44974899291992,40.30379924464772,39.23169611673817,39.922201512497686,3232500
2018-06-04,39.922203063964844,40.29471325231591,39.222610082741994,39.54969287561378,3454400
2018-06-05,38.42307662963867,39.28621097162058,37.83251011515422,39.02272723648825,4154300
2018-06-06,39.07724380493164,39.30438426836992,38.27771186906854,38.4503373735618,2714000
2018-06-07,39.168094635009766,39.85859998780053,38.577528155815315,39.1044955945904,2493500
2018-06-08,39.03181076049805,39.15900884708549,38.80467032990964,39.09540980379177,1598700
2018-06-11,39.431583404541016,39.60420889837553,38.82284519785094,38.868272594556,1854300
2018-06-12,40.1402587890625,40.16751453274776,38.92278589339211,39.495180771998946,2135400
2018-06-13,40.44008255004883,40.58545229350736,39.713233832756174,40.05848827317821,2819500
2018-06-14,40.78533935546875,41.14876546813291,39.95854824175164,40.449172454081776,3924800
2018-06-15,40.83076095581055,41.40315578892544,40.42191096947341,40.86710425509449,5257600
2018-06-18,40.630889892578125,41.18511321451591,40.3855777599554,40.46734847082964,4174400
2018-06-19,40.89436721801758,41.22145003755601,40.06757607569027,40.476429600113306,2733300
2018-06-20,41.003387451171875,41.3577259333567,40.73990374589531,40.84893017136274,2234200
2018-06-21,40.494606018066406,41.448595376719574,40.32198049450268,41.17602748365993,2510600
2018-06-22,40.839847564697266,41.04881633189307,40.39465082353216,40.558192200622386,2287300
2018-06-25,40.6490478515625,41.103328655390975,40.30379347020436,40.885272344562814,1726300
2018-06-26,40.23111343383789,40.67631021912745,40.19477359768433,40.63996691708585,2010500
2018-06-27,39.94036865234375,40.66721726734015,39.931284560982114,40.23110809834231,2513000
2018-06-28,39.72917556762695,40.02960409345136,39.23756714691845,40.02960409345136,2272100
2018-06-29,39.84751892089844,40.0751149827225,39.33770249219002,39.33770249219002,1440900
2018-07-02,40.0386848449707,40.120619537625835,39.06457431720367,39.74736226505004,1911100
2018-07-03,40.53940963745117,40.80342190405974,39.88393533742617,40.229878852802585,1435600
2018-07-05,40.885353088378906,41.00370400331582,40.37553670105376,40.748794073233235,3017000
2018-07-06,41.31324005126953,41.6591835810133,40.99460346607548,41.049227773696295,1765200
2018-07-09,41.70469665527344,41.932292679094935,41.24950460763044,41.24950460763044,2151700
2018-07-10,41.458892822265625,41.7957339674781,41.021908870218155,41.7957339674781,2174200
2018-07-11,40.876251220703125,41.331443312368684,40.33912441362417,40.33912441362417,1172700
2018-07-12,41.340545654296875,41.422480369766056,40.87625124853154,41.03101489283996,1436300
2018-07-13,41.285919189453125,41.72290663094853,41.2312983638961,41.40427009955979,1123700
2018-07-16,40.71239471435547,41.33145643337399,40.54852523150697,41.33145643337399,2618700
2018-07-17,41.604557037353516,41.62276513739531,40.657756672219904,40.6759647722617,1408400
2018-07-18,40.2754020690918,41.449795150753516,40.03870021153735,41.38606852899049,3584200
2018-07-19,41.27681350708008,41.722903225478014,40.21166234873867,40.739686771624406,3026200
2018-07-20,40.99460220336914,41.43158623235438,40.75790382331727,41.38606771382598,1821200
2018-07-23,42.36018371582031,43.980670259434355,40.67597401683736,40.83984348161677,4209600
2018-07-24,42.54225540161133,42.78805956478818,42.13258179631657,42.16899799964062,1721300
2018-07-25,42.59688186645508,42.760751316881915,42.15079203521748,42.61508996904033,1336600
2018-07-26,42.77896499633789,42.961039100245564,42.27825079206902,42.669716366584176,1641200
2018-07-27,43.04295349121094,43.10668009202543,42.605969597266174,42.69701007902922,2087100
2018-07-30,43.41622543334961,43.616511087967126,42.442114523266966,42.51494693325168,1589400
2018-07-31,43.798587799072266,43.98066534769737,43.07028107741223,43.580094046154066,1523500
2018-08-01,42.94282531738281,43.59830311787406,42.51494706236477,43.279670005324405,2663500
2018-08-02,43.00654602050781,43.0611668433931,42.22361514598144,42.86998701761518,1769100
2018-08-03,43.45263671875,43.73485706622786,42.851783295764925,43.1248978566054,1294500
2018-08-06,44.0990104675293,44.56330836558268,43.425328087977604,43.55278132341494,3041900
2018-08-07,35.878238677978516,37.13456975865359,35.35021768472312,36.196871736594716,23268800
2018-08-08,36.77042007446289,36.925187206091806,35.6779582569401,35.6779582569401,5411000
2018-08-09,36.52460861206055,37.44409848507361,36.47909010226102,36.92517983311166,3459400
2018-08-10,35.523193359375,36.44267991108081,35.32290771584214,36.415369495268244,3924800
2018-08-13,36.023902893066406,36.29701746135579,35.45035986867058,35.50498417146452,4227900
2018-08-14,35.504981994628906,36.242394409355114,35.42304728188155,36.142251596792796,2275500
2018-08-15,34.56729507446289,35.35022617550356,34.36700940503182,35.35022617550356,4272100
2018-08-16,34.66742706298828,34.876814982410494,34.321480143889154,34.80398258982557,2795200
2018-08-17,35.204559326171875,35.37753456634076,34.38521553726636,34.55818730459474,1890600
2018-08-20,35.377525329589844,35.596015560449295,34.931435609589094,35.222758232628095,2308900
2018-08-21,35.4776725769043,35.53229340504201,35.04979090134529,35.48677489064723,2104100
2018-08-22,35.4139404296875,35.46856124929215,34.931434528529586,35.46856124929215,2342700
2018-08-23,34.7038459777832,35.413948040813494,34.59460084225556,35.413948040813494,2705400
2018-08-24,35.04978942871094,35.13172414031503,34.66742975645179,34.67653206981229,2384000
2018-08-27,35.067996978759766,35.395735820040485,34.82219284779922,35.07709929197763,3225200
2018-08-28,35.66884994506836,35.77809506660045,35.10441276550614,35.213657887038224,3079800
2018-08-29,36.01479721069336,36.31522216586203,35.58691556092603,35.76899308036999,2576100
2018-08-30,36.1058349609375,36.50640273350723,35.368422555120596,35.50498156566295,3611600
2018-08-31,36.342533111572266,36.388055096731115,35.97838154018065,36.196871788447645,1921500
2018-09-04,35.204559326171875,36.34253970479663,34.99517135324578,36.25150266364285,4236300
2018-09-05,35.92375183105469,36.29700913239605,35.07709443264927,35.1499268196619,3960000
2018-09-06,35.4139404296875,36.2423897644732,35.395732332206116,35.97837756025239,2228900
2018-09-07,35.08620834350586,35.57781665118088,34.98606552458982,35.3775310133488,2541300
2018-09-10,34.73115539550781,35.32290298687973,34.658322999304616,35.26828216256713,2621300
2018-09-11,34.76757049560547,35.06799894120506,34.1029904626355,34.7402600815837,5536700
2018-09-12,35.27738952636719,35.52319368948529,34.904132124485685,34.904132124485685,3465400
2018-09-13,35.26827621459961,35.504974516661434,34.85860273714721,35.304688933720435,2593300
2018-09-14,34.97696304321289,35.43215519196583,34.80399127690934,35.27739152835327,2559800
2018-09-17,34.68563461303711,35.286488011169034,34.5308709750037,34.91323064979677,1766500
2018-09-18,34.76757049560547,34.9223376116889,34.37610502137329,34.64011726638384,2454900
2018-09-19,35.149940490722656,35.49588751790505,34.65833210570147,34.65833210570147,2595200
2018-09-20,35.17723846435547,35.53228768141864,35.08620145023036,35.25917316620385,3278100
2018-09-21,35.28648376464844,35.30469186213876,34.703838536316006,34.976953052991895,4572300
2018-09-24,34.67652893066406,35.18634525369755,34.6401127348389,35.177239468321474,2405900
2018-09-25,34.0938835144043,34.79487965267439,33.84807940310131,34.5945940495002,2744200
2018-09-26,34.62190628051758,35.0497879196769,33.91180779241466,33.966432088745556,4280600
2018-09-27,34.629207611083984,35.2497048777541,34.20033357888408,34.59270695283413,2234000
2018-09-28,34.43758773803711,34.775210157567415,34.28246166578068,34.58358690439303,2079000
2018-10-01,34.38283157348633,34.839079334832064,34.300706837208324,34.73870427039294,2280900
2018-10-02,34.20034408569336,34.58359415326775,34.03609455400369,34.37371704430116,2469600
2018-10-03,33.835350036621094,34.391969618146966,33.78059902886145,34.23684698417147,3101800
2018-10-04,33.023223876953125,33.85359496922791,32.66735104896328,33.78059711058932,3363700
2018-10-05,33.16008758544922,33.49770995573827,32.79508798234621,33.10533660071551,2194500
2018-10-08,32.87721633911133,33.2969669731668,32.77684126316098,33.12359057620001,1792200
2018-10-09,32.6217155456543,32.950214496903264,32.475716398531894,32.822465678282946,1841600
2018-10-10,32.75858688354492,33.169207036741724,32.40271074673724,32.59433742990869,2695500
2018-10-11,32.55784225463867,32.99583971105019,32.2110929629775,32.85896398303031,3208500
2018-10-12,32.73121643066406,33.30608963741232,32.466595350257585,32.868092163997524,2242800
2018-10-15,33.05971908569336,33.506843514241744,32.612598138039864,32.73122007384473,1946000
2018-10-16,33.89009094238281,33.93571503282111,32.96847178430726,33.096220629892485,1698600
2018-10-17,33.82621383666992,34.06346465756353,33.63459058349065,33.81709041166388,1662600
2018-10-18,32.5487174987793,33.91746094577714,32.42096866733596,33.90833752105744,2511300
2018-10-19,33.105342864990234,34.8664598435509,33.09621943958869,33.917463480627,4297100
2018-10-22,32.83159637451172,33.11447130761135,32.60347243904605,33.02321964488808,2341600
2018-10-23,32.8133544921875,33.11447983537874,32.25673138936436,32.512232629892175,3269000
2018-10-24,31.97385597229004,33.588974072425266,31.928231875180213,32.722102303756685,3258600
2018-10-25,32.11071014404297,32.512210326198236,31.335090488159686,31.982961351863935,2984300
2018-10-26,31.32598304748535,32.09247619159315,31.11610594652788,31.70922961953925,3845300
2018-10-29,31.316852569580078,32.420971546115844,30.960979798704496,31.718349429894477,3058500
2018-10-30,31.92823028564453,32.06510257015986,31.097859228361738,31.462855467964598,3041900
2018-10-31,31.599729537963867,32.128975275305905,31.344228354965356,32.128975275305905,2340300
2018-11-01,32.156349182128906,32.293221445112486,31.46285051845761,31.62710001875372,2890000
2018-11-02,31.9647274017334,32.457475979039074,31.763980688712618,32.384478123639326,3844100
2018-11-05,31.87347984313965,32.22935266238363,31.74573098299005,32.037729372159234,4758700
2018-11-06,32.40272521972656,32.557851320068806,31.554107304754375,31.736603685069486,2543400
2018-11-07,33.315216064453125,33.36084363360618,32.50309545841405,32.758596618270865,2946900
2018-11-08,33.579833984375,33.71670970287621,32.63083782103172,33.1144628070803,3970400
2018-11-09,32.90459442138672,34.92120897426553,32.001222195489625,33.6254633400479,8523800
2018-11-12,33.342594146728516,34.12734101587011,32.065098757768496,32.594347941476045,3150400
2018-11-13,33.497711181640625,34.05433403034083,33.1235881411708,33.52508841545649,3177900
2018-11-14,32.950218200683594,34.054337092461516,32.90459411474712,33.66196368779752,2010600
2018-11-15,33.74409484863281,33.762345182655196,32.46660279512358,32.694726749060436,3091700
2018-11-16,33.94484329223633,34.12734314215759,33.13272261502656,33.543342926230515,8022300
2018-11-19,33.68935012817383,34.30072424878502,33.5433509096675,33.98135204608242,1997300
2018-11-20,33.68935012817383,33.99959890261176,33.09622982588386,33.497726806552265,2858400
2018-11-21,33.66196823120117,33.944843171618736,33.57072004701233,33.75321989628511,2154400
2018-11-23,33.315216064453125,34.401088161831275,33.26046855090116,33.55246689282768,697100
2018-11-26,33.76234817504883,33.89922395190051,33.415598759681345,33.634599306464914,2176800
2018-11-27,33.92658996582031,34.10908979963967,33.36996703907395,33.63459162406727,3077000
2018-11-28,34.25509262084961,34.26421604711013,33.46121878127188,34.063469341321955,2918500
2018-11-29,33.75321960449219,34.40109075695944,33.744092697615145,34.25509157498239,2214200
2018-11-30,34.47408676147461,34.5927121782585,33.49771663161808,33.798841886324524,2672700
2018-12-03,34.519718170166016,35.20409002780551,34.35546864586091,34.62921669273766,1769600
2018-12-04,33.588966369628906,34.5927101994432,33.50684162130631,34.4558344586073,3164200
2018-12-06,33.278717041015625,33.31521422106589,32.48484332949038,33.17834196386453,3407100
2018-12-07,33.13271713256836,33.75321443109014,32.82246848330747,33.15096746263012,1945100
2018-12-10,33.26959228515625,33.36996736879341,32.603470843894435,33.15097035076219,1973800
2018-12-11,33.76234817504883,34.33722156457205,33.43384909532127,33.58897520781289,3428800
2018-12-12,34.78433609008789,35.49608512316403,34.145588385899536,34.145588385899536,5120200
2018-12-13,34.41933059692383,35.13107595697119,33.98133318451822,34.79345360424283,2562000
2018-12-14,33.7349739074707,34.28247004489746,33.1235998558118,34.28247004489746,2854100
2018-12-17,33.917457580566406,34.51970797915039,33.38821197696961,33.58896210983093,2653600
2018-12-18,33.315216064453125,34.182087664938976,32.77684346885832,34.09083948842249,3573700
2018-12-19,32.8133544921875,33.61635192646823,32.512232629892175,33.30610315510267,3227400
2018-12-20,32.37533950805664,32.98671329529916,31.882591108946677,32.80421350145539,2898300
2018-12-21,32.53046417236328,33.12358412609913,32.27496307945356,32.557837921966716,4086000
2018-12-24,32.35708236694336,32.73120529913928,31.873460973856584,32.42095675920413,1204200
2018-12-26,33.93571472167969,33.981342292594626,32.1563508446354,32.46659953002426,2309900
2018-12-27,33.95218276977539,33.96133132492509,33.037522647287844,33.53143995082747,2042600
2018-12-28,33.93388748168945,34.45524344676461,33.75095825749917,34.144262369980616,1763500
2018-12-31,34.03449630737305,34.345480833642156,33.622898627141744,34.09852222550337,1664300
2019-01-02,34.656463623046875,35.27843264441412,33.50399366530796,33.80582962291669,2899400
2019-01-03,34.674766540527344,35.26014848490776,34.33634325814834,34.738792472621974,2382100
2019-01-04,35.68088150024414,36.23882460276964,34.75707652775894,34.75707652775894,2787800
2019-01-07,36.321144104003906,36.67786090980795,35.653442789959044,35.66259134296208,2362800
2019-01-08,36.07419204711914,37.13519759294172,35.96443381524819,36.81506796283843,2277600
2019-01-09,36.266273498535156,36.92482638225703,36.12907309113614,36.12907309113614,2723600
2019-01-10,36.62297821044922,36.70529772972488,35.82722169440107,36.11076748060617,1893200
2019-01-11,37.235809326171875,37.32727742350331,36.266271918516686,36.42176245025341,2064300
2019-01-14,36.65042495727539,37.06202264428409,36.48578588247191,36.89738356948061,2124800
2019-01-15,36.41261672973633,36.76933358003082,36.302855014914115,36.6870140384897,2006800
2019-01-16,36.723602294921875,37.08946422035282,36.21139141233713,36.42176280451894,1448400
2019-01-17,36.815067291259766,37.098613165001176,36.28456278345027,36.56810865719168,1208200
2019-01-18,37.3455696105957,37.455327834032545,36.61383881661404,37.07116881827707,1868300
2019-01-22,37.28154373168945,37.34557314800614,36.86994948252691,37.34557314800614,1613100
2019-01-23,37.519351959228516,37.693136095447734,37.19007381552823,37.38215156963645,2446600
2019-01-24,37.12604522705078,37.53764287707031,37.052870760758154,37.43702973049325,1364600
2019-01-25,37.876075744628906,38.022421225479924,37.26325513392511,37.354719751025186,1774800
2019-01-28,36.98884963989258,37.75716418976102,36.824210558552835,37.56508642458167,1664400
2019-01-29,37.57422637939453,37.77544916341824,37.12604154072988,37.24494829207361,2016500
2019-01-30,38.022422790527344,38.15047465539882,37.345576222163395,37.601679951906334,1494000
2019-01-31,38.369991302490234,38.38828492290694,37.86692895306036,37.98583225204198,1442100
2019-02-01,38.49803161621094,38.809016091772655,38.19619220354062,38.552912461010166,1617000
2019-02-04,39.138309478759766,39.449294075864124,38.49804666246825,38.66268577206183,2307300
2019-02-05,39.5133171081543,39.82430168243124,39.19318397893167,39.275503527685906,2143800
2019-02-06,39.577335357666016,39.796851785654084,39.394402674908825,39.577335357666016,912600
2019-02-07,39.20232391357422,39.48586624981661,38.98280400211662,39.29378850801035,1324600
2019-02-08,38.98280715942383,39.202327088660844,38.580358026498686,39.01939439582181,952800
2019-02-11,39.30293273925781,39.330371416741414,38.80901560965152,39.01024188226524,1096100
2019-02-12,39.31208419799805,39.73282693723471,39.238913216420315,39.45842965030431,2668400
2019-02-13,40.12613296508789,40.39138520077896,39.430992904783025,39.495018825239356,1980100
2019-02-14,39.952354431152344,40.062112668893285,39.74198302166909,39.87917994655741,1143300
2019-02-15,39.86088562011719,40.171866679467655,39.833443446706006,40.171866679467655,1836000
2019-02-19,40.09870147705078,40.245046962804004,39.65966501979111,40.01638192324262,2050300
2019-02-20,39.04682922363281,39.339520107618895,38.56206060124661,38.90048378163978,2872500
2019-02-21,38.19620132446289,39.110861354627865,37.95839125184649,38.98280950866895,3067800
2019-02-22,38.077301025390625,38.60780207022211,38.0315687181183,38.3974306654483,2935300
2019-02-25,37.99497604370117,38.52547701267581,37.98582749006403,38.52547701267581,1692800
2019-02-26,37.7022819519043,38.058998752344635,37.57423012499245,38.02241151918393,1905800
2019-02-27,37.720577239990234,37.89436137147853,37.37300548786289,37.50105732044908,2387800
2019-02-28,38.19620132446289,38.388282582552385,37.66570032132579,37.73887130938041,2363700
2019-03-01,44.93724822998047,45.22993916031237,41.955454579641454,42.97987632495422,9985700
2019-03-04,44.53478240966797,45.8976269858056,44.00428156380539,45.01040590304654,3475700
2019-03-05,44.7817497253418,44.93724372915415,44.452471589410486,44.93724372915415,2067800
2019-03-06,43.675018310546875,44.86407570284669,43.592698764741044,44.74516891687133,2005600
2019-03-07,44.10490417480469,44.19636877470278,43.33658967254782,43.610986961392946,1686900
2019-03-08,44.415897369384766,44.43419099076552,43.44635637111379,43.98600598981579,1595300
2019-03-11,45.25736999511719,45.422009051017355,44.361003740299914,44.59881377151653,1407800
2019-03-12,45.08359146118164,45.63238605607252,45.037859159799225,45.275669220478356,1347600
2019-03-13,45.33055114746094,45.449454436036476,44.95554068461656,45.138469894471555,1207100
2019-03-14,44.99211883544922,45.34883912424793,44.8732155616669,45.34883912424793,837700
2019-03-15,44.900657653808594,45.37628125253127,44.635405427552534,44.90980271819808,2211700
2019-03-18,45.284812927246094,45.95251776618207,44.76345703098715,45.63238468780234,2414700
2019-03-19,45.22993850708008,45.49519074922219,45.10188666305315,45.25737719104269,1320600
2019-03-20,44.84577941894531,45.2482320586022,44.81834073502363,45.22078988552946,1149500
2019-03-21,45.75129318237305,45.86105140436401,44.77260727083875,44.78175233552509,1128800
2019-03-22,45.03784942626953,45.79701523477021,44.93723629148205,45.51346944483732,1004500
2019-03-25,45.12017059326172,45.22992879469445,44.58052115992119,45.046996132873026,1219400
2019-03-26,45.248233795166016,45.48604387296649,44.93724923856466,45.357992024216145,829900
2019-03-27,45.019569396972656,45.44031218836555,44.644558910878764,45.16591486742024,1268700
2019-03-28,45.21932601928711,45.5125412365868,44.84364380365931,45.100209740347374,747700
2019-03-29,45.43922805786133,45.50336865248346,44.77949223271916,45.42090167434068,2118100
2019-04-01,45.668312072753906,45.769105455305045,45.29262987122756,45.622497852158205,1843600
2019-04-02,45.952354431152344,46.13561126806453,45.49420534807167,45.585833766527756,2170300
2019-04-03,46.135616302490234,46.8228400021027,45.970682334951206,46.15394268726129,1460000
2019-04-04,46.05314636230469,46.163104663872176,45.81491036637565,46.126451896683015,1751100
2019-04-05,46.181427001953125,46.59375836280988,46.126447855985575,46.26389397320447,1031900
2019-04-08,46.117286682128906,46.26389424349896,45.80574517729255,46.144774507573295,777200
2019-04-09,46.19974899291992,46.30970728272338,45.91569881609404,45.91569881609404,803000
2019-04-10,46.37385559082031,46.474648958886426,46.02566127261023,46.28222366739636,898400
2019-04-11,46.26389694213867,46.45631872227361,46.16310358242984,46.45631872227361,887700
2019-04-12,46.95112228393555,47.15270551526223,46.2822215080506,46.2822215080506,1262400
2019-04-15,46.941959381103516,47.152707561189466,46.58460361941864,47.152707561189466,778900
2019-04-16,46.16310119628906,47.18935413269589,45.97067593070028,47.05190801376104,1286300
2019-04-17,44.67869567871094,46.52961833724236,44.50460029080452,46.337196567124735,1729100
2019-04-18,45.56752014160156,45.59500797575432,44.431312054873715,44.90778415872663,2172100
2019-04-22,45.17350387573242,45.998173714406434,44.9902435232048,45.28345868908879,1189700
2019-04-23,45.59499740600586,45.99817085558921,45.100199028953995,45.43922838804885,1422000
2019-04-24,46.181427001953125,46.31886962377206,45.42089787870185,45.69578661773968,1071700
2019-04-25,45.9798469543457,46.08064032218328,44.80698630038215,45.92486780041598,1208100
2019-04-26,46.63957595825195,46.804509900375436,45.8698853934757,45.98900163303158,1174200
2019-04-29,46.35552978515625,46.70372410771559,46.117293772079144,46.63958350821788,1009700
2019-04-30,46.850337982177734,47.06108619388152,46.25474262641412,46.43800300475685,1383800
2019-05-01,46.098968505859375,46.75870090175999,45.88822031733828,46.72205162644372,1677600
2019-05-02,47.189361572265625,47.207687957372826,46.08980293363758,46.20892268913409,1987200
2019-05-03,50.44221878051758,51.202748018129356,48.838696817042624,48.976142954929244,4408700
2019-05-06,50.14899826049805,50.323093653884136,49.07693108289933,49.73666338626773,2003700
2019-05-07,50.240623474121094,50.40555390641724,49.681681107529755,49.681681107529755,2326000
2019-05-08,50.35059356689453,50.5338539306437,49.56257644955362,50.35059356689453,2397400
2019-05-09,50.38723373413086,50.51551490804495,49.83745278041354,50.02071309831931,1937800
2019-05-10,50.40556716918945,50.753761496542275,49.70002056500166,50.17649259771533,2723000
2019-05-13,50.277278900146484,50.350584430504746,49.55340601255909,49.69084863888071,1637600
2019-05-14,50.277278900146484,51.04696949190783,50.04820436087704,50.277278900146484,1301300
2019-05-15,50.36891174316406,50.57049496457139,49.635870407646046,50.16732502635659,1192300
2019-05-16,50.29560470581055,50.96450193335661,50.07569510805843,50.42388588706595,2374800
2019-05-17,49.87411880493164,50.5246897858584,49.342664091227576,49.77332542851185,3199300
2019-05-20,49.87411880493164,50.149007607185126,49.360990477431244,49.727511210703064,1577000
2019-05-21,50.323089599609375,50.726262997664115,50.029874489424024,50.12150639598184,1416000
2019-05-22,50.04820251464844,50.35058257312164,49.864942190913155,50.35058257312164,1873500
2019-05-23,49.24186325073242,49.80080217624104,48.068999262540586,49.73666158650399,1871000
2019-05-24,49.25102615356445,49.77331582570048,48.8845054910058,49.645034642424974,1601600
2019-05-28,49.16856002807617,49.88327148746381,49.02195245960178,49.02195245960178,3362800
2019-05-29,49.22354507446289,49.47094603129187,48.756230990874634,48.87535074684427,2328400
2019-05-30,49.02195739746094,49.388478103265705,48.84786198467395,49.34266039348974,953600
2019-05-31,49.36098098754883,49.57172914527253,48.57296400929494,48.939484672101436,1720500
2019-06-03,49.35182189941406,49.62671066193901,49.1777230033414,49.507590916531434,1858000
2019-06-04,49.84663772583008,49.95659256254641,49.43430271889227,49.68170372305495,3158200
2019-06-05,50.74459457397461,50.82706155061932,49.73666447105033,50.2039785038371,1626200
2019-06-06,50.97367477416992,51.156935130972336,50.44222008898298,50.808740802587806,1445500
2019-06-07,51.257720947265625,51.42265490578592,50.973670737347575,51.12943975628324,944700
2019-06-10,52.32062911987305,52.39393465828598,51.17525629767442,51.45014857132246,1301500
2019-06-11,52.47640609741211,52.66882790898515,51.87164933575343,52.522220315110346,1152800
2019-06-12,52.13737106323242,52.879570397858224,52.100718294870546,52.43974766371691,1032300
2019-06-13,52.201499938964844,52.3755953064922,51.84414426617734,52.32978110402706,786100
2019-06-14,52.018245697021484,52.63216377149255,51.95410510701406,52.17401470263952,652900
2019-06-17,51.91746139526367,52.11904813923694,51.605919834305276,52.00908982685119,756700
2019-06-18,52.08238983154297,52.36644353190738,51.862476725551126,52.10071621499231,781800
2019-06-19,52.91622543334961,52.98953097321404,51.88997234305134,52.03657992737966,993500
2019-06-20,52.623008728027344,53.493492763795146,52.586355959165445,53.053670023653616,2493500
2019-06-21,53.95164108276367,54.428116584652386,52.29314001823181,52.82459467259243,4626900
2019-06-24,52.84291458129883,54.42811351520533,52.732959777956246,53.72256349424006,1419800
2019-06-25,53.04450607299805,53.310233409101905,52.824596446526265,52.925386319675546,1357000
2019-06-26,52.7879524230957,53.60345745589559,52.44892298712969,53.09032908344348,1355300
2019-06-27,52.88706970214844,53.01554718508036,52.44657397463236,52.77694314470778,981700
2019-06-28,53.556983947753906,53.612043718982555,52.74023133421028,52.91459311101505,2231700
2019-07-01,53.52027130126953,54.35537827953539,53.15318984897212,53.74052087279762,1684300
2019-07-02,53.400970458984375,53.850645072735745,53.189899844610714,53.52027245867323,947100
2019-07-03,53.52027130126953,53.905707176256634,53.300025230489624,53.79558064011851,641900
2019-07-05,53.04305648803711,53.4468467071107,52.69432952631379,53.226597178457155,971600
2019-07-08,52.89623260498047,53.17154193171376,52.41902813829369,53.00635563552418,2162200
2019-07-09,52.83198928833008,52.997175570167045,52.62091870614901,52.85034370861727,1634000
2019-07-10,52.57503890991211,53.153187445123784,52.483266800614054,53.01553453229873,1112900
2019-07-11,52.09783172607422,52.86869990022474,51.96017531968212,52.72186803375549,1465500
2019-07-12,52.24465560913086,52.76774427229206,51.97852179783908,52.37313303506557,1515300
2019-07-15,52.39149475097656,52.48326335349921,52.01523787943723,52.09783102200673,1160600
2019-07-16,51.82252502441406,52.61174765922102,51.629805345607984,52.51997555008764,1554000
2019-07-17,52.24465560913086,52.34560315829307,51.40036988038559,51.73074240464473,1203800
2019-07-18,52.308895111083984,52.48325683451855,51.82251527678148,52.13453338764942,1139400
2019-07-19,52.00605392456055,52.43737401664219,52.00605392456055,52.41901959775069,1097900
2019-07-22,51.602264404296875,52.18041631531464,51.29024630160841,52.05193889081008,922000
2019-07-23,51.85922622680664,51.97852820878079,51.45543948110273,51.83169634663866,650400
2019-07-24,51.94182205200195,52.04276961883104,51.28108038859434,51.6756916948819,1035600
2019-07-25,51.253543853759766,51.73074827621494,50.48267570990874,51.73074827621494,1310900
2019-07-26,51.4095573425293,51.565564671038835,50.84975975058728,51.39120292139619,1002500
2019-07-29,51.730751037597656,51.79498976128532,51.25354658966935,51.39120299799885,1325400
2019-07-30,52.00605392456055,52.207949031619606,51.27189467263777,51.446259901733306,1289900
2019-07-31,49.96876907348633,51.69404617016725,49.53744892412912,51.39120346936378,2823600
2019-08-01,48.968482971191406,50.11560821507895,47.96818961849152,49.831119894325404,2952600
2019-08-02,48.44539260864258,48.71152649699142,45.077431178663396,46.34385838809207,4252500
2019-08-05,47.25238800048828,48.720707018449716,47.21567914985207,48.188439186470774,3117600
2019-08-06,47.37166976928711,47.39002418811741,45.90335127033784,46.912819800772034,3014300
2019-08-07,47.28908157348633,47.40838355796865,46.38973596136471,46.94953354153428,2897000
2019-08-08,48.05994415283203,48.44537994220822,46.279607556349134,47.591918730818875,2329000
2019-08-09,48.05994415283203,48.555502953138244,47.86722800851764,47.86722800851764,2061700
2019-08-12,47.97736358642578,48.55551567155496,47.78464739163216,47.81217727638887,1541200
2019-08-13,48.9776496887207,49.13366051442562,47.91311779247632,48.023244316767254,1764000
2019-08-14,47.85805892944336,48.683986872642386,47.76628682414489,48.63810257036708,1406100
2019-08-15,47.96817398071289,48.19759895469712,46.58244517742965,46.58244517742965,1124900
2019-08-16,48.023250579833984,48.54633938581847,47.931478464289526,48.408682962875915,1300600
2019-08-19,49.124481201171875,49.27131306509163,48.22513559706989,48.47291502382468,2001700
2019-08-20,48.75740432739258,49.30802295360031,48.51880035548747,49.14283666558842,1885500
2019-08-21,48.99600601196289,49.0877781191022,48.619749124561565,49.0877781191022,1436100
2019-08-22,48.59220886230469,49.280483765451365,48.30772064206841,49.08776763274962,1440900
2019-08-23,47.41755676269531,48.80328570683785,47.26154944488659,48.54633083009519,1308200
2019-08-26,47.77546310424805,47.79381752427783,47.05047926643619,47.729575303799756,873900
2019-08-27,47.316612243652344,48.014062688338356,47.13307154744626,48.00488722886447,1431600
2019-08-28,47.46345138549805,47.53686557480005,46.72011302710692,47.0596610917185,1060400
2019-08-29,47.73876190185547,47.894769245946534,47.18813971511165,47.784646208897065,1191600
2019-08-30,47.85805892944336,47.94982753399396,47.27072795777676,47.85805892944336,1395600
2019-09-03,47.472625732421875,48.15172534645794,47.160607558526614,47.54604342074926,1403900
2019-09-04,47.10554122924805,47.91311468383199,46.55491914576164,47.91311468383199,1651900
2019-09-05,47.39919662475586,47.555203912222254,47.050469716467454,47.47261078922623,1406900
2019-09-06,46.518211364746094,47.500150076770844,46.4723270652655,47.380851598270844,2209100
2019-09-09,46.65586471557617,47.03212154792971,46.3805554359329,46.67421913431872,1524100
2019-09-10,46.97705841064453,47.0963603823994,46.24289916282115,46.57327169952853,1634200
2019-09-11,46.9220085144043,47.399213000947846,46.65587463716398,46.88529966911291,1539000
2019-09-12,47.472625732421875,47.903945899475104,47.0504845267836,47.0504845267836,1417700
2019-09-13,47.619449615478516,48.09665400726432,47.353315791083986,47.41755450721405,1383300
2019-09-16,47.18813705444336,47.46344988266607,46.94953657083145,47.46344988266607,1037800
2019-09-17,47.16059494018555,47.42672873804317,46.98623322818251,47.15141948197365,2523300
2019-09-18,45.756526947021484,47.19731580509713,45.33438574672819,47.16060696139824,2042000
2019-09-19,45.793235778808594,46.0960749873757,45.30685235179473,45.7473479738229,1763500
2019-09-20,46.9220085144043,46.995422704238905,45.435331786836564,45.79323777730535,4454300
2019-09-23,47.97736358642578,48.14254989646269,46.37138829498232,46.51822018159864,2231900
2019-09-24,48.674808502197266,49.23460605842984,47.977354546621456,48.22513396499068,2179000
2019-09-25,48.830814361572266,48.95929179672132,48.124184967504945,48.52797519311344,1904100
2019-09-26,49.079071044921875,49.400869464428915,48.876795748466186,48.95035167711906,1174800
2019-09-27,48.619346618652344,49.18939091448492,48.389489651762226,48.72967698070469,1729600
2019-09-30,49.01470184326172,49.216973593100214,48.444654028913945,48.748066914680244,1400600
2019-10-01,49.18021011352539,49.43764885656612,48.67452185778135,49.25376253696282,1425400
2019-10-02,47.571205139160156,49.15261887680178,47.497649217375276,49.08825919890971,2697000
2019-10-03,48.2515754699707,48.33432412074781,47.21262096740009,47.63556046433815,1060900
2019-10-04,49.30891799926758,49.39166664844701,47.83783129244873,48.58256913506359,1263200
2019-10-07,49.59394073486328,49.685885631253264,48.987118448046104,49.1342267749309,1514600
2019-10-08,49.01470184326172,49.53877545745894,48.79403760749177,49.49280476464742,2339200
2019-10-09,49.244571685791016,50.02608418986916,48.73888341067462,49.262960669189795,1028700
2019-10-10,49.56636428833008,49.63992021326077,49.005512636421926,49.26295486633982,760600
2019-10-11,49.750244140625,50.24673604749271,49.722662426023156,50.026071808660696,984400
2019-10-14,49.18021011352539,49.860584936515835,49.0514872346652,49.796225250755654,838400
2019-10-15,49.410057067871094,49.63991404370214,49.0238955246586,49.23536352154247,1049000
2019-10-16,49.56636428833008,49.86977721765988,49.18020620446256,49.43764492704091,1291300
2019-10-17,50.52256393432617,50.63289430055044,49.538776359423615,49.67668844036917,1264900
2019-10-18,50.47659683227539,50.98228151306866,50.39384817488454,50.43981887180404,1515500
2019-10-21,50.623695373535156,51.02824233844124,50.49497253678721,50.9730754084064,1332200
2019-10-22,50.02607345581055,50.853559994502405,49.87896512752524,50.605314032894846,1229500
2019-10-23,50.01688003540039,50.24673701440988,49.81460477152351,49.906546160191645,1078900
2019-10-24,48.80324172973633,50.320295881478984,48.56418847677883,50.22835448101201,1511800
2019-10-25,48.80324172973633,49.14342912027165,48.49982879498403,48.536606758106664,1234600
2019-10-28,49.05147933959961,49.33650326447578,48.88598202932819,48.95953794826627,960400
2019-10-29,49.73185729980469,49.97090702042221,48.85840005735818,48.885981773145794,1017100
2019-10-30,50.8719482421875,50.89952995730074,49.72266334794693,49.81460473655051,1179900
2019-10-31,50.36625289916992,50.862744744429186,50.10881424192674,50.7248291738554,970300
2019-11-01,50.98228073120117,51.340857071949266,50.531759490684784,50.531759490684784,853500
2019-11-04,51.58909606933594,51.89250542922485,50.439811282574176,51.25810148957434,1248700
2019-11-05,50.47659683227539,51.75460114627016,50.37545919464886,51.71782318579882,1787400
2019-11-06,51.111000061035156,51.41440946178869,50.439818076048965,50.614508124522864,1973500
2019-11-07,52.480953216552734,55.303596965510096,52.186733022551394,53.464740920204214,4764300
2019-11-08,52.793548583984375,52.876297235669014,52.08559218409691,52.508528178334366,2697300
2019-11-11,51.21213150024414,52.93146058270832,51.120186611641934,52.5085246171548,2273000
2019-11-12,51.63508224487305,51.80977232220899,50.8351807754486,51.21214615826609,2994700
2019-11-13,51.92929458618164,52.55450592563571,51.46958057230892,51.83735318634293,1707600
2019-11-14,51.515541076660156,52.32463856300074,51.221324446597926,51.70862358985134,1018000
2019-11-15,52.06719970703125,52.34302735833573,51.35923984736846,51.65345647640509,1108500
2019-11-18,51.736209869384766,52.23270179168984,51.23971794707969,52.01203754599674,1182400
2019-11-19,51.84654235839844,52.140759026459335,51.61668536726715,51.8741240749856,1099200
2019-11-20,52.06719970703125,52.45335771738975,51.3684325825651,51.681038189333876,1290000
2019-11-21,52.499332427978516,52.60966630281978,51.681042146604376,52.04881471473033,1034800
2019-11-22,52.65563201904297,52.84871102075318,52.37060813032399,52.572883374404476,945600
2019-11-25,53.01422119140625,53.04180291054127,52.628063094157284,52.73839347803703,917000
2019-11-26,52.44416046142578,53.21647992290653,52.306244893992634,52.91306707748904,2583000
2019-11-27,52.5085334777832,52.66483455377389,52.343036157711026,52.64644557295038,682200
2019-11-29,51.98444747924805,52.434965126959575,51.85572815133047,52.361412728437514,673900
2019-12-02,52.13156509399414,52.23270272894581,51.62588042657505,52.058009174996826,1877900
2019-12-03,52.52691650390625,52.77516245587218,51.61668134669784,52.00284288553564,1339200
2019-12-04,52.949851989746094,53.16131998222492,52.18672516236078,52.425778376355304,1634900
2019-12-05,53.59346008300781,53.814120843514225,53.096968110859066,53.096968110859066,1435200
2019-12-06,53.37278747558594,53.92444630533356,53.29923506935632,53.749752764277595,1200000
2019-12-09,52.70160675048828,53.30842902192727,52.490138755159144,53.26245832856686,954400
2019-12-10,52.74758529663086,52.857919185928665,52.333841980113114,52.74758529663086,896300
2019-12-11,52.20511245727539,52.49013635481848,51.65345714749919,51.717816816728444,1781300
2019-12-12,52.35222244262695,53.317624526519474,52.07639477894582,52.42577835685608,1065200
2019-12-13,51.837345123291016,53.1705162576214,51.58909917353247,52.278670087082084,901500
2019-12-16,52.8854866027832,53.336004253227316,52.480939640111544,52.80273796185734,1355600
2019-12-17,52.87630081176758,53.25326613775028,52.6464438201357,53.03260538989372,911600
2019-12-18,52.756771087646484,53.01420976365226,52.41658025739438,53.005017028368734,1035500
2019-12-19,52.83951950073242,53.04179124212521,52.64643698724359,53.02340226430061,1071600
2019-12-20,52.26948165893555,53.15213522582226,52.13156956000981,52.885500257623775,3120900
2019-12-23,52.572898864746094,52.73839620278604,52.103988571186306,52.27868215430616,1162900
2019-12-24,52.60047912597656,52.75678372193998,51.662662072215305,52.43498179252812,579400
2019-12-26,52.06626510620117,52.60967754244185,51.78074564013799,52.60967754244185,708800
2019-12-27,52.3517951965332,52.480739942395964,51.854433879507575,51.983378625370335,664700
2019-12-30,51.946533203125,52.71099274831589,51.81758496010499,52.21363149425124,1283000
2019-12-31,52.12152862548828,52.22284334444571,51.53206500262362,51.91889918757343,1211000
2020-01-02,52.434696197509766,52.96889643674803,51.69786646400112,52.342593798376676,1556600
2020-01-03,51.85443115234375,52.28732007367121,51.439963409953705,51.799171129012166,910000
2020-01-06,52.139949798583984,52.20442216273697,51.587325017083735,51.61495853992096,751000
2020-01-07,52.416263580322266,52.480735948346975,51.845221100611774,51.90048112264407,792600
2020-01-08,52.96888732910156,53.15309560917567,52.5636319237231,52.63731664114503,1001500
2020-01-09,53.0057258605957,53.521508304865584,52.85835994987295,52.987304682570304,1166800
2020-01-10,53.22677230834961,53.39255938409355,52.67414755137643,53.11624524886687,882900
2020-01-13,53.52150344848633,53.659657000920525,53.09782693278658,53.107035764223475,1196700
2020-01-14,54.120182037353516,54.13860321580688,53.07941180584248,53.512297202314656,951100
2020-01-15,54.4333381652832,55.05964421468754,53.93598037244625,54.02808275651364,1297300
2020-01-16,55.39122009277344,55.51095600646396,54.654390457525736,54.80175638457528,1562400
2020-01-17,55.225425720214844,55.60305107819155,54.95832391461463,55.28068925314328,1045400
2020-01-21,55.575416564941406,55.833306004082075,55.03200416569492,55.19779123756538,1417000
2020-01-22,55.94384002685547,56.06357241651926,55.39121521398357,55.713580566528975,2383800
2020-01-23,54.949119567871094,55.85173626516461,54.51623064163048,55.85173626516461,914900
2020-01-24,54.949119567871094,55.03201311728992,53.85308575976054,54.92148955589171,975200
2020-01-27,55.013587951660156,55.67673629895664,54.31360076222085,54.479387849044976,1255200
2020-01-28,54.41492462158203,55.14254194319053,54.39650344067687,55.050439552145704,1081500
2020-01-29,54.27676773071289,54.691235518973926,54.230716535013,54.60834196132172,1022500
2020-01-30,53.07941818237305,54.074137343988426,52.61889920615755,54.074137343988426,1231000
2020-01-31,51.57811737060547,53.87150306390841,51.24654319678042,52.849150532441335,1625800
2020-02-03,51.22813034057617,54.49781439518752,51.11760676917425,51.79917640536154,1324000
2020-02-04,52.10311508178711,52.32416572948796,51.568914912854744,51.70706849337203,1081700
2020-02-05,52.70178985595703,53.01494288305269,52.167586186537065,52.4715303805479,1084000
2020-02-06,53.051780700683594,53.263622505817395,52.139955163284604,52.139955163284604,938400
2020-02-07,52.59126281738281,53.13467532029397,52.5636328046269,53.01494292269784,1254900
2020-02-10,52.91362380981445,52.94125382028248,52.17679425166295,52.37021135190013,520300
2020-02-11,53.42020034790039,53.659668665597316,52.55442595194272,52.94126019902565,532200
2020-02-12,53.429405212402344,53.622825835056695,53.04257099405491,53.41098754689301,1482500
2020-02-13,53.52150344848633,53.613605816775795,52.78467396173022,53.45703108798768,860300
2020-02-14,53.282047271728516,53.42020437809882,51.928123791312856,53.272838437595034,1150400
2020-02-18,53.34651565551758,53.41099154354741,52.52679245326897,53.33730682207383,1119600
2020-02-19,53.963600158691406,54.24912311676197,53.53992365070031,53.65044719333275,938200
2020-02-20,52.90441131591797,53.8715038413578,52.42547122608999,53.8715038413578,1026700
2020-02-21,52.36100769042969,52.87679022342114,51.81759514238763,52.63732189486004,1401500
2020-02-24,50.399192810058594,51.559698967417305,50.38998046391192,51.37549069277036,1543800
2020-02-25,47.433448791503906,51.4399619927727,47.368976423739525,50.37155823820232,2289500
2020-02-26,46.862403869628906,48.35448410981439,46.81635268269658,47.88475638153612,2473100
2020-02-27,46.23610305786133,47.41503043981465,46.088737135117164,46.47557136476532,3954700
2020-02-28,45.351898193359375,45.62820880248767,43.59271631528387,45.296634666141706,3256400
2020-03-02,45.72952651977539,46.60450958731273,44.394021055430684,45.65584181197253,4040100
2020-03-03,43.48219680786133,46.52162106277204,43.0585202327636,45.25059133747887,2707500
2020-03-04,44.06245040893555,44.46770579370827,43.26114847185924,44.14534395508003,3852300
2020-03-05,41.74143600463867,43.27957107518672,41.41907415539719,43.27957107518672,2561300
2020-03-06,41.19801712036133,41.53880009568666,40.019089953735254,40.43355763371476,2308000
2020-03-09,38.79410934448242,39.46646648553401,38.563849905212145,38.68358579740715,3089600
2020-03-10,40.829612731933594,40.86645157853495,38.683592689136866,39.59542177702666,2533800
2020-03-11,39.199378967285156,40.81119548465489,38.54543930999231,39.65989797224793,2480300
2020-03-12,36.77704620361328,38.545437408984796,36.11389774485846,36.841518580049886,4063200
2020-03-13,37.26519775390625,38.91385666656547,35.017866231388616,38.02966100329439,2813700
2020-03-16,32.40210723876953,34.456020930729274,31.656065421451387,33.415247324379784,2896000
2020-03-17,31.849485397338867,33.87576552940942,29.19689583382759,33.11130606434208,5441900
2020-03-18,30.154781341552734,30.88239858696233,29.206109948430804,29.629786524437534,6201900
2020-03-19,32.3376350402832,32.74289037384609,29.279790078770336,29.850832483672598,4086000
2020-03-20,30.228464126586914,33.369203280079944,29.7495239885772,32.62316130315467,4218100
2020-03-23,29.381105422973633,30.808715064798264,29.08637360851028,30.19161791274786,4276600
2020-03-24,31.14029312133789,31.499497345458067,29.491634412881915,30.79950656362522,6410700
2020-03-25,32.236324310302734,33.27709805038134,30.642929273154007,31.19555057022413,9214800
2020-03-26,36.39287567138672,36.6422653638301,32.199381192503374,32.661219698365905,3842600
2020-03-27,35.03507614135742,37.05792792144949,34.2868963480664,34.71179053388227,4579100
2020-03-30,36.2081298828125,36.466758249406695,33.87122527198914,35.09048184311933,3195500
2020-03-31,35.86636734008789,36.92859341282822,35.41376421445285,36.00491672859476,3788800
2020-04-01,34.46238327026367,36.14347479334508,34.17604218885297,34.203751365795235,2880800
2020-04-02,34.61017990112305,35.441487125030605,33.954366523219754,34.52704882637746,2912000
2020-04-03,32.744346618652344,35.10895721378472,32.33792652995317,34.5455172678524,2446200
2020-04-06,34.8503303527832,35.07201436765914,33.44634098802993,34.06520636704552,4434400
2020-04-07,35.18285369873047,36.420580901038534,35.053539494892696,35.73705843619172,2516400
2020-04-08,36.559139251708984,36.697688694782144,34.979648821707826,35.60774949624141,2394200
2020-04-09,38.674346923828125,38.93297882580926,36.28202385267387,36.780810174122415,3700300
2020-04-13,37.168766021728516,38.6004647437241,36.688453533169344,38.10167829134939,2754200
2020-04-14,37.64906311035156,38.6928188336132,37.27035578046686,37.45509183679903,2739600
2020-04-15,36.90089416503906,37.29807552797275,36.189662504054276,36.503712802105376,1376300
2020-04-16,36.097293853759766,37.26112516227024,35.95874091352268,36.79928672621015,1761300
2020-04-17,37.74143981933594,38.314118527760954,36.82699811080032,37.104100484325464,2223900
2020-04-20,38.12938690185547,38.65588253026117,36.94708142382841,37.18723590272205,1357600
2020-04-21,36.633026123046875,37.99083230877842,36.5960782009819,37.593650955449434,1543400
2020-04-22,36.863956451416016,37.45510928827734,36.65151112089078,37.122584936655635,1247900
2020-04-23,35.74629592895508,37.27036066547261,35.70011278970564,37.21494230779235,3103500
2020-04-24,36.30973434448242,36.402100610148786,35.552319690667275,35.75552617984271,3112900
2020-04-27,37.96311950683594,38.08319849146126,36.651499988866796,36.651499988866796,1987600
2020-04-28,38.45267105102539,39.14542873895054,37.649069596077794,38.66511631916337,1799900
2020-04-29,40.82651138305664,41.159035563208896,38.97915795869704,39.07152422049621,1975500
2020-04-30,39.20084762573242,40.4478135948843,39.173138445378335,40.14299851679789,1566300
2020-05-01,37.21493911743164,39.10847585271099,37.08562492919998,38.52655848212116,1650900
2020-05-04,36.57760238647461,37.63059697068184,36.11576395470828,37.131810618722774,2657100
2020-05-05,37.56594467163086,37.98160005702213,36.99326587595199,37.04868776852029,2901300
2020-05-06,37.26112365722656,37.84304104975093,36.91936421493971,37.65830497807919,2442800
2020-05-07,37.92618179321289,38.36954636434405,37.50128766277402,37.82457675166334,2736700
2020-05-08,37.54746627807617,39.66268363829128,36.9747840801485,38.674349666559756,3377900
2020-05-11,37.23341369628906,37.57517313138496,35.95873870447672,36.76233654726068,2906100
2020-05-12,34.1575813293457,37.63984468363956,34.139107363116835,37.307320338617515,3191200
2020-05-13,34.49009323120117,34.647116602173256,33.54794243472618,34.120621087017746,3220400
2020-05-14,34.9888801574707,34.9888801574707,33.36320692396875,34.04672934514407,2929800
2020-05-15,34.831851959228516,35.71858085880876,34.30535645488103,34.93345697297056,5570700
2020-05-18,37.473575592041016,37.79686113248308,35.5523292651102,35.59851241038076,2580800
2020-05-19,37.94464874267578,38.46190555159668,36.836235757984554,37.47357155049683,2696800
2020-05-20,38.517337799072266,38.67436122302169,37.658317769040714,38.138630309110404,2260200
2020-05-21,38.75748825073242,39.339405780002835,38.02778253410505,38.42496394829219,1938700
2020-05-22,39.01611328125,39.33939878247986,37.52899292849725,38.683589037957745,2015400
2020-05-26,41.87028121948242,41.95340876909621,40.07834553655655,40.07834553655655,2846700
2020-05-27,44.14250946044922,44.25334967565093,42.941730479047756,43.375856123399004,3521400
2020-05-28,43.40357971191406,44.46580604821709,43.246552804387996,44.31801788301198,2610000
2020-05-29,42.969451904296875,43.29273742562824,42.313642118997286,43.052582970288924,2465200
2020-06-01,43.505184173583984,43.83770844881412,42.41524505968435,42.71082493375961,1075600
2020-06-02,43.754581451416016,44.10557972165836,43.25579851570658,43.81000334362744,1871100
2020-06-03,44.1887092590332,45.324831583181755,43.99473792837209,44.419628516548315,1946200
2020-06-04,44.37343978881836,44.770621143673914,43.49594601591545,44.01320635616979,1425200
2020-06-05,46.35011672973633,47.03363580420584,45.42643963830842,45.42643963830842,2303800
2020-06-08,47.264549255371094,47.43081139323308,46.11919177626415,46.17461366340083,1632000
2020-06-09,44.80756378173828,47.07981157851647,44.65054040385013,46.738048596852266,1716200
2020-06-10,42.96021270751953,44.558176906201965,42.941742269536924,44.539702944671475,2355300
2020-06-11,40.059871673583984,42.31364587448914,39.6811642334636,42.23975002102749,2720700
2020-06-12,40.06911087036133,41.46386164652128,39.2100909436664,41.46386164652128,1978600
2020-06-15,40.54018020629883,41.06667577857171,38.83137928205148,39.16390354318127,1393000
2020-06-16,41.731727600097656,42.39677617493528,40.71568429836076,40.71568429836076,1778000
2020-06-17,41.33454513549805,42.01806765569761,40.946602492568516,42.01806765569761,1083100
2020-06-18,40.798805236816406,41.05743715376772,40.02292005660525,40.91888421527425,1917400
2020-06-19,40.29077911376953,41.77789925483154,40.161464931685394,41.49155819196866,2458600
2020-06-22,40.50323486328125,40.9835473240045,39.17314125758095,40.37392064761501,1571600
2020-06-23,41.353023529052734,41.565468835832284,40.54018670744734,40.94660688002426,1764700
2020-06-24,39.58879089355469,41.19598666124133,39.477950656639514,40.78033489192252,2669700
2020-06-25,39.64434814453125,40.09800992106065,38.65370263499191,39.48695751768322,1990300
2020-06-26,39.922080993652344,40.08873189671617,39.32028920528813,39.54248805484853,2770000
2020-06-29,40.65351486206055,40.81090903633998,39.996171240266854,40.44057271127339,1063200
2020-06-30,40.79237747192383,40.93125089597586,40.32019864749891,40.69979165743478,1861900
2020-07-01,41.61637496948242,42.542211994246045,40.8108977468387,40.8108977468387,1920400
2020-07-02,40.90347671508789,42.32926646507364,40.7738601072324,42.09780722767807,1170500
2020-07-06,41.329368591308594,41.77376998637995,41.02384417735443,41.458985223397534,1039400
2020-07-07,40.1535530090332,40.98680779039363,39.98690205276112,40.9682906250536,1457600
2020-07-08,38.88515853881836,40.04245492390224,38.33891450378724,40.04245492390224,1513200
2020-07-09,38.20929718017578,38.727767222725966,37.17236062686363,38.56111626375584,1666500
2020-07-10,38.86663818359375,38.912929328840974,38.014869809323265,38.31113737705108,1118300
2020-07-13,38.699989318847656,39.71841222805755,38.57037269246179,39.28326766937226,1441500
2020-07-14,39.48695755004883,39.52398835347433,38.51482567551596,38.811093293651574,1780300
2020-07-15,41.8108024597168,42.35704647907918,40.264656228853546,40.273913045681844,1903200
2020-07-16,41.042354583740234,41.44046123167681,40.792378177974655,41.44046123167681,1006500
2020-07-17,41.44972610473633,41.61637706010864,40.810899797001234,41.13494135923176,861900
2020-07-20,40.255393981933594,41.77376615892265,40.116520545328804,41.37565595010381,1150800
2020-07-21,40.58869171142578,41.19974395236919,40.060964936601366,40.338715313068796,1377100
2020-07-22,40.80164337158203,41.28307911874916,40.42205027713332,40.70906106826809,1135500
2020-07-23,40.71831130981445,41.162712651169116,40.347978624579525,40.699794145784516,1188500
2020-07-24,40.033203125,40.847937339339026,39.792483468926726,40.847937339339026,1238500
2020-07-27,40.227622985839844,40.30168811783373,39.320303045238035,39.931355394287756,1009700
2020-07-28,40.27391052246094,40.6164692322571,40.16281106854098,40.24613654192794,1297800
2020-07-29,41.468238830566406,41.96819164316055,40.04244904581469,40.357233757619774,983000
2020-07-30,41.8848762512207,41.94042422256993,40.55166843022133,40.79238807869672,2120200
2020-07-31,41.29233932495117,41.97746043377844,40.70906440898864,41.588606958014644,1332000
2020-08-03,41.36639404296875,41.7552438557541,41.07012650985965,41.39416802051411,1110700
2020-08-04,43.227333068847656,43.9680055766992,41.19975108466414,41.35714169692022,2839800
2020-08-05,43.375465393066406,43.84764427739816,42.7921905808281,43.77357561640959,2169900
2020-08-06,40.05170822143555,41.65340938561517,39.18142268777295,41.144196195494956,5080700
2020-08-07,41.995967864990234,41.995967864990234,40.1350334737673,40.19984178273646,2843500
2020-08-10,42.032997131347656,42.30148715111873,41.366393425902174,42.079288270495255,1574400
2020-08-11,42.412593841552734,43.18103670777771,41.87560669135759,42.32000802335296,1898300
2020-08-12,41.625633239746094,42.856998220952086,41.533050946750976,42.69960408471468,1460900
2020-08-13,41.22752380371094,41.625634028350774,40.8108999455518,41.625634028350774,1768200
2020-08-14,41.218265533447266,41.60711539582705,40.820155322846226,41.236782698101734,1051800
2020-08-17,40.44055938720703,41.27381407817759,40.10725751081881,41.27381407817759,1613900
2020-08-18,40.033203125,40.54241289190907,39.968391270065865,40.41279624561826,1388700
2020-08-19,39.3665885925293,40.29242556733444,39.23697198114262,40.08874030270522,1581500
2020-08-20,38.88515853881836,39.468436905801354,38.56111696371019,39.12587463292896,1303700
2020-08-21,39.4406623840332,39.54250503873539,38.51482520570577,38.74628450028763,4204700
2020-08-24,40.227622985839844,40.82015816894402,39.79247841559034,40.05171167525135,1588500
2020-08-25,40.449825286865234,40.65351059746395,40.26466067554485,40.28317431124603,1216300
2020-08-26,40.30168151855469,40.56091826755473,39.84802338843308,40.44981529007427,963100
2020-08-27,41.412689208984375,41.5423058258476,40.36649239435018,40.5238865232469,1719500
2020-08-28,41.95893096923828,42.097807926696696,41.03309400428282,41.34787871363919,1082400
2020-08-31,41.54231262207031,41.94968323518579,41.3015965130563,41.94968323518579,1646900
2020-09-01,41.52378845214844,41.542305616147985,40.95903084320776,41.52378845214844,1221700
2020-09-02,42.338523864746094,42.523691963574926,40.93125125814976,41.41268690238964,1759700
2020-09-03,41.25529861450195,42.93106134946593,40.949770704629536,42.5422114988515,1379900
2020-09-04,41.440467834472656,42.03300655650582,40.681281680497925,41.588601632033864,1214900
2020-09-08,40.43130111694336,41.320107343573326,40.172067880561436,41.320107343573326,930400
2020-09-09,40.949771881103516,41.097905666325026,40.26465444887453,40.65350431066049,994700
2020-09-10,40.477596282958984,41.66266655707701,40.468335934811684,41.0516142555114,927700
2020-09-11,40.88495635986328,41.033090118958214,40.52388054280609,40.718305439408056,1287000
2020-09-14,42.49592590332031,42.588508204092115,41.15346135139886,41.22752648565863,1176200
2020-09-15,42.92180633544922,43.08845728750618,42.28297650863482,42.58850443133528,1213400
2020-09-16,43.875423431396484,44.42166750931974,42.84774359566048,43.26437103336272,2119600
2020-09-17,44.180946350097656,44.3475973061442,42.829221536410344,43.53285969122645,1575700
2020-09-18,42.89404296875,44.542032200477266,42.792200302647494,44.31982969881825,2139500
2020-09-21,41.3941764831543,42.17187979950653,40.5609252003551,42.12558865020463,1431700
2020-09-22,41.27381896972656,41.653412033536505,40.82015724381312,41.37565808243658,999200
2020-09-23,39.561012268066406,41.50527197321319,39.486947148936025,41.292326367717635,1388700
2020-09-24,39.57958221435547,40.108547020365236,38.530931133988254,39.47750066581444,970300
2020-09-25,40.24774169921875,40.43334417200359,39.17125160515393,39.44037501368832,956800
2020-09-28,40.19207000732422,41.092236306398796,40.08998845359735,40.6282318186027,1289000
2020-09-29,39.6723747253418,40.52614109037166,39.663096195318644,40.275581838949094,1042800
2020-09-30,40.58182907104492,40.97159465275321,39.44037854044779,39.68165929859251,1159900
2020-10-01,40.377662658691406,41.38919242557109,39.663098974447976,40.832388543282704,671400
2020-10-02,40.516876220703125,40.94375954714272,39.59814567546916,39.70950931372847,654200
2020-10-05,41.58407974243164,41.686157746933254,40.77670945719961,40.77670945719961,507000
2020-10-06,40.93447494506836,42.02024370656841,40.795272187919196,41.67688138969316,590100
2020-10-07,41.806800842285156,41.92744299225232,41.04583381647333,41.58408068550139,557800
2020-10-08,42.74408721923828,42.82760815404642,41.55623353084775,42.04808060919466,616400
2020-10-09,42.224403381347656,43.01320950101401,42.09448270658594,42.96680976575238,935900
2020-10-12,42.68841552734375,42.87401804199908,42.08520823973231,42.4285741308704,582300
2020-10-13,41.74182891845703,42.56775605581398,41.72326832052999,42.447117479396326,600500
2020-10-14,42.317203521728516,42.679129958673236,41.77896021204233,41.77896021204233,623500
2020-10-15,42.13159942626953,42.25223801709423,41.686152102967945,41.76039450354238,657300
2020-10-16,42.391441345214844,42.827606604551725,41.78823422230522,42.28935981302344,830000
2020-10-19,41.38919448852539,42.57704825805816,41.20359554522698,42.57704825805816,512300
2020-10-20,41.49127960205078,41.955284080374064,41.444879862233094,41.8624846007387,679200
2020-10-21,42.38216781616211,43.19881669819825,41.45415884932617,41.491280057617196,910100
2020-10-22,44.859947204589844,46.80876434115223,43.50505515573894,43.616415224666646,2429700
2020-10-23,45.611629486083984,46.0106735143584,44.711459905082755,45.147625131353,1633900
2020-10-26,44.1825065612793,45.24971472696648,43.904104585016256,45.19403645575779,1241300
2020-10-27,44.11753845214844,44.65578170616699,43.64425198974796,44.23817704524673,1453800
2020-10-28,41.61191940307617,43.39369479978288,41.53767699151021,43.28233472250697,937400
2020-10-29,41.57479476928711,41.87175731091916,40.785988681840614,41.481995302554374,1010800
2020-10-30,43.79273223876953,43.84841403895938,41.704712522628604,41.8346367230716,1720100
2020-11-02,44.266021728515625,45.435311292179875,43.19881016209709,44.13610105922768,1448900
2020-11-03,44.33098602294922,45.37035501016538,44.24746507950764,44.57226678173986,717800
2020-11-04,44.646514892578125,45.67660547981808,43.94122604902937,44.55371186575671,1709500
2020-11-05,43.254486083984375,43.922653480970816,41.3149477589074,41.918151290011494,3004000
2020-11-06,42.44712448120117,43.393690351115204,42.16871900644364,43.30089088624447,853500
2020-11-09,47.699649810791016,51.031201270238185,45.09194402295483,45.15690435040339,2404600
2020-11-10,49.14734649658203,49.425748435921335,47.44909218856137,47.76461533049864,1821100
2020-11-11,46.26124572753906,49.29583548353077,46.01996495302832,49.110232981559975,1408400
2020-11-12,45.518829345703125,46.53964111417251,45.08266763215229,46.24267859172715,982200
2020-11-13,47.662532806396484,48.21933667354482,45.639473327646144,45.99211766487883,2263600
2020-11-16,46.10348129272461,49.56495397913778,45.676598058920646,48.9710288642674,1240800
2020-11-17,45.379638671875,45.43531694273841,43.59785966270926,44.29386636908726,1139400
2020-11-18,45.388919830322266,46.27980761642431,44.88779412311235,45.593082942164834,1274500
2020-11-19,45.3517951965332,45.71371811105508,44.210344643013,44.95275107537495,1288100
2020-11-20,45.84364318847656,46.22412671340609,44.600111063572434,45.11979380587237,1228200
2020-11-23,46.82732391357422,47.170689723670726,45.99211810486174,46.16843850512852,1301400
2020-11-24,47.8388557434082,48.09870062992832,46.85516862324477,47.34701218332649,981800
2020-11-25,47.62540817260742,47.82957122788341,46.90156248946149,47.5047660453923,677100
2020-11-27,47.940940856933594,48.803989439183944,47.47693639508171,47.90381965036789,537200
2020-11-30,47.226375579833984,48.247187563592426,47.06861575529509,47.829582822058214,1527200
2020-12-01,46.96653747558594,47.89454650362732,46.92013773219857,47.88526443090574,1190000
2020-12-02,49.5185432434082,49.648463890916815,46.910837603870526,47.09644004605661,2020500
2020-12-03,48.39565658569336,49.639188422930964,48.00589107905978,49.29582264468719,1319000
2020-12-04,49.88047409057617,50.066076562648675,48.43277905649793,48.655502730999466,1055600
2020-12-07,49.741275787353516,50.353761521762394,49.43503469018559,49.741275787353516,638800
2020-12-08,50.37232208251953,50.539363968134396,49.37935284029396,49.7319972143779,801600
2020-12-09,50.57648468017578,51.25393074741341,50.27024004618005,50.78064776950627,925400
2020-12-10,50.19599914550781,50.44656196135102,49.61135257520699,50.29808068604462,1161700
2020-12-11,49.14734649658203,50.59504153724823,48.989586695649756,49.85263518565251,1193400
2020-12-14,48.469905853271484,50.0475217378654,48.4420667182729,49.89904045108439,1206000
2020-12-15,49.9454345703125,49.99183430344764,48.581260467688566,49.175189088065586,1009700
2020-12-16,49.33295822143555,50.233128082854726,49.249437269962904,50.15888566373532,819000
2020-12-17,49.43503952026367,49.806240993707576,48.98959562808696,49.39791831089727,1274800
2020-12-18,48.81326675415039,48.9710301080859,48.005900001871666,48.81326675415039,3334500
2020-12-21,48.664794921875,48.72975527432397,47.291341907123844,47.64398634904232,865200
2020-12-22,48.080142974853516,48.83182792745316,47.91310108759291,48.68334664322963,737000
2020-12-23,47.98716354370117,48.76819869623485,47.940674073879244,48.38697936862432,499600
2020-12-24,48.182411193847656,48.24749714713455,47.68031651399008,48.24749714713455,217600
2020-12-28,48.63802719116211,49.000650024659926,48.39627627088409,48.68451666139428,576400
2020-12-29,47.65243148803711,49.037840325114175,47.45717359563938,48.76819644689691,458300
2020-12-30,47.847686767578125,48.29399201736649,47.76400431156038,47.81049377669939,527500
2020-12-31,48.68451690673828,48.777495847671176,47.37349397683667,47.94067473851737,607100
2021-01-04,49.9769401550293,51.09270510973469,48.944857660599794,49.76308576697294,2214500
2021-01-05,51.40882873535156,52.227053140116205,50.060613151091204,50.26517102574154,3021700
2021-01-06,53.89140701293945,54.10526138042112,51.278661593208916,51.278661593208916,1774700
2021-01-07,53.61246871948242,54.570165172522515,53.03599155282013,54.07737046125626,1334200
2021-01-08,54.095970153808594,55.2303316057953,53.342828010731004,53.87281574392371,1336100
2021-01-11,54.39350509643555,54.477187553845276,53.147568256623344,53.43580862034996,875800
2021-01-12,55.74171829223633,55.90908319925777,53.92860083078315,53.92860083078315,1399900
2021-01-13,55.33260726928711,56.22522136599976,54.20754583380231,55.76961606940065,1406600
2021-01-14,55.11874008178711,55.99275747907173,54.393494621843026,55.6208347295568,1585400
2021-01-15,54.33770751953125,54.951377600201376,53.66825150683916,54.6631408263056,1878800
2021-01-19,54.226139068603516,54.85840572340645,53.79843031591883,54.85840572340645,1048600
2021-01-20,54.56087112426758,54.76542903475733,53.919307968984675,54.3191202215217,1031800
2021-01-21,53.593875885009766,54.728237347436604,53.361424998244864,54.43070049613105,836200
2021-01-22,53.21265411376953,53.60317342988756,52.71985939161282,53.46370148550565,1204500
2021-01-25,53.00810241699219,53.21266034686832,52.18987779132627,52.961612945725605,1034900
2021-01-26,53.14756393432617,53.68685162642369,52.98949905369534,53.29633234129814,845700
2021-01-27,51.48322296142578,52.29215462556462,51.22287909540545,52.18987566479402,2457300
2021-01-28,51.45531463623047,52.440907408676004,51.32514274206029,51.8830233019091,1877000
2021-01-29,49.73518371582031,51.464615000918656,48.6008224718269,51.176378226861445,1439700
2021-02-01,50.1349983215332,50.37674919516393,49.48413877003172,50.12570184804827,803500
2021-02-02,50.73007583618164,51.9016265839082,50.30236356762629,50.83235123289765,1245500
2021-02-03,50.80446243286133,51.269364180668504,50.413946667224344,50.98112736705612,782100
2021-02-04,51.87373352050781,52.087587880931125,50.7579687099752,51.036909025878714,1131100
2021-02-05,51.362342834472656,52.43161464667094,51.10199546317859,52.22705675785101,788200
2021-02-08,51.95742416381836,52.301450489456094,51.32515745637007,51.520415353603454,915000
2021-02-09,52.1619758605957,52.42232325713911,51.697074102312605,51.80865307808218,700200
2021-02-10,52.812843322753906,53.305641638479976,52.00391519075115,52.069001158445666,834700
2021-02-11,52.329345703125,53.79843710010716,52.25496325919588,52.95231596226277,889300
2021-02-12,51.46461868286133,52.533894051346444,51.40883274681702,52.320039687033145,1425400
2021-02-16,50.42323684692383,51.47391565894326,50.172189508817326,51.455319165722216,5957100
2021-02-17,48.991336822509766,50.404638328251714,48.870464941807676,50.2744664278536,1841000
2021-02-18,48.34048843383789,49.10292706595316,47.91277610244811,48.62872526615032,1672200
2021-02-19,49.05643081665039,49.6329115371098,48.2010133041011,48.312588730320826,1488900
2021-02-22,49.22379684448242,49.65150915736468,48.66591615382756,48.86117404086487,1041300
2021-02-23,49.61430358886719,49.86535090010018,49.037826548397724,49.288870312712696,783700
2021-02-24,50.209388732910156,50.544118558636576,49.07502733393038,49.288881712162514,945400
2021-02-25,48.74959945678711,50.469734571876316,47.60594153828557,50.46043809720253,2830900
2021-02-26,49.34466552734375,49.93044265503888,48.70310246638519,48.70310246638519,2661000
2021-03-01,55.51856994628906,56.513459475856216,53.50089791525333,54.114568125518296,3540100
2021-03-02,55.10945129394531,56.16942666687832,54.49578115451469,55.704524938615165,2470500
2021-03-03,55.92767333984375,56.43906447678747,54.55156125025649,55.0350594215053,1620400
2021-03-04,54.58876037597656,56.06714802170797,54.33771301572949,55.55575682724262,3036600
2021-03-05,55.7882080078125,57.03414479519706,54.8491080669919,55.67663258493412,2732800
2021-03-08,57.55483627319336,57.85237310015741,55.60224685595819,55.769611764490314,2671300
2021-03-09,55.65803909301758,57.963951389459915,55.62084610107844,57.77798997668317,2716900
2021-03-10,57.70359802246094,58.35445753945251,56.33678594294194,56.680812194340106,1670000
2021-03-11,57.89886474609375,58.549727909698255,57.573431390832056,57.88956472475888,1603900
2021-03-12,58.46604537963867,58.549727836954126,57.75009625525513,57.90816114856271,1593200
2021-03-15,59.41444396972656,59.73987376993926,58.214996625653264,58.354465019922074,1408000
2021-03-16,58.92164611816406,59.34935841885944,58.44744789931074,59.265675962953694,1014800
2021-03-17,59.04252243041992,59.50742418184055,58.50323469625093,58.670599610515865,1391600
2021-03-18,58.62410354614258,59.64688941229651,58.438142157122,58.865854415944874,1202800
2021-03-19,58.354469299316406,59.033229012825885,57.73150262267609,58.28938333450082,1780300
2021-03-22,58.05693817138672,59.079724306474716,57.71291181673647,58.95884883979026,1003300
2021-03-23,55.723114013671875,58.20568720951392,55.44417372323948,57.78727854732444,1744600
2021-03-24,56.11363983154297,56.87607841813337,55.53716265442023,56.02066090026858,1854800
2021-03-25,56.39304733276367,56.76558746928378,55.71316460349962,56.253347446173166,1893500
2021-03-26,57.072933197021484,57.1474426495407,56.11364708907716,56.672453771746305,1132500
2021-03-29,57.79937744140625,57.929765410867994,56.75626658010088,56.81214866107264,1237000
2021-03-30,59.17776870727539,59.215023427027496,57.6037905494024,57.6037905494024,1664600
2021-03-31,59.42924118041992,59.97873594001895,58.870430963156466,59.364047187993435,2119500
2021-04-01,59.08463668823242,59.168458038053544,58.060156681801715,58.870427361535306,1180900
2021-04-05,59.96009826660156,60.1091171499875,59.43854638597367,59.56893435613065,1687800
2021-04-06,59.755218505859375,60.62136427235309,59.643454323595975,60.01599449219461,1232600
2021-04-07,59.55031204223633,60.12774605306798,58.665535440390066,59.76452137604797,2048600
2021-04-08,59.745887756347656,59.857644804395456,58.58170446844381,59.7272568445991,1896900
2021-04-09,59.792449951171875,60.30469343261212,59.559616849797294,59.70863216636026,1161100
2021-04-12,59.745887756347656,60.14636709161102,59.596872437608184,59.876275716144015,1221900
2021-04-13,59.46648406982422,60.081176289037984,59.19639623287937,59.31746874320424,2165100
2021-04-14,60.742431640625,61.347808404087374,59.58756019354168,59.624811360630325,1941300
2021-04-15,60.37919998168945,61.00320047972332,60.090477712489395,60.69585440554767,840600
2021-04-16,60.92870330810547,61.236049444122436,60.50960010852732,60.91007949938256,1348800
2021-04-19,61.0311393737793,61.04977028425354,60.53752683036781,60.97526085357736,850900
2021-04-20,60.98457717895508,61.41299575304027,60.70517036273797,60.88212848671617,940100
2021-04-21,61.60859298706055,61.73898097219027,60.723809252980544,60.900767420919,1269400
2021-04-22,60.81694793701172,61.83211252253991,60.50960179244165,61.83211252253991,1579300
2021-04-23,61.6551513671875,61.90661896621748,60.788998614461946,60.965956768919206,1988700
2021-04-26,61.75759506225586,62.32571709616986,61.69240107995152,61.981123377823145,1483600
2021-04-27,61.71102523803711,61.934546423528566,61.245351956657196,61.85072864357316,1545800
2021-04-28,61.27330017089844,61.915931666909856,61.198790729642624,61.61790100749801,1904700
2021-04-29,61.729652404785156,62.241895884445356,61.385058705387166,61.9904283196628,4085900
2021-04-30,62.87522888183594,62.93110741997198,61.43163839801169,61.69241438346345,2177300
2021-05-03,63.34089660644531,63.722745091984606,62.88453156741878,63.21981697724511,1452500
2021-05-04,64.21635437011719,64.27224000588876,62.93109843715755,63.10805659014616,2658000
2021-05-05,62.949729919433594,64.18842293013745,62.15808652134307,64.18842293013745,3201900
2021-05-06,62.763465881347656,62.79140515094157,60.30471067850326,62.02770099105222,2092400
2021-05-07,63.76932144165039,64.40263759862547,62.763465114875956,62.763465114875956,1959400
2021-05-10,64.37469482421875,64.76585878368375,63.974215406972476,64.42125790190039,2203900
2021-05-11,62.21397018432617,64.22567561304393,61.94387875486821,63.47128696547631,1710400
2021-05-12,61.189476013183594,62.73551496269006,61.189476013183594,61.822792060295285,1270200
2021-05-13,62.03700637817383,62.65169152628862,61.21742381215022,61.310557064214684,1537500
2021-05-14,63.17325210571289,63.53647677176406,62.25121370209515,62.670324005270075,1259900
2021-05-17,64.21635437011719,64.27224000588876,62.75414028416895,63.033547146191836,900600
2021-05-18,62.79139709472656,64.32812067574395,62.75414237151023,64.28155049532054,1987800
2021-05-19,62.986976623535156,63.080116980775536,61.87867884961321,62.10220007464454,1342900
2021-05-20,63.28501892089844,63.6761900185965,62.800721660071076,63.0708131133526,1282900
2021-05-21,62.8472900390625,64.09529143665047,62.74484131470973,63.34090274424618,1099700
2021-05-24,63.005615234375,63.322269749719524,62.42817763475485,62.97767596603431,1308300
2021-05-25,62.49334716796875,63.35018422122098,62.41883774448341,63.05215363288934,1440100
2021-05-26,62.30710220336914,62.81003032693069,61.81348953735841,62.50268417826327,1227300
2021-05-27,61.91592025756836,62.56785998439427,61.70170742983408,62.49335055686842,2399400
2021-05-28,62.325714111328125,62.90315157380615,62.102192912076646,62.90315157380615,1293000
2021-06-01,62.73551559448242,63.04286171726671,62.307096956182306,62.65169069480872,1331400
2021-06-02,61.31985855102539,62.819327189923335,61.26398002716438,62.53061200916029,1623000
2021-06-03,61.999755859375,62.10220457527472,60.46303222649143,60.965960348468535,831400
2021-06-04,61.729652404785156,62.49335634361715,61.52475501292108,62.49335634361715,955500
2021-06-07,61.0218391418457,62.1208286488512,60.97527606526466,62.08358102983124,1252600
2021-06-08,61.20811080932617,61.40369277818667,60.38852110483043,60.86350994669847,946300
2021-06-09,61.180171966552734,61.524765725953294,60.91008054893943,61.329183755739244,590900
2021-06-10,61.53408432006836,61.720350842449704,61.142920359700135,61.40369633327895,951900
2021-06-11,61.06841278076172,61.729668192784565,60.658617892224285,61.55271001716839,1063500
2021-06-14,60.230186462402344,61.09633913561714,59.69931915337463,61.09633913561714,886100
2021-06-15,61.36643600463867,61.46888471427807,60.09048841542813,60.463028531788524,1145300
2021-06-16,61.0218391418457,61.38507093060602,60.53754193285224,61.22673657451639,718800
2021-06-17,60.63998794555664,61.57133470299955,60.06255039792177,61.021836421190066,933900
2021-06-18,58.84248733520508,60.46302867372348,58.63758991544529,60.10911947043676,1939300
2021-06-21,60.528221130371094,60.78899707415618,58.81454658229107,59.401292455807514,990900
2021-06-22,59.94147491455078,60.61204568366107,59.717953693384516,60.546851698087096,1126200
2021-06-23,59.67138671875,60.40715151293037,58.76797922329294,59.317473954631886,1708800
2021-06-24,59.49412536621094,59.979259005894214,59.20491005440474,59.75535336229642,1208400
2021-06-25,59.87662887573242,60.09121014057817,59.58741358917505,59.65271969276611,1251700
2021-06-28,58.98101043701172,59.96993365528826,58.439898551684514,59.96993365528826,1339100
2021-06-29,59.00899124145508,59.52211219264105,58.85039170845338,59.307534469742045,850500
2021-06-30,59.01831817626953,59.232899454506715,58.393244414627134,59.00899025756684,910400
2021-07-01,59.7366828918457,60.063213397230655,59.23289347766829,59.43813969866072,1139800
2021-07-02,59.606075286865234,59.792662127809834,59.01831677292531,59.74601897648955,913200
2021-07-06,58.859718322753906,59.69004188045612,58.32793798672179,59.568757584491415,1202000
2021-07-07,59.36351013183594,59.438144156271626,58.393242901760985,58.64513940719867,923000
2021-07-08,57.75883483886719,59.34484781794285,57.516269822733584,58.598489815705975,1300000
2021-07-09,58.23463439941406,58.533181146132556,57.954750605713215,58.35591868162012,1024000
2021-07-12,58.50519943237305,58.73843655678109,57.618897647839276,57.84280685319408,730500
2021-07-13,57.842803955078125,58.477209186395484,57.6375541570296,58.309278180522305,763800
2021-07-14,57.99207305908203,58.393241160343216,57.740176561156474,57.889448164492094,922000
2021-07-15,57.65621566772461,58.2906209223095,57.469625258920345,57.478956736764374,1104700
2021-07-16,57.05912780761719,57.656214254017705,56.629972369131316,57.656214254017705,1217700
2021-07-19,56.620643615722656,56.741927918144384,55.762332697454724,56.4527125997283,2316300
2021-07-20,58.3839225769043,59.00899640365128,56.73260319909184,56.87254334770328,1690100
2021-07-21,59.48480224609375,59.68072416041429,58.710456744723224,58.710456744723224,1239000
2021-07-22,59.055641174316406,59.56876215348664,58.61715778574646,59.3728438165352,846500
2021-07-23,59.32619094848633,59.44747524117394,58.8130700225376,59.38216913563042,658000
2021-07-26,59.36351013183594,59.60607515989675,58.850389202499564,59.391497446134835,750700
2021-07-27,60.4550666809082,60.762934281620254,59.22357136564696,59.41948969985728,1332700
2021-07-28,60.790924072265625,60.837567223800846,60.13785589028673,60.268468103116156,1330300
2021-07-29,61.014835357666016,61.38801619367348,60.576348409194686,61.17343489967365,886100
2021-07-30,61.61192321777344,62.07839749369435,60.78159957606083,60.874893007678494,1255100
2021-08-02,62.236995697021484,62.48889578657253,61.62125336735796,61.77052143116058,1247800
2021-08-03,60.9588508605957,62.3955923879345,60.57634568134141,62.3955923879345,1915100
2021-08-04,59.988582611083984,60.81890608504656,59.31685865061288,60.69761824239802,2339800
2021-08-05,55.743675231933594,57.90811555873638,54.269614831328184,57.44164128901308,5220000
2021-08-06,56.247459411621094,56.937839228754974,55.230545521915744,55.930256815963034,1743000
2021-08-09,55.538429260253906,56.443390545035854,55.370498226811556,55.93026952459155,1845200
2021-08-10,54.34424591064453,55.56640963207644,53.756487404728254,55.23987554704926,1640000
2021-08-11,54.95066833496094,54.97865565124092,54.28827219203376,54.88536222436357,735400
2021-08-12,55.04396438598633,55.31452031931159,54.70810233895032,55.034636466420345,603800
2021-08-13,54.75474548339844,55.60372846518209,54.437542855099274,54.88536126121719,939700
2021-08-16,56.49003219604492,56.49936367424158,54.40022950343046,54.8760316828912,1294100
2021-08-17,57.0311393737793,57.04046729229558,56.03288482349023,56.331428040833735,1237700
2021-08-18,56.19148635864258,57.10577543929303,56.172826962027344,56.90985711320708,843400
2021-08-19,55.864959716796875,56.49936501035794,55.64105050069216,55.81831300145897,872100
2021-08-20,55.8463020324707,56.14484529049334,55.4358023835023,55.69703040345938,843500
2021-08-23,55.986236572265625,56.19148637618127,55.38915011605578,56.01422744665522,833000
2021-08-24,56.50868606567383,56.947172966202345,56.03288393275747,56.03288393275747,831400
2021-08-25,56.5460090637207,56.62064309296461,56.004897226308984,56.43405624039679,684000
2021-08-26,56.340755462646484,56.573992571572106,56.09819043528681,56.5180179431361,794300
2021-08-27,57.9267692565918,57.945428652614595,56.35941557983609,56.59265269174717,1137200
2021-08-30,57.17108154296875,58.57983573650922,57.05912872220318,58.187995525455705,1314400
2021-08-31,57.562923431396484,57.74018236601694,56.84455265596185,57.161755289804205,1591600
2021-09-01,57.3110237121582,58.05738176224961,56.648631165134326,57.8987822336309,965500
2021-09-02,58.15068435668945,58.44922760554732,57.56292577847466,57.56292577847466,926000
2021-09-03,58.24396896362305,58.41189996052922,57.63755107936012,58.22530956853173,860800
2021-09-07,58.001399993896484,58.3279340674116,57.00314549621745,58.24396856952664,828800
2021-09-08,58.13202667236328,58.197332787543736,57.53493659813051,57.768173740608255,691400
2021-09-09,58.27196502685547,58.775758093223,58.04805936996962,58.0573872894581,683600
2021-09-10,56.80723571777344,58.589167276986046,56.704610809513014,58.4025768582322,1002200
2021-09-13,57.6655387878418,57.768160116840534,56.42471577421012,57.115099119050726,1106000
2021-09-14,57.6842041015625,58.50519617129718,57.628225913615005,58.06671282191403,1144800
2021-09-15,58.11335372924805,58.37457812908556,57.2923581825816,57.70285417645706,1986400
2021-09-16,58.038726806640625,58.86905042332712,57.805489675709985,58.35592944706295,1081500
2021-09-17,57.12443923950195,58.402577755388265,56.8165680689075,57.96409435733459,1620100
2021-09-20,55.6503791809082,56.406065184567325,54.90401753736506,56.406065184567325,1156000
2021-09-21,55.30517578125,56.20080888149299,55.29584786388668,56.032877897629646,704800
2021-09-22,55.73434066772461,56.2008148818341,54.9693196823825,56.04221179840064,988800
2021-09-23,55.706302642822266,56.547506647238166,55.50067777045051,55.92127977265846,848100
2021-09-24,56.089508056640625,56.27644264617554,55.313734323469724,55.51001403801506,738600
2021-09-27,56.76247787475586,57.183079859648174,55.97735535811726,56.332530763746455,1034600
2021-09-28,55.27634811401367,56.940058516150664,54.85574616811364,56.54749907696452,895300
2021-09-29,54.61274337768555,55.48198636489181,54.54731679288348,55.25766409879797,817900
2021-09-30,54.257564544677734,55.69695645115933,54.18279283764922,54.76228693767485,1428400
2021-10-01,55.2109375,55.66892721025043,54.05194909792774,54.63144329896387,1147200
2021-10-04,53.86500549316406,55.874542824010355,53.7248036388226,54.96791581317436,1104700
2021-10-05,53.81826400756836,54.724890871462016,53.67806217595023,54.089315414959685,1381800
2021-10-06,53.70610427856445,53.77153085304404,52.26671250905177,53.34158377346936,1042100
2021-10-07,54.21083068847656,55.01464702433441,54.09867134745582,54.23886963236146,894600
2021-10-08,54.23887252807617,54.780982575334164,54.18279463731249,54.23887252807617,529500
2021-10-11,53.43505096435547,54.36972041819116,53.42570583862876,54.276254898999994,491700
2021-10-12,53.19204330444336,53.780886112155216,53.10792290334167,53.41636556254166,607100
2021-10-13,52.556461334228516,53.64067772449244,52.0330451727118,53.20138195383589,851500
2021-10-14,53.22943115234375,53.378978136507286,52.519080303455965,52.98641507465217,913700
2021-10-15,54.07063293457031,54.2575675607548,53.4537511639985,53.70611237452534,1395000
2021-10-18,52.640586853027344,53.49113596992198,52.43495841856449,53.49113596992198,1224000
2021-10-19,53.79022979736328,53.79957848916926,52.715361995956485,52.86490897552096,956300
2021-10-20,54.369720458984375,54.687508216146185,53.743493635875495,54.04258757608884,852100
2021-10-21,54.472537994384766,54.50058050425964,53.76219073438976,54.43515392368699,717400
2021-10-22,54.49122619628906,54.72489355010289,53.74349137718097,54.59404040244409,670500
2021-10-25,53.52852249145508,54.49123093187888,53.28550642569997,54.49123093187888,851600
2021-10-26,53.17333984375,53.70610109895994,52.89293974608382,53.47243375665801,951800
2021-10-27,52.78078842163086,53.126615142330124,52.07978628845382,53.126615142330124,1571400
2021-10-28,53.52852249145508,54.22017592218325,52.9770673459107,53.21073472003152,1459800
2021-10-29,53.472442626953125,53.967819899335915,53.0518406279418,53.44440368217946,1135300
2021-11-01,54.322994232177734,54.500583731804326,53.50983270727534,53.5285265264719,1112000
2021-11-02,55.00530242919922,55.57545143386128,54.17344708750465,54.921182025798565,1588900
2021-11-03,55.351131439208984,55.388515511137356,54.668823101147694,54.799676266600365,1407100
2021-11-04,51.350746154785156,54.715558828804525,51.11707875653998,54.50058525027675,3401000
2021-11-05,52.16390609741211,52.911640984585915,51.22923659707456,51.43486146262161,2829000
2021-11-08,52.32279586791992,52.949026259272145,51.808728378753216,52.21998165699037,1732000
2021-11-09,52.12651824951172,52.50973260047107,51.715264954610355,51.97697127268567,3715100
2021-11-10,52.08913040161133,52.687318306477245,52.01435869624366,52.238677377827806,2235000
2021-11-11,50.91144943237305,52.61254765806502,50.76190245315225,52.201290791096916,2083400
2021-11-12,51.34138870239258,51.6778702455652,50.967519528760626,51.06098860490896,2486900
2021-11-15,51.36943817138672,51.67788083767485,51.08903801643113,51.62179938049117,1542500
2021-11-16,51.12641906738281,51.677874179454136,50.87405789079279,51.565711279537936,2271300
2021-11-17,50.649742126464844,50.93014584659331,50.35064815277713,50.93014584659331,2755700
2021-11-18,50.07025146484375,50.80864132340731,49.84593275178752,50.64974563330095,2393800
2021-11-19,49.24773025512695,50.238481119854406,49.01406290108112,50.0889341558843,1196100
2021-11-22,48.93929672241211,49.415976609625694,48.57477617945797,49.20100304751123,1956900
2021-11-23,48.612159729003906,48.93929619734928,48.28502682613976,48.79909434441823,1024600
2021-11-24,47.91115188598633,48.86451510205889,47.63075177901929,48.33175382917728,1163400
2021-11-26,46.53719711303711,47.303625848304804,45.99508707002852,47.21015675529574,1011600
2021-11-29,45.509056091308594,46.985835593914594,45.3875516250039,46.864327562128764,3021800
2021-11-30,45.55579376220703,46.10724891906722,44.98564478717584,45.37820427232314,5485000
2021-12-01,45.15388107299805,46.72412598763486,45.1164934403922,46.0418141717612,3642800
2021-12-02,46.20071029663086,46.89236367945639,45.17257534789845,45.4062427058359,3351100
2021-12-03,47.40644454956055,48.01397766688815,46.81760168712036,47.28493649990236,3524000
2021-12-06,48.154170989990234,49.042107689771726,47.555983106279214,47.78030177993033,1919300
2021-12-07,49.20100021362305,49.77114915944768,47.90181022388157,47.90181022388157,2597300
2021-12-08,49.715065002441406,49.9487323566716,49.229036477784916,49.31315686792702,1387200
2021-12-09,49.593570709228516,49.82723811134713,49.004727857554755,49.359903307109896,1459400
2021-12-10,49.80854034423828,50.28522023797382,49.004723974171675,49.593566779182545,1880500
2021-12-13,49.93939208984375,50.16371077505907,49.107536798331246,49.51879009821349,1410200
2021-12-14,49.66832733154297,50.733849790955105,49.2290316080911,49.86460703396509,1900900
2021-12-15,50.481502532958984,50.5001963524486,49.229045151006765,49.62160822932568,2438200
2021-12-16,50.62169647216797,51.40681894042275,50.462804379601145,50.69647173842125,2254600
2021-12-17,49.920692443847656,50.93948223108866,49.72441272582858,50.631039618075135,3339000
2021-12-20,49.15426254272461,49.425317517018236,48.47195432726461,49.397275011259126,1893500
2021-12-21,49.50943374633789,50.490835793967754,49.303805360279675,49.53747268426205,1770600
2021-12-22,50.836669921875,50.93013900452144,49.50944103762392,49.50944103762392,1805200
2021-12-23,51.80873107910156,51.911545295389935,50.78059604718022,50.920794333997925,1314700
2021-12-27,52.29475402832031,52.416262049550014,51.68721748765263,51.911539714116635,1268500
2021-12-28,52.36952590942383,52.79012785708487,52.17324618900896,52.29475421066233,772100
2021-12-29,52.94902420043945,53.16399773971461,52.1639017430741,52.3975690986533,1112400
2021-12-30,52.630619049072266,53.25806420769565,52.56506518391513,52.967755254119105,1119100
2021-12-31,52.24665451049805,52.91155998209643,52.2185574476354,52.55569362264793,578900
2022-01-03,53.276790618896484,53.29552080367393,51.778411560875014,52.19046490872655,1344400
2022-01-04,53.54838180541992,54.01662578512984,53.14569169707595,53.27679943980783,1438200
2022-01-05,52.686805725097656,54.26010562445124,52.64934892552653,53.79186169184405,1264600
2022-01-06,52.649349212646484,53.22997069196884,52.04063066797045,52.8366439287766,1986600
2022-01-07,52.81791687011719,53.3329844799711,52.480780668054926,52.82728017687772,1239100
2022-01-10,51.92825698852539,53.15505390360249,51.094783293495546,52.78046087104577,1500100
2022-01-11,52.75237274169922,52.77109935867654,51.516205248513735,51.91889538947468,1183900
2022-01-12,51.310176849365234,52.892840236163025,51.216525908703225,52.81792305605153,1707000
2022-01-13,50.570350646972656,51.43191786916039,50.42051271387835,51.37573087701134,1576400
2022-01-14,50.51415252685547,50.85128871899573,49.60576175627484,50.16765302823023,1269800
2022-01-18,49.78369903564453,50.85129472183675,48.89403477301168,50.10210507998414,1563800
2022-01-19,49.652587890625,50.68272313099264,49.605764211047884,49.98035722008259,1027000
2022-01-20,49.92416763305664,50.8231950948118,49.4559237168403,49.61512493359342,1147900
2022-01-21,49.56830596923828,50.33622577905083,49.3341839888706,49.78369776248639,1271100
2022-01-24,50.45797348022461,50.50479716485006,48.332145331982076,49.16561906453685,1739500
2022-01-25,49.371646881103516,50.32686503841069,47.83580718314935,49.858621053794515,1785600
2022-01-26,49.17497253417969,50.73890900918759,48.753555884444246,49.75559753910917,1560900
2022-01-27,49.40909957885742,50.280033603660904,48.922129019052576,49.38100608528885,1074100
2022-01-28,50.04591751098633,50.074014580273975,48.76292994928798,49.3529183904735,898800
2022-01-31,50.02717971801758,50.448599969093216,49.59639616021478,49.90543886847614,1262300
2022-02-01,49.73687744140625,50.26130842651597,49.1937126954933,49.94290594122401,1539000
2022-02-02,50.20512008666992,50.373688205194476,49.56830798833672,49.69005242336402,1269500
2022-02-03,49.2592658996582,50.261307743933756,49.15625522356643,50.01782244307068,941700
2022-02-04,48.97831726074219,49.37164404286593,48.07928971934205,48.856572831463666,892600
2022-02-07,48.80974578857422,49.17497547883797,48.444516098310466,48.89402983805183,892000
2022-02-08,49.63385772705078,49.72750508624792,48.32277326378422,48.744193525006885,1247800
2022-02-09,50.916847229003906,50.982401097634785,49.98035930865664,50.00845637551124,1505100
2022-02-10,50.860660552978516,51.88143253533261,50.48606395356827,50.48606395356827,2286700
2022-02-11,50.542259216308594,51.1603411621328,50.261309954409924,50.92621915882941,1805400
2022-02-14,50.139556884765625,51.057314485713896,49.72749997286658,50.4766930590767,1092600
2022-02-15,52.920936584472656,53.03331771932415,50.44860877643246,50.44860877643246,2334600
2022-02-16,53.03330993652344,53.37980945375328,52.08745517196438,52.81791815162825,3441300
2022-02-17,52.02190017700195,52.602521652921595,51.619210109330254,52.602521652921595,991600
2022-02-18,51.591121673583984,52.349678204523904,51.3663629921291,51.64731223705221,1804100
2022-02-22,51.87206268310547,52.424590670744344,51.31017138860595,51.553656663577684,1880500
2022-02-23,51.9001579284668,52.883473085668285,51.74095669953648,52.162376970848854,1463500
2022-02-24,52.705543518066406,52.85538145523006,50.55162183168202,50.84193439786957,2101300
2022-02-25,54.96247482299805,54.97184170276643,52.91156756112404,52.96775812248064,2660000
2022-02-28,50.70146560668945,51.22590023335555,49.44657139879658,50.8044798701791,7547500
2022-03-01,50.90748596191406,51.73159636512504,48.126115583838306,50.720187655854566,5353600
2022-03-02,49.146881103515625,51.80650669518261,49.12815091814404,50.76700462777361,4347600
2022-03-03,49.914798736572266,50.08336682538987,49.02513461723882,49.399731164037355,3276600
2022-03-04,49.23116683959961,49.605763415041054,48.53816781917595,49.35291126248073,2580500
2022-03-07,48.229129791259766,49.04387331367001,47.751522504996665,48.978319442465626,1842100
2022-03-08,47.236446380615234,48.53816750707441,47.18962270209056,48.41642308497611,2031300
2022-03-09,48.05119323730469,49.39973446555468,47.9481790014295,48.52880047259604,2484900
2022-03-10,47.461212158203125,47.93881946666525,46.918047403071476,47.36756478710646,3860600
2022-03-11,45.672508239746094,47.90135009690858,45.56013070942365,47.72341513711267,3332700
2022-03-14,44.661102294921875,45.83171205537984,44.38952354553292,45.76615819458759,2510900
2022-03-15,44.67983627319336,45.3166483227426,44.44571430122431,44.820310885341904,2054400
2022-03-16,45.53203582763672,45.981549542866794,44.78284630225326,45.36346773787326,2533600
2022-03-17,45.66314697265625,45.84108195431653,45.082525493491,45.18553973078532,2638900
2022-03-18,45.56949996948242,45.76616156634794,44.829673688987086,45.34474130705201,6865400
2022-03-21,46.122032165527344,46.63709983055723,45.69124856004184,45.897273482602955,2982200
2022-03-22,46.524715423583984,47.086606689517815,46.09393188154021,46.112662066727005,2983300
2022-03-23,46.3467903137207,46.90868165592169,46.103301445660385,46.46853117533283,1584900
2022-03-24,46.182472229003906,46.56740426998031,46.079200748979396,46.4641327899558,1350300
2022-03-25,46.65190887451172,46.66129947143001,46.07920781371289,46.370251851839775,1113800
2022-03-28,46.79274368286133,46.980516243213465,46.19187435490544,46.7645790523208,1339900
2022-03-29,46.68946838378906,47.543830127125005,46.09798607487536,47.22461785041357,2238800
2022-03-30,46.52047348022461,47.102565191881794,46.16370597499951,46.52047348022461,1735800
2022-03-31,46.21065139770508,46.80213012052486,45.88204852578599,46.45475321612002,1677900
2022-04-01,46.23881530761719,46.60496982026769,45.27179148380034,46.42658786272256,1838400
2022-04-04,45.703670501708984,46.2012647791009,45.63795063795775,46.0510474360318,1036400
2022-04-05,45.6567268371582,46.126156467369476,45.44078963703668,45.51589651550928,1410600
2022-04-06,45.318729400634766,45.7130485053932,45.00890417707034,45.375062236227365,1706000
2022-04-07,45.13096618652344,45.393845644000855,44.78358924893342,45.121579169383814,1240400
2022-04-08,45.112186431884766,45.46895395116305,44.83991638871281,45.08402180033726,1252100
2022-04-11,45.515892028808594,45.67549994970838,44.18271372952845,44.28598522956537,1728600
2022-04-12,45.48773193359375,46.022881426103716,45.18729725644654,45.50650954859844,1266300
2022-04-13,45.76938247680664,45.872657553891,45.084015743339805,45.43139261778993,1213400
2022-04-14,46.069828033447266,46.342098104590065,45.65673120863571,45.83511319586847,887800
2022-04-18,45.7412223815918,46.36086932403615,45.49711697857401,46.06982167627301,1254500
2022-04-19,39.61986541748047,40.93426636295414,38.643450830696004,39.4602574650906,15548800
2022-04-20,40.267669677734375,40.539939699624696,38.91571374717068,39.51658304964343,4878700
2022-04-21,39.51658248901367,41.009368708056265,39.44147203653841,40.408499414108164,3687100
2022-04-22,38.446285247802734,39.507197154656666,38.16462820195986,39.20675891343213,3190600
2022-04-25,38.99082565307617,39.028380884695096,37.601314316352116,38.427511504648365,2020000
2022-04-26,38.324241638183594,38.94388871859729,38.2585217646143,38.49323662206592,1344000
2022-04-27,37.82664489746094,38.40873670436809,37.62948528920494,38.27729696553076,1409400
2022-04-28,37.73275375366211,37.90174871317594,36.822062673464195,37.90174871317594,1700600
2022-04-29,37.54498291015625,38.343011838515096,37.48865006593908,37.71397427988012,1852100
2022-05-02,37.22577667236328,38.03319274857906,36.90656433284936,37.507433776295706,1911600
2022-05-03,38.19279098510742,38.67160758173844,37.24454122615512,37.28209645217498,1797900
2022-05-04,39.38514709472656,39.46964457228927,37.864196080061774,38.06135566722012,1658800
2022-05-05,38.314842224121094,39.50719374400178,37.995629977999776,39.253701350188095,1774400
2022-05-06,38.10829544067383,38.2303481406668,37.526203733840944,38.183402315040816,1537200
2022-05-09,36.850223541259766,38.06135276688046,36.700006212757756,37.72336288238505,2675400
2022-05-10,34.15570068359375,35.545211950562454,32.860073909495206,33.09478872313446,10831600
2022-05-11,35.37621307373047,36.61550686574635,34.1650839101584,34.24958137695328,6894900
2022-05-12,35.53582000732422,36.03341782880017,34.83167559305917,35.113336223936145,4186200
2022-05-13,35.8925895690918,36.23057948033142,35.545212640968366,35.62971011877827,2041500
2022-05-16,35.920745849609375,36.17423822410194,35.64847944571416,35.864416598475295,1826700
2022-05-17,36.58734130859375,36.784500865622746,35.995859056043415,35.995859056043415,1672100
2022-05-18,35.31987380981445,36.54978036241957,35.16965651633666,36.3807854595742,1860600
2022-05-19,35.03822326660156,35.24477342611269,34.58757130341102,34.95372579966187,1733400
2022-05-20,35.441932678222656,35.50765253177116,34.56879338797718,35.404377452919675,1618100
2022-05-23,36.146080017089844,36.277519735026885,35.43254858480431,35.76114787964691,1747400
2022-05-24,35.77053451538086,36.117915002190806,35.423157610034586,36.117915002190806,2454300
2022-05-25,36.221195220947266,36.521629924595764,34.906790706386936,35.732987932152405,1934200
2022-05-26,36.568565368652344,36.79388956371484,36.13669101022963,36.24935310776088,1635100
2022-05-27,37.29148864746094,37.34781790744112,36.63428648980429,36.79389083503299,1759200
2022-05-31,37.14126968383789,37.32903865079305,36.83144444172762,37.29148700628011,2911600
2022-06-01,36.653072357177734,37.47926606228131,35.93015017911378,37.35721691719873,2058600
2022-06-02,39.24430847167969,39.34758354257688,37.094320338433405,37.2727058541515,3367900
2022-06-03,38.014408111572266,39.00959650671334,37.87357780814573,38.91571202540459,1669500
2022-06-06,37.958072662353516,38.305449517052104,37.451087902655146,37.451087902655146,1214700
2022-06-07,38.042579650878906,38.117686533277926,37.300879936819356,37.64825687852591,1540000
2022-06-08,37.55437469482422,37.94869391001703,37.45109959137917,37.94869391001703,1245300
2022-06-09,36.70939254760742,37.40414991744992,36.69061851567376,37.19759975154418,1145300
2022-06-10,35.883201599121094,36.5310131908147,35.883201599121094,36.14608104245233,1513900
2022-06-13,34.49369430541992,35.40438544508382,34.371641586364845,35.27294570831568,3197600
2022-06-14,33.413997650146484,34.79412176151756,32.99151031182233,34.79412176151756,3171200
2022-06-15,33.19805908203125,33.97731028987586,32.68168728192266,33.76137312188366,4212800
2022-06-16,32.615970611572266,32.73801973051902,31.714663045840098,32.70985510021803,3642200
2022-06-17,33.169898986816406,33.47972067663031,32.42819932054294,33.00090403547653,4637800
2022-06-21,33.02906036376953,33.695649403446666,32.982118129412235,33.58298732469658,3774900
2022-06-22,33.357666015625,33.79893098285845,32.62535699039808,32.756796704519466,2976100
2022-06-23,33.86172866821289,33.8711524199124,33.23989403804899,33.41890937925758,1480300
2022-06-24,34.634315490722656,34.88870290812765,33.86173307968914,34.21034005582301,2721300
2022-06-27,34.60605239868164,35.02060768648473,34.238605094520686,34.66258413551746,1594500
2022-06-28,33.75810241699219,35.124252095518315,33.74867866254057,34.83218040148465,1242900
2022-06-29,34.28571319580078,34.44588465366414,33.77693834485899,33.81462616954552,1387500
2022-06-30,33.663875579833984,34.03132285376458,33.381224107126485,33.96537096326978,1286100
2022-07-01,34.1067008972168,34.16322903927184,33.28701049044007,33.484866175850186,1252700
2022-07-05,34.01247787475586,34.05958944715113,33.013775796283184,33.70156234277554,1010200
2022-07-06,33.56023406982422,34.43645610414801,33.249318544736454,34.22918028545892,1627100
2022-07-07,33.409488677978516,33.85231160147354,33.25874098399637,33.72040781850273,1947600
2022-07-08,33.173946380615234,33.88057689559396,33.02319868118412,33.42833379730062,1523800
2022-07-11,32.74996566772461,33.13625685227282,32.561533748712584,32.844185221339096,1390500
2022-07-12,32.80650329589844,33.155106721652075,32.63691166302172,32.7876593817889,1463000
2022-07-13,32.6557502746582,32.88187361314678,32.1752431222692,32.32599081655874,1768200
2022-07-14,32.22235107421875,32.40136283786966,31.95853991386497,32.19408341061495,1274600
2022-07-15,32.89129638671875,33.23047962436493,32.3731013710299,32.78765666475922,1477700
2022-07-18,32.76880645751953,33.23047324098981,32.655746598058535,32.97608586162147,1298200
2022-07-19,33.805206298828125,33.84289052972736,33.16452765012649,33.21163563433215,1597700
2022-07-20,34.040748596191406,34.35166415611311,33.59792565346037,33.758097106960214,1401300
2022-07-21,34.361087799072266,34.41761594027231,33.842889210680674,33.946528928358994,1264700
2022-07-22,33.880577087402344,34.587207606381526,33.522553545544476,34.511835553293594,1258200
2022-07-25,33.68272399902344,34.14439088839002,33.522556127557024,33.96537550956408,882400
2022-07-26,33.75810241699219,33.89942638678321,33.362387394536974,33.72983474774658,1536500
2022-07-27,34.37993240356445,34.45530445805275,33.76751783809411,33.81462582141288,1958300
2022-07-28,34.248023986816406,34.66258285339428,33.85231262592877,34.53067906643173,1612000
2022-07-29,34.069007873535156,34.351659322998636,33.50370497460819,34.351659322998636,1920800
2022-08-01,33.899417877197266,34.408192666592186,33.81462207896478,34.08785338372594,1424600
2022-08-02,33.513126373291016,33.88999738260507,33.343534778510524,33.76751376546176,2420000
2022-08-03,33.82404708862305,34.12554247263513,33.55081577370319,33.82404708862305,1907100
2022-08-04,33.83346939086914,34.21976060074444,33.47544225187708,33.89942128566916,1192400
2022-08-05,34.709686279296875,35.293833085216676,32.919554449213,32.919554449213,3710200
2022-08-08,34.85102081298828,35.3409481719465,34.803909233684436,34.803909233684436,1139700
2022-08-09,34.21033477783203,34.85101330190951,34.12553898511271,34.85101330190951,1003900
2022-08-10,34.89812469482422,35.06771629687241,34.568361649015635,34.71910934037975,1454800
2022-08-11,35.020599365234375,35.67070160499479,34.84158763228575,35.12423906108649,1455400
2022-08-12,35.47284698486328,35.50111105032419,35.03002412406629,35.08655584909612,982700
2022-08-15,35.42573928833008,35.623598550502855,35.180775641313495,35.33152333042564,1144900
2022-08-16,34.65315246582031,35.28441080356222,34.16322164082736,35.16192719878699,2362800
2022-08-17,33.68272399902344,34.417618645250904,33.42833656130417,34.351666745928384,2193700
2022-08-18,34.257450103759766,34.28571417602834,33.52255547190575,33.871158874950744,2439300
2022-08-19,33.71098327636719,34.3045538799418,33.45659587483521,34.21033792120038,1506500
2022-08-22,32.47673416137695,33.24931644040576,32.316562735959344,33.24931644040576,2533800
2022-08-23,32.31657028198242,32.69344135228842,31.90201497993294,32.32599403549997,3124200
2022-08-24,32.37310028076172,32.58979987660232,32.052760966451984,32.24119649147689,4222500
2022-08-25,32.74996566772461,32.778233330863195,32.24119445464027,32.57095390701979,1674300
2022-08-26,31.66646385192871,33.20220824242952,31.647619943529605,33.117412451687564,2240200
2022-08-29,31.1671142578125,31.741837316298223,31.09173862083249,31.61935729736799,1555700
2022-08-30,31.03520965576172,31.23306892339301,30.639498308716163,31.204801259955104,2640000
2022-08-31,30.87504005432129,31.449766725504567,30.80908816688468,31.251907469086436,1738300
2022-09-01,30.309736251831055,30.827934833905392,29.848072998484902,30.743139029030377,1574900
2022-09-02,29.961130142211914,30.780820451870998,29.74443057042196,30.488748834901557,1764700
2022-09-06,29.2639217376709,30.12129986947546,29.188547895217337,30.027083914199128,1769300
2022-09-07,30.07419204711914,30.149565889961877,29.10375224809649,29.188548045926343,3087600
2022-09-08,31.006942749023438,31.006942749023438,29.555995884801405,29.838647334555773,1819700
2022-09-09,31.996225357055664,32.005649108925795,31.054051440105084,31.176535055658974,1843000
2022-09-12,32.184661865234375,32.66516899649031,31.958538536690867,32.02449401951852,2018900
2022-09-13,31.025793075561523,31.64762783128401,30.950417423178713,31.562832019407807,1724700
2022-09-14,30.677186965942383,31.120006305298336,30.422799552724992,30.818510910546305,1670800
2022-09-15,31.07290267944336,31.864329100133695,30.827938984659994,30.884467132782017,1969500
2022-09-16,30.196672439575195,31.0069425596004,30.16840837300488,30.85619488104512,4361900
2022-09-19,30.055349349975586,30.17783117564226,29.405248806064456,30.064771305342905,1677700
2022-09-20,29.056644439697266,29.706744961166656,28.811678999765988,29.706744961166656,1835900
2022-09-21,29.000112533569336,29.716164894564706,29.000112533569336,29.15086020987846,6053100
2022-09-22,27.84123992919922,28.868209694159592,27.709336149240567,28.82110171476128,3841800
2022-09-23,28.246374130249023,28.284061950222004,27.558587589229628,27.596275409202608,2828600
2022-09-26,27.973146438598633,28.547871354042215,27.82239874303432,28.1992679819451,4793900
2022-09-27,27.652807235717773,28.811680823431814,27.530323609472315,28.312327956920118,3998600
2022-09-28,28.057945251464844,28.265222905834687,27.539748419958524,27.79413585740411,2253700
2022-09-29,27.580135345458984,27.88290155503887,27.267907466251106,27.788288468016873,1925400
2022-09-30,26.823217391967773,27.91128403582855,26.756987515199636,27.617979522443026,2618400
2022-10-03,27.6085205078125,27.80721015721791,26.60560698184692,27.069217968421846,2129100
2022-10-04,28.318130493164062,28.53574348962267,27.826134480156664,27.826134480156664,4285200
2022-10-05,28.61143684387207,28.70605174534164,28.034287569073918,28.081595922123274,2384700
2022-10-06,27.835596084594727,28.65874332767284,27.750442859289095,28.564128432374467,1824800
2022-10-07,26.879987716674805,27.646364901186747,26.709681274643497,27.646364901186747,1801300
2022-10-10,26.56776237487793,27.296294755433312,26.510994156996595,27.097603285904974,1699700
2022-10-11,26.643449783325195,27.163828942873966,26.217683703964326,26.331221926670167,1887800
2022-10-12,26.5109920501709,26.662375155576797,26.17984083035963,26.605606942206826,2137100
2022-10-13,27.438213348388672,27.608519788946886,25.810844102909275,26.227146730241657,1983000
2022-10-14,26.946218490600586,28.081593605305198,26.870526936595546,27.712597505109247,1618700
2022-10-17,27.646366119384766,27.930210803487135,27.26790834521062,27.324676560179487,1844500
2022-10-18,27.816675186157227,28.51682258541266,27.58960050028756,28.223518008409656,1218300
2022-10-19,27.267911911010742,27.82613787765219,27.18275867510752,27.6369080635052,1941300
2022-10-20,27.09760093688965,27.788288380526744,27.069217732724,27.33413726295783,1996200
2022-10-21,27.49498176574707,27.523366774261774,26.473144919393803,27.002987583894708,2024600
2022-10-24,27.920751571655273,28.005904803858847,27.49498541063739,27.75044510724812,1267200
2022-10-25,28.677663803100586,28.687125472743624,27.882901599375163,27.920748277947308,2188900
2022-10-26,29.21696662902832,29.50081130723704,28.800663988395232,28.961508764658145,2317700
2022-10-27,28.86689567565918,29.292660012632517,28.658744342336377,29.207508588941124,2451000
2022-10-28,29.198041915893555,29.264271792210916,28.658739432019285,29.008812151019278,1665400
2022-10-31,29.16019630432129,29.28319619736309,28.942583330021304,29.027736546856747,2338400
2022-11-01,29.33050537109375,29.406196925672702,25.990611690460824,26.094688254742763,5422100
2022-11-02,26.662372589111328,29.396731697509153,26.53937269991565,29.396731697509153,3944000
2022-11-03,25.385082244873047,26.435304267450732,25.053930977835748,26.35015103293745,3282700
2022-11-04,25.68784523010254,26.16091789292074,25.309387460773777,25.678383560290694,2786600
2022-11-07,26.52045440673828,26.700220721170773,25.810845405032826,25.810845405032826,2323700
2022-11-08,26.56776237487793,27.173294844623125,26.132536363405848,26.52991749783341,3147200
2022-11-09,27.192216873168945,27.494983093430104,26.151456637549444,26.444762992477838,2582800
2022-11-10,28.64927864074707,28.885814951769866,28.176206018701485,28.355972315746044,3144400
2022-11-11,30.323955535888672,30.54156851741986,28.69658630214437,28.980429164608626,4094400
2022-11-14,28.715511322021484,30.087420977088843,27.21114009270414,27.71259777068626,5199500
2022-11-15,29.65219497680664,30.267189084326393,28.620896416119933,28.620896416119933,3291600
2022-11-16,28.952043533325195,30.096878361175396,28.72496890146967,29.661652434609497,2915300
2022-11-17,29.037199020385742,29.06558222369802,28.138360286499804,28.384358274769944,2576500
2022-11-18,29.45350456237793,29.77519413242063,29.216968219971772,29.567042800769677,1962700
2022-11-21,28.952043533325195,29.41565446560882,28.70604556432452,29.216963034842262,1761700
2022-11-22,28.734432220458984,29.141273164674846,28.41274268902962,28.961506865356974,2033200
2022-11-23,29.311580657958984,29.462963760024152,28.60197169029267,28.7249715886137,1435400
2022-11-25,29.78465461730957,29.869807841557208,29.02773907358505,29.26427540657759,614300
2022-11-28,28.819583892822266,29.595424525664434,28.65874093028774,29.53865451045697,2253800
2022-11-29,28.58304786682129,29.179120400148232,28.46004977521432,28.734432770949017,1383600
2022-11-30,28.630359649658203,28.687127867626632,27.163833215879112,28.42220831402123,3719800
2022-12-01,29.746810913085938,29.80357912994207,28.78174220338636,28.78174220338636,2863300
2022-12-02,29.973878860473633,30.030647064593765,29.169655116152285,29.27373166089642,1483500
2022-12-05,28.970970153808594,29.87926878417,28.76281703087905,29.87926878417,1595900
2022-12-06,28.48843765258789,29.216968215571026,28.261362980467673,28.885818779955546,1531200
2022-12-07,28.157285690307617,29.06558435549704,27.882902673971834,28.545205137477563,1545400
2022-12-08,28.64927864074707,28.885814951769866,28.03428278838474,28.18566768769786,1354400
2022-12-09,28.630359649658203,28.980432432530808,28.412746643588306,28.46005319112381,1185600
2022-12-12,28.876354217529297,28.94258409801899,28.251898480585186,28.67766277143132,1416700
2022-12-13,29.9549617767334,30.115806559170856,29.491350769620507,29.926576766434184,2244400
2022-12-14,30.323955535888672,30.40910875555373,29.396733593567927,29.794114683795232,2730600
2022-12-15,29.57650375366211,30.210421208120508,29.529195403550865,29.80357842030898,2186500
2022-12-16,28.876354217529297,29.746807942455764,28.450588122054267,29.368350193494017,4950300
2022-12-19,28.952043533325195,28.980426734414163,28.43166258960612,28.734430570042246,1454300
2022-12-20,29.21696662902832,29.425119753973842,28.45058942665984,28.819585523239297,2248600
2022-12-21,29.642732620239258,29.756270851974406,29.453502835557,29.52919438850411,1562000
2022-12-22,29.78465461730957,29.803577957059936,28.97097085896296,29.481888399819763,1811800
2022-12-23,30.11580467224121,30.163111215146827,29.557578803736067,29.623808685655504,1266800
2022-12-27,30.342880249023438,30.437493337711153,29.775192693752192,30.210420481157442,998800
2022-12-28,29.311580657958984,30.541568813395696,29.3021189885013,30.456415592905422,1430500
2022-12-29,30.665298461914062,30.93129485099842,29.29733101015881,29.506325584525353,1139500
2022-12-30,30.247312545776367,30.731799937588843,29.905319740318138,30.36130893963577,1353000
2023-01-03,31.05478858947754,32.118766869559856,30.000313933483326,30.418304882961444,1653800
2023-01-04,32.09027099609375,32.327765609442885,31.282790760258766,31.558285381475017,3697800
2023-01-05,31.43478775024414,31.86227878696882,30.969296704948313,31.814780588195028,4455700
2023-01-06,31.75777244567871,31.9382670043665,31.007288775975876,31.700772447413403,2058700
2023-01-09,31.339792251586914,32.00477430125362,31.282792237095318,31.520286861656395,1468900
2023-01-10,31.65328025817871,31.833774851064998,30.883796443259204,31.17829105427581,1356400
2023-01-11,33.35374450683594,33.43924271369463,31.843278601585826,32.06177321380688,2738100
2023-01-12,34.19922637939453,34.294222780896234,33.24924786885579,33.87623354085614,3225900
2023-01-13,34.72170639038086,34.91170277652564,33.9617244696814,33.9617244696814,1967100
2023-01-17,34.97820281982422,35.10170102093821,34.33221724706159,34.68370822451543,1470300
2023-01-18,35.07320022583008,35.83318583274102,34.959203834345416,35.07320022583008,1982800
2023-01-19,34.78820037841797,35.177691292205914,34.32271309368271,34.826200375831235,2011300
2023-01-20,35.12070083618164,35.19669721993084,34.66471166204697,34.816708053425195,1493700
2023-01-23,35.53868865966797,35.918681435652594,35.19669588605774,35.19669588605774,1644800
2023-01-24,34.094722747802734,35.32969389056398,33.85722815789173,35.18719931094529,2067600
2023-01-25,34.759708404541016,34.759708404541016,33.90472642933651,33.90472642933651,1797000
2023-01-26,35.01620101928711,35.082699210949244,34.51271367559389,34.902204636991975,1494800
2023-01-27,35.14919662475586,35.35819300757155,34.512712911823826,34.81670567380324,2280900
2023-01-30,34.70271682739258,34.96871329755455,34.53172039081729,34.788215045680225,1346300
2023-01-31,34.98770523071289,35.15869800395014,34.49371604169443,34.702708819597696,2124900
2023-02-01,35.605186462402344,35.78568103588681,34.87370273215535,34.949702736072794,1648900
2023-02-02,37.676143646240234,37.74264184511913,36.08968143887219,36.11817963156884,2232800
2023-02-03,36.51716995239258,37.51465021413559,36.34617354317264,37.21065377917114,1525700
2023-02-06,36.184669494628906,36.75465496053546,36.03267312879521,36.194167682046356,1366700
2023-02-07,36.707157135009766,36.792655318120595,35.671680750169365,35.94717529840196,2200100
2023-02-08,36.09918212890625,36.517171354222995,35.94718571752923,36.45067315073807,1292500
2023-02-09,34.778709411621094,36.29867338492845,34.446214801042636,36.22267699820306,2862100
2023-02-10,34.094722747802734,34.73121013318175,33.74323176942081,34.503213732360045,2137200
2023-02-13,35.044700622558594,35.044700622558594,33.95222769841165,34.16122047040335,2602300
2023-02-14,35.13970184326172,35.38669462736164,34.579214454544285,35.234698231635555,1155500
2023-02-15,34.759708404541016,34.940202988693144,34.49371562286844,34.750210215429796,2488000
2023-02-16,34.00922775268555,34.66471520184173,33.59123853968233,34.14222415573747,1704300
2023-02-17,34.0472297668457,34.199226182702496,33.53424050437387,33.85723334105461,1334300
2023-02-21,33.629234313964844,33.9237252768278,33.2682415340673,33.73372888615121,1574100
2023-02-22,33.38224411010742,33.88573155848111,33.23974950858224,33.66723693703818,1195900
2023-02-23,33.4582405090332,33.790731500488775,33.135247707099204,33.60073509513701,1434600
2023-02-24,32.61275863647461,33.144744195499904,32.5177586267345,32.90724960696937,2353800
2023-02-27,32.821746826171875,33.13524137871102,32.63175045710688,32.992743195942445,1800800
2023-02-28,36.165679931640625,36.97316017865585,34.66471583890967,36.33667634553001,5997300
2023-03-01,35.49119567871094,36.57417053820313,35.187202862849276,36.57417053820313,2789400
2023-03-02,35.79518127441406,35.96617765183001,34.85470119862634,35.22519576561389,2101500
2023-03-03,36.80215835571289,36.859154730433,35.842678310624954,36.11817286803669,1853500
2023-03-06,37.30564880371094,38.15112892285307,36.40316868116563,37.362648807114105,4662500
2023-03-07,36.659664154052734,37.62864249224247,36.48866776355574,37.36264971763814,2229400
2023-03-08,36.05168151855469,36.716667132807515,35.918685120480134,36.64066712026202,1348300
2023-03-09,35.23469924926758,36.37467406207742,35.21569924626808,36.156179463403205,2065300
2023-03-10,35.08269500732422,35.37718955216981,34.39870954774953,35.11119319351342,2147000
2023-03-13,35.67168426513672,36.45066617740287,34.626709589817615,34.740705970571796,3378900
2023-03-14,36.22267532348633,36.94465727145727,35.91868254287964,36.32717352129734,2626200
2023-03-15,35.34870147705078,35.947188986724534,35.044708626650284,35.55769792065636,2208500
2023-03-16,35.56719207763672,35.671690287586976,34.72171183186493,34.96870825972558,1622000
2023-03-17,35.03520202636719,35.56718757494047,34.91170382807135,35.50068938136881,3143600
2023-03-20,35.13970184326172,35.33919643317473,34.68370903220353,35.04470183100796,2062500
2023-03-21,35.82368850708008,36.00418674207805,35.35820106961042,35.4151974605526,2078500
2023-03-22,34.560218811035156,35.728691930031765,34.52221880134086,35.70019373470124,1932300
2023-03-23,34.92120361328125,35.25369822021872,34.5887126302237,34.63621082439193,1616600
2023-03-24,35.386695861816406,35.41519405454672,34.6172120431774,34.75021206497233,1834200
2023-03-27,35.65269088745117,35.8141891120769,35.2537016687528,35.68119270584411,1591900
2023-03-28,35.8616828918457,35.87118108088609,35.04470092693917,35.510191915274234,1510400
2023-03-29,35.833187103271484,36.23217629955466,35.46269609989994,36.17517991373139,1293100
2023-03-30,36.76763153076172,36.86298181393545,36.138310204626706,36.348081555084946,1982600
2023-03-31,37.454166412353516,37.48277441090699,36.96787408551176,36.96787408551176,1864500
2023-04-03,37.29206848144531,37.740222852074105,37.05368911619688,37.42556034400356,1590800
2023-04-04,37.158573150634766,37.65440262055815,37.110894372130886,37.501839986534044,1405100
2023-04-05,37.40648651123047,37.69254099875099,37.025081740329824,37.09182766617194,2608800
2023-04-06,37.702083587646484,37.8832506068639,37.416029059320834,37.826038246246505,2465700
2023-04-10,37.93091583251953,38.007198960053515,37.39694848930054,37.48276518908641,1838000
2023-04-11,38.87490463256836,39.06560883905388,38.140695801896236,38.15976658628281,2211600
2023-04-12,38.62698745727539,39.408875055142104,38.51256639015983,39.25630878248117,1871500
2023-04-13,39.26585006713867,39.31352521360155,38.58885353017641,38.79862490208919,1809600
2023-04-14,39.23724365234375,39.36119829918109,38.989327083908414,39.15142693825157,2510400
2023-04-17,39.0179328918457,39.380270546733534,38.808161523125776,39.2277078979461,1496300
2023-04-18,38.67466735839844,39.227705563321315,38.665130147390315,39.199101205057445,1226600
2023-04-19,38.703269958496094,39.04653679158999,38.47442419064013,38.503032184984676,1693100
2023-04-20,38.9511833190918,39.14188752159374,38.331399207685635,38.445820274234755,1205200
2023-04-21,39.18003463745117,39.30399293223691,38.922584473225704,39.02747198132282,1726900
2023-04-24,39.513755798339844,39.58050171868019,39.18955976923821,39.294447254738714,1412800
2023-04-25,39.065608978271484,39.68539310483289,38.99886305137072,39.21817161652754,1719500
2023-04-26,39.0274658203125,39.18956202550578,38.77954926987798,39.0274658203125,1408100
2023-04-27,39.437477111816406,39.532827389286666,38.60791805820936,39.04653515438044,1941400
2023-04-28,39.980987548828125,40.28611284625906,39.21817430525079,39.41841209968101,1912600
2023-05-01,40.41960144042969,40.457743008869116,39.64725468512222,39.780746537280045,1524700
2023-05-02,40.14308166503906,40.60077322454642,39.942843881117255,40.2765771583672,3066800
2023-05-03,38.598392486572266,41.23010313189596,38.3886174480285,40.63891959370553,3006200
2023-05-04,38.9511833190918,39.180029089570155,37.52090725639741,38.598382908760286,2571100
2023-05-05,39.38026809692383,39.56143873178752,38.913046605431674,39.11328438749974,1419400
2023-05-08,39.39933776855469,39.475620904738285,38.836762370031124,39.22770434952173,974400
2023-05-09,39.0179328918457,39.24677868371709,38.65559887433834,39.1228203948959,1670900
2023-05-10,39.12281799316406,39.55190155321887,38.57931336288805,39.342126559996466,1027000
2023-05-11,39.084678649902344,39.37073313381536,38.66512867860849,39.04653708207925,932600
2023-05-12,38.97979736328125,39.180035170163386,38.75095155728689,39.1037520223717,794000
2023-05-15,39.03700256347656,39.218173204439985,38.84630198597033,39.218173204439985,1053700
2023-05-16,38.54117202758789,38.87490530404711,38.36954223990461,38.87490530404711,690500
2023-05-17,38.27418518066406,38.8367605528648,37.902314002619164,38.67466435212932,2938800
2023-05-18,38.617454528808594,38.73187559783491,37.9690624086925,38.18837097323468,938900
2023-05-19,38.32186508178711,38.80816101918131,38.21698121747935,38.741415088539824,1023900
2023-05-22,37.578121185302734,38.44582188758793,37.463700113952015,38.29325924666022,2880800
2023-05-23,36.28134536743164,37.416033683606294,36.071573960669994,37.416033683606294,2093900
2023-05-24,35.40410614013672,36.30994850148267,35.19433112412085,36.10970706011269,1555000
2023-05-25,35.194332122802734,35.34689478313052,34.72710692952221,35.29921963378698,1440800
2023-05-26,35.24200439453125,36.0238884195406,34.8415288078886,35.17525846342414,1655800
2023-05-30,34.7652473449707,35.318289243585,34.53640518079836,35.25154330925301,1788800
2023-05-31,34.4410514831543,34.73664322105824,33.87847600609882,34.565009778066354,5745700
2023-06-01,35.909461975097656,35.91899554781051,34.32662337603141,35.709224211708644,2723200
2023-06-02,36.986942291259766,37.06322179485841,35.871324997414206,35.89993299397151,2331600
2023-06-05,37.11089324951172,37.29206387263369,36.843909557390916,36.967867830467,1298200
2023-06-06,37.31114196777344,37.52091335095684,37.015550224013154,37.22532524457727,1162500
2023-06-07,37.55904769897461,37.74021832274401,37.15857215936227,37.23485165564938,1118600
2023-06-08,36.91065979003906,37.597193521228064,36.55785935034712,37.55905195007747,2004900
2023-06-09,36.63413619995117,36.996473824858,36.47203999038084,36.92972789887256,944800
2023-06-12,36.901119232177734,36.99646950462817,36.38621903123401,36.56738600384173,1309300
2023-06-13,37.25392532348633,37.47323389368945,36.96787082484662,37.03461675328321,1018400
2023-06-14,36.29087448120117,37.62579669289915,36.1955205563354,37.49230483546739,1724000
2023-06-15,36.60552978515625,36.805767551859425,35.96667491880424,36.29087095710555,1927000
2023-06-16,37.883243560791016,38.06441054631238,36.796234372902816,36.87251386882444,5337100
2023-06-20,37.39694595336914,37.8832381275932,37.14902944307493,37.55904213231734,1682800
2023-06-21,37.158573150634766,38.42674936395141,37.08229001493265,37.711611334954625,2652400
2023-06-22,37.08229446411133,37.3778861943523,36.939269023579676,37.19671554401277,1286400
2023-06-23,36.6532096862793,36.93926783288293,36.519717824467165,36.77716797398218,2223100
2023-06-26,37.48276901245117,37.53044415333307,36.710418635596085,36.72948941942486,1000800
2023-06-27,38.05487823486328,38.12162416002484,37.06321929334851,37.45416127102912,1602500
2023-06-28,37.7402229309082,38.14069851941949,37.559052285017465,38.093023373746306,1263100
2023-06-29,37.80719757080078,38.055994142577354,37.59668160655701,37.673231870747955,995300
2023-06-30,38.29521942138672,38.41004664213373,37.88375125922743,38.09427087250656,1218300
2023-07-03,37.8933219909668,38.084703142495286,37.63496163423897,38.00815287205901,657500
2023-07-05,37.21392822265625,37.673240868375785,37.118239456991006,37.567981035968565,1210900
2023-07-06,36.89814376831055,36.91728224703755,36.43883122973717,36.706762631332076,1045700
2023-07-07,37.15650939941406,37.290475106137876,36.63021033686801,36.83116254724547,1196900
2023-07-10,37.87418746948242,38.228240230003436,37.070389546751,37.19478419350938,2046600
2023-07-11,38.73539733886719,38.77367429969703,37.81677218070241,38.03685923003614,2013400
2023-07-12,39.070316314697266,39.33824774708181,38.878935155726026,39.185143549963215,1609900
2023-07-13,39.64445114135742,39.74013988362877,38.97461899458336,39.11815575828192,1641500
2023-07-14,39.1468620300293,39.76884981169143,39.01289632943538,39.64445152530069,1291000
2023-07-17,38.82151412963867,39.05117221743315,38.43875186674504,38.87892956416016,944200
2023-07-18,38.80237579345703,38.99375692560419,38.30478630999103,38.61099466130988,824500
2023-07-19,38.91720962524414,39.099023374307976,38.59186639069224,38.80238238656158,3250100
2023-07-20,38.84065246582031,39.14686081489921,38.783237031508726,39.05117207467135,1678000
2023-07-21,39.003326416015625,39.18514014386587,38.869360711468076,38.984191587044556,1200900
2023-07-24,38.71625518798828,39.118155938015924,38.58228948807625,39.012896130858884,2204700
2023-07-25,38.82151412963867,38.93634134839017,38.419617038862675,38.572721213961835,1099200
2023-07-26,38.725826263427734,38.955480706115964,38.486600756290755,38.63970493484676,1402700
2023-07-27,38.90763854980469,39.85497321812829,38.90763854980469,39.11815817616366,1642600
2023-07-28,39.26169204711914,39.462644262608165,38.92677777179048,39.36695186230582,1085500
2023-07-31,39.73057556152344,39.740142976378536,39.23298603234647,39.4052287020728,1664500
2023-08-01,39.587039947509766,39.76885368771454,39.23298718281971,39.29997003964508,1381400
2023-08-02,38.91720962524414,39.443508740647765,38.71626104497663,39.29997195457548,1878900
2023-08-03,37.58711242675781,39.156431249420805,36.40055589511631,39.156431249420805,2648200
2023-08-04,37.59668731689453,38.09427688573204,37.4818564277298,37.59668731689453,1264500
2023-08-07,37.788063049316406,38.094271409149755,37.386162295602894,37.615820390623696,977700
2023-08-08,37.682804107666016,37.797631332670946,36.97469497783701,37.47228448658059,1110800
2023-08-09,36.8120231628418,37.70194236453802,36.74504031112631,37.596682554616066,1183600
2023-08-10,36.86943435668945,37.36702385449312,36.63020884718528,36.936417207327295,1157600
2023-08-11,37.13737106323242,37.13737106323242,36.58236610432882,36.706764396892,832200
2023-08-14,36.620643615722656,37.099094663249275,36.58236665585049,37.07038876849106,826600
2023-08-15,35.969947814941406,36.48667579240064,35.94124192184643,36.37184491943753,1489500
2023-08-16,35.7307243347168,36.14219252714569,35.60632604041946,35.78813977445983,1997300
2023-08-17,35.587188720703125,36.065639783284574,35.453223007227024,35.740292914717514,1196900
2023-08-18,35.692447662353516,35.864690332678045,35.25227357165386,35.25227357165386,1574900
2023-08-21,35.94124221801758,36.03693096265043,35.66373974817404,35.864688302078,1121300
2023-08-22,35.90296936035156,36.170900796156,35.883830879180955,35.98909070047328,1065100
2023-08-23,36.15176010131836,36.25701991616535,35.87426126706662,35.98908849676706,643000
2023-08-24,35.635040283203125,36.438838294111235,35.615901800765755,36.218747571227624,807700
2023-08-25,35.912532806396484,36.008225201672694,35.52977417616657,35.673307293643425,809300
2023-08-28,36.027366638183594,36.29529806636796,35.88382985863229,36.190038248069264,746800
2023-08-29,36.16132736206055,36.18046584004576,35.7115822551365,35.931669276529355,1515500
2023-08-30,35.740291595458984,36.170898265945965,35.63503543182153,36.142192371344095,1812900
2023-08-31,35.49150085449219,36.06564068380887,35.46279495811395,35.79770925016669,1778400
2023-09-01,35.864688873291016,36.706763710579914,35.60632487831743,35.79770602092287,1784900
2023-09-05,35.10873794555664,35.79770864940794,35.06089356896518,35.74029320732301,1592100
2023-09-06,35.118309020996094,35.30969017770809,34.72597929236787,35.041755098194514,991600
2023-09-07,34.601585388183594,35.893401972070045,34.534602522369774,35.05133061604132,843000
2023-09-08,34.448482513427734,34.69727550322932,34.36236116113246,34.48675948117953,1080600
2023-09-11,34.9939079284668,35.204427549076065,34.52502796475372,34.57287233753992,1069500
2023-09-12,35.070465087890625,35.26184259673082,34.773824108721115,34.926928305968474,1163900
2023-09-13,34.24752426147461,35.10873389155295,34.19967989040774,34.993906670934145,1888600
2023-09-14,34.05614471435547,34.773821264685836,33.85519615633297,34.52502833336632,1447300
2023-09-15,34.008304595947266,34.534600068644394,33.922183253121034,34.02744307771889,2550300
2023-09-18,34.008304595947266,34.113564420545124,33.52985350253313,33.88390628957779,1895400
2023-09-19,33.76907730102539,34.123130069740846,33.70209444343846,34.00830283534783,1322800
2023-09-20,33.67338562011719,34.30494089827677,33.64467972347558,34.113563386943355,1290100
2023-09-21,32.68777084350586,33.453291682288764,32.63035541173791,33.453291682288764,2143400
2023-09-22,32.41984176635742,32.80260038780322,32.20932215187272,32.71647905917689,3712600
2023-09-25,32.69734191894531,32.71648039834472,32.30501221698668,32.410272028537584,1957800
2023-09-26,33.0992431640625,33.26191476587067,32.44854945624631,32.4772553506144,1827800
2023-09-27,32.63992691040039,33.37674186826216,32.2954416157854,33.14708378842172,2036000
2023-09-28,32.793670654296875,32.97623005054852,32.51502447159479,32.6303249499992,1838100
2023-09-29,32.822486877441406,33.24525763902682,32.69757591809347,33.02426358192522,1236800
2023-10-02,32.45737075805664,32.74562743749203,32.30363557284787,32.74562743749203,1963600
2023-10-03,32.12107467651367,32.50541445414408,31.9192979426588,32.22676829862882,3016700
2023-10-04,31.99616050720215,32.27480663492103,31.63103812140967,32.20754773034549,4840000
2023-10-05,30.920019149780273,32.26520477996608,30.545289861962562,32.04420701323341,3136800
2023-10-06,31.208269119262695,31.448480553676973,30.583719756319134,30.775887804249873,2164600
2023-10-09,30.708629608154297,31.083358868079046,30.45881132331636,30.987275758218846,1377500
2023-10-10,31.13140296936035,31.19866187691208,30.602936720785166,30.939233091211594,1611600
2023-10-11,30.55489730834961,31.294749052966377,30.38194659472612,31.092972304071633,1887800
2023-10-12,29.401880264282227,30.74706394535808,29.30579532291942,30.583720094841652,2419300
2023-10-13,29.622875213623047,29.79582774660493,29.286578825343593,29.344230891449474,1475900
2023-10-16,30.160947799682617,30.439593949575972,29.401880602779876,29.786218539988088,1981000
2023-10-17,30.86236572265625,31.064146124042455,29.959172000333638,29.959172000333638,5088500
2023-10-18,31.073753356933594,31.265923250237748,30.622156490137137,30.78550034964529,4149400
2023-10-19,30.266639709472656,31.18905070665226,30.2570310325019,31.05453289439717,2015700
2023-10-20,30.602937698364258,30.823933615095147,30.036038555650983,30.343508904376588,5819500
2023-10-23,31.073753356933594,31.27553009550182,30.593330456341135,30.65098069126521,2365900
2023-10-24,31.371614456176758,31.53495647042387,30.92962263605252,31.064144116729373,4240800
2023-10-25,30.564502716064453,31.198662595494504,30.535678516545694,31.150617375849045,5733000
2023-10-26,29.478748321533203,29.882303615566403,28.892631819262444,29.79582735022587,5965700
2023-10-27,29.401880264282227,29.795826874468702,29.200101704153546,29.61326566914615,2707000
2023-10-30,28.815763473510742,29.79582656647871,28.575552038920623,29.6997416261091,3388500
2023-10-31,29.21932029724121,29.73817790298828,28.8638083816008,29.04636776199219,3668700
2023-11-01,29.632484436035156,29.776610938613548,28.83498250025562,29.219320451353965,4349600
2023-11-02,27.42253875732422,27.547447899236765,25.241418451252294,25.923618058366653,8659200
2023-11-03,28.06630516052246,28.46025362769587,27.364888160809592,27.643534324696258,5097400
2023-11-06,27.441753387451172,28.335340204752118,27.2111506334167,28.162387681059318,4935000
2023-11-07,27.28801918029785,27.672357117240782,26.951722798222345,27.460971710089133,3418500
2023-11-08,26.596208572387695,27.547445570544497,26.567382542382575,27.38410173251751,3766000
2023-11-09,26.183048248291016,27.21115296885025,26.154222214312256,26.903682603748567,5385300
2023-11-10,27.278409957885742,27.41292960762953,26.653860593745804,26.99015696910356,5625200
2023-11-13,26.81720733642578,27.672359550398564,26.74994842063035,27.230371342218298,3955600
2023-11-14,27.8068790435791,28.489078708356196,27.028592595873974,27.557058905970194,4303800
2023-11-15,28.1719970703125,28.65241994486126,27.67235684094151,27.67235684094151,4925400
2023-11-16,28.441038131713867,28.71968248115561,28.23925954593297,28.27769426043145,3552800
2023-11-17,28.527509689331055,28.902238930385348,28.33533981395217,28.642810148424182,2413300
2023-11-20,28.767724990844727,28.854201263142627,28.306517594366582,28.479470138962387,3186400
2023-11-21,29.776611328125,29.997605423813912,29.392273371999085,29.440314929264346,4266300
2023-11-22,30.132123947143555,30.33390067925331,29.80543623858387,29.87269514928712,3155000
2023-11-24,30.093690872192383,30.189775820991045,29.767003145877716,30.02643195783371,1294200
2023-11-27,30.24742317199707,30.324290757170253,29.670915366864325,29.834259214440806,3186700
2023-11-28,30.24742317199707,30.622154253300643,30.08407932442059,30.41076701957355,3279400
2023-11-29,30.103296279907227,30.362725063678795,29.815043297495105,30.132122311215547,4093000
2023-11-30,30.506853103637695,30.622155402056798,29.805436133536077,30.084080452991465,15902300
2023-12-01,31.275529861450195,31.45809290812406,30.2186009541907,30.458812402689293,4500300
2023-12-04,31.448482513427734,31.81360494278446,30.97767012522444,31.006494326242972,2691500
2023-12-05,30.920019149780273,31.30435894850078,30.612548776938254,31.26592423556154,3214700
2023-12-06,30.948841094970703,31.35239822073271,30.699022809754755,31.064145225380248,1946200
2023-12-07,31.208269119262695,31.285138537636357,30.718237573137433,31.054533947850985,2833200
2023-12-08,30.631759643554688,31.362002584363946,30.526067864376877,31.17944322366241,3564800
2023-12-11,30.42998695373535,30.660589728804236,30.08408187479805,30.564504781025214,2238400
2023-12-12,30.670196533203125,30.766281475112308,30.093688714415865,30.526070036673268,3145800
2023-12-13,32.024993896484375,32.10185965840552,30.401162066368745,30.66059088535768,2429900
2023-12-14,33.00505065917969,33.70647129519853,32.38050310928493,32.418937819679115,4605700
2023-12-15,33.033878326416016,33.3125208117625,32.611103845288376,33.02426781620728,5155800
2023-12-18,32.73601531982422,33.11074458629359,32.39011025374918,33.04348567514965,2226900
2023-12-19,33.370174407958984,33.50469223436709,32.880144659567186,32.97622777404844,3449100
2023-12-20,32.68797302246094,33.46625940347275,32.65914882272054,33.37978313891588,1652400
2023-12-21,33.81216049194336,33.83137784670916,33.06270198275522,33.06270198275522,2604200
2023-12-22,33.84099197387695,34.0139445199197,33.58156315481284,33.81216410597914,1261200
2023-12-26,34.14845657348633,34.225322322422,33.7833341863695,33.86020360064059,1335200
2023-12-27,34.23493576049805,34.39827778179406,34.11963162922774,34.31180151600919,1202800
2023-12-28,34.331398010253906,34.61114335477825,34.19634954870273,34.331398010253906,1152300
2023-12-29,34.331398010253906,34.418215404078886,34.119176896505145,34.12882531792714,1330600
2024-01-02,34.36998748779297,34.68831550780953,34.01306945834464,34.11918002494847,1684400
2024-01-03,33.58863067626953,34.099886661700296,33.279947400560964,34.099886661700296,2196200
2024-01-04,34.418212890625,34.514675019033064,33.443928466649716,33.559687436492574,2897500
2024-01-05,34.12882614135742,34.543619957440725,33.839436048223526,34.20599511562228,4231100
2024-01-08,34.630435943603516,35.016288158809644,34.051652101102526,34.16740739768491,2179900
2024-01-09,35.238155364990234,35.88446346198994,34.41821615634019,34.533971457371976,4458800
2024-01-10,36.0677375793457,36.270310245681706,34.630432074625546,35.18991901209557,4599500
2024-01-11,35.160987854003906,36.02915816756022,34.88124249172467,35.88446495519825,2337400
2024-01-12,35.2671012878418,35.67224673118206,35.13204912693325,35.40214976895522,1937200
2024-01-16,34.67866516113281,35.03557945310791,34.35068877181144,35.03557945310791,2087100
2024-01-17,34.26387405395508,34.64008153694549,34.070946101710234,34.35069144847553,1412900
2024-01-18,34.64008331298828,34.67866964137455,34.15776524754439,34.350693209680905,1517000
2024-01-19,34.398921966552734,34.64972572460447,33.98412816378695,34.64972572460447,1942100
2024-01-22,34.98735046386719,35.054874693926976,34.59184982503361,34.63043615072337,3160200
2024-01-23,34.23493576049805,35.334620292079826,33.89731092795277,35.141692342024605,1711400
2024-01-24,33.443931579589844,34.38927818899385,33.318531536946075,34.38927818899385,2630600
2024-01-25,33.810489654541016,33.8201380748236,33.308878513876984,33.74296543173953,1856000
2024-01-26,33.685089111328125,34.41821457026615,33.63685804477037,34.07094500337914,1791600
2024-01-29,34.16740036010742,34.21563509689333,33.61755821485081,33.61755821485081,1841400
2024-01-30,33.79119873046875,34.16740619092006,33.70438134114965,34.11917512569709,1134000
2024-01-31,33.5211067199707,34.10953536914601,33.42464457542833,33.85872790566394,1910800
2024-02-01,33.47287368774414,33.964836483775976,33.34746996334594,33.72367745674582,5492200
2024-02-02,32.98090744018555,33.231714890717846,32.334603009572994,33.009849025889885,7922600
2024-02-05,32.15132522583008,33.00020240369199,32.13203206090663,32.7783365267648,4392600
2024-02-06,32.95196533203125,33.00019639566142,32.06450198589441,32.25742624041509,7528200
2024-02-07,32.517879486083984,33.11595647041953,32.353893128304314,33.10630804949461,3549700
2024-02-08,31.987333297729492,32.24778548930874,31.070928256201327,31.418197844973662,3974400
2024-02-09,31.630416870117188,31.98733117723059,31.57253738256049,31.977686435868385,3435600
2024-02-12,32.33460235595703,32.421419751725615,31.611125284483695,31.611125284483695,3182700
2024-02-13,31.302440643310547,32.18025930399827,30.99375740085736,31.79440341103453,2426700
2024-02-14,31.514657974243164,31.775110149211436,31.215623153934576,31.466426907721893,5008400
2024-02-15,32.66258239746094,32.68187556308165,31.553249292938126,31.881225748900036,6302000
2024-02-16,32.39248275756836,32.72045550659226,31.977688930539014,32.38283433565896,2637200
2024-02-20,32.55646514892578,32.75903782670179,32.14167137264481,32.15131979337376,2905000
2024-02-21,31.9101619720459,32.41176947466677,31.50501292172047,32.247783114155034,2218400
2024-02-22,32.382835388183594,32.517883860946334,31.736530931449103,31.977689969895387,1732400
2024-02-23,32.710811614990234,32.86515325140059,31.929455010778163,32.37319043527847,2140900
2024-02-26,32.49858856201172,33.00984819220236,32.21884689242965,32.797627074772485,1642200
2024-02-27,32.48894119262695,32.82656232505556,32.209195865875046,32.701162292893144,1992900
2024-02-28,32.12237548828125,32.28636550862461,31.620764366928043,32.28636550862461,3258900
2024-02-29,31.524307250976562,33.67544525839761,31.061282376176006,33.019492432481506,4419500
2024-03-01,32.09344482421875,32.344248601546866,31.041991284268278,31.823347882512337,2674500
2024-03-04,32.10308837890625,32.16096786989997,31.50501502448335,31.871577774520805,1565300
2024-03-05,32.09344482421875,32.28637278820683,31.89087211793894,31.910165282317234,1753400
2024-03-06,32.228492736816406,32.47929650980015,32.04521319808962,32.23813747894106,1590300
2024-03-07,32.23813247680664,32.49858463129754,31.919804518958347,32.431060407517776,1711200
2024-03-08,32.55646514892578,32.76868624743074,32.26707508356086,32.42141669707511,1561800
2024-03-11,32.67222213745117,32.8555053428852,32.38283205704344,32.55646684124698,1440900
2024-03-12,32.421417236328125,32.82656259861877,32.2188445551828,32.74939363047529,3485700
2024-03-13,32.923030853271484,33.067724059207734,32.46965071245631,32.498588617684625,2218900
2024-03-14,31.813701629638672,32.9519726470069,31.562897835209533,32.88444840697616,1778900
2024-03-15,31.678647994995117,31.86192751957125,31.408551078820924,31.54359953690802,4823800
2024-03-18,31.813701629638672,31.958398532444587,31.52431150382194,31.804056886689324,1264700
2024-03-19,31.939102172851562,32.045212733658865,31.697943145487592,31.861929517793623,6906200
2024-03-20,32.12237548828125,32.12237548828125,31.553240146726075,31.900509667647064,3587700
2024-03-21,32.2670783996582,32.52753058919168,31.95839514090624,32.12238151220804,2679500
2024-03-22,31.591829299926758,32.33459946855379,31.476074009170205,32.26707524229627,1780600
2024-03-25,31.678647994995117,31.929451748614795,31.398902657646417,31.697941157549632,1126400
2024-03-26,31.350671768188477,31.861927699489303,31.350671768188477,31.746172403303074,1552200
2024-03-27,32.2910041809082,32.3297777172901,31.573640136834324,31.71905291676841,2225200
2024-03-28,32.1746711730957,32.39763471475314,31.486391931718348,31.99048486424838,2605000
2024-04-01,31.263425827026367,32.203753306579145,30.933826771162515,32.203753306579145,2410100
2024-04-02,30.85627555847168,31.447613545128426,30.536370795526175,30.836886942777976,47685500
2024-04-03,30.87566566467285,31.428226446616783,30.730254737950737,31.311898444839194,2310900
2024-04-04,30.943519592285156,31.437918152333882,30.798108686153174,31.069541884532875,3130700
2024-04-05,31.321590423583984,31.496084251971638,30.885355852614847,30.914436924679453,3348600
2024-04-08,31.253732681274414,31.534858344916714,30.730251186767937,31.321590982636355,4062700
2024-04-09,31.845069885253906,32.00987126428576,31.360365602689917,31.42822390640886,2900500
2024-04-10,31.399145126342773,31.437922359300398,30.8271938832195,30.99199342528892,2233800
2024-04-11,31.040462493896484,31.82568475773778,30.895051579888868,31.680271994730074,2127200
2024-04-12,30.342487335205078,30.82719161755021,29.935335664075165,30.798110543969564,3000900
2024-04-15,29.945030212402344,30.778722176420057,29.770536373514904,30.478206036669533,2855200
2024-04-16,29.84809112548828,30.17768834226815,29.615431438702284,29.828702510089425,3036400
2024-04-17,29.431243896484375,30.129217380365407,29.41185528190433,30.04197046375527,1857000
2024-04-18,29.50879669189453,29.741454521322076,29.324608550222703,29.557266379650248,1350300
2024-04-19,29.56696128845215,29.596044211097222,29.334303454291884,29.47002006196868,1843800
2024-04-22,29.440940856933594,29.673598705860602,29.29552808347902,29.547574548733333,4163800
2024-04-23,29.91594696044922,29.964416645944446,29.285829955011387,29.39246548190086,2861300
2024-04-24,29.974111557006836,30.051664164762354,29.741453733740293,29.915947563440206,1472200
2024-04-25,29.421552658081055,29.82870436173062,29.179200497551555,29.75115174432119,1489000
2024-04-26,29.63482093811035,29.848092015859386,29.25675217155552,29.363387710430036,1158500
2024-04-29,29.751150131225586,30.051666276268225,29.692984284572056,29.848091359981318,2209900
2024-04-30,29.09195327758789,29.460327744306664,29.02409496916603,29.179200202416062,2331800
2024-05-01,29.256752014160156,29.83839754734628,29.053175245494934,29.16950509173223,2453300
2024-05-02,27.511812210083008,28.975619255983474,27.473036831853836,28.67510314095754,6670400
2024-05-03,27.424570083618164,28.17101329771334,27.104663471720027,27.870497150506186,4506600
2024-05-06,27.385791778564453,27.744473758781798,27.114356716535113,27.589366688336394,4232400
2024-05-07,27.385791778564453,28.23887049651368,27.356708856168424,27.666921148059142,4288700
2024-05-08,26.959251403808594,27.33732199767652,26.83322910518601,27.19190923518881,4249400
2024-05-09,27.33732032775879,27.376095706120164,26.949555450145212,27.036802362708272,5078000
2024-05-10,27.036806106567383,27.48273503797198,26.998030722836674,27.3276298050487,7071700
2024-05-13,27.317934036254883,27.812332633138855,27.085276199309504,27.13374588863141,2887700
2024-05-14,27.259769439697266,27.69600218099998,26.920476074906208,27.540896959781225,2389700
2024-05-15,27.395484924316406,27.628142746618455,27.250074016502627,27.424567845479167,1942700
2024-05-16,27.511812210083008,27.599059122348596,27.279154393708094,27.308237314129943,1945900
2024-05-17,27.414875030517578,27.463344719426864,26.86231059235111,27.405180722935697,2196800
2024-05-20,27.259769439697266,27.511814037427676,27.06588698867378,27.376097431111287,1572700
2024-05-21,27.33732032775879,27.47303692552356,27.12404927527133,27.143437888952,2333800
2024-05-22,27.191909790039062,27.569980391621506,26.978640569172132,27.337322555493913,1998500
2024-05-23,26.678125381469727,27.143441070344153,26.639348149563432,27.085277071484896,3545100
2024-05-24,26.619958877563477,26.852618565266997,26.590877803350644,26.639347493038795,1900800
2024-05-28,26.794452667236328,26.998029431334796,26.590877752138,26.658736057170778,2393700
2024-05-29,26.290363311767578,26.76537332676519,26.13525622721709,26.532715473439843,2705200
2024-05-30,26.90108871459961,26.930171638309506,26.329137491306124,26.329137491306124,2574500
2024-05-31,27.153135299682617,27.356710219600537,26.910783147970704,27.03680545330082,4942600
2024-06-03,27.18221664428711,27.385791552377672,27.065886804663883,27.153133722131287,2258600
2024-06-04,26.872005462646484,27.376098373459516,26.8623111548616,27.2112988391168,1794800
2024-06-05,26.794452667236328,27.143440349119338,26.590877752138,26.910782510864045,1434100
2024-06-06,26.9301700592041,26.939864366538956,26.552099469145038,26.649040693493518,2569700
2024-06-07,26.842924118041992,27.07558195553638,26.619958739234754,26.68781889304573,1394100
2024-06-10,26.22249984741211,26.63934580877578,26.193418775037916,26.493934899904737,1871000
2024-06-11,26.135255813598633,26.309749663081156,25.737798422666327,26.057703197050873,1855100
2024-06-12,26.22249984741211,26.89139224701893,26.086783245665806,26.610264736401586,1462100
2024-06-13,25.883209228515625,26.086784138099414,25.534221556086173,26.086784138099414,2157700
2024-06-14,25.31125831604004,25.699021373652656,25.039823251211153,25.660244143391342,1758600
2024-06-17,24.875022888183594,25.09798640772459,24.506648458028906,24.94288118986998,2949800
2024-06-18,24.875022888183594,25.20462193837465,24.826553200979045,25.010739491556365,2108500
2024-06-20,24.67144775390625,24.826552970319803,24.487259616040145,24.81685866316895,6001400
2024-06-21,24.67144775390625,25.01073925918588,24.613281911001145,24.826552970319803,6356700
2024-06-24,24.787776947021484,25.214317237399282,24.739307257910422,24.787776947021484,2286100
2024-06-25,24.244909286499023,24.70053066245716,24.215826362884613,24.70053066245716,2223500
2024-06-26,24.39031982421875,24.516343975572102,24.060720757756325,24.16735629367068,1824300
2024-06-27,24.51634407043457,24.574508067976485,24.13827346391176,24.390319918593583,2288900
2024-06-28,24.301713943481445,24.740725982112153,24.106597068362817,24.67243563405236,4198500
2024-07-01,24.02855110168457,24.828528814743507,23.93099452322814,24.399272798599863,2620500
2024-07-02,23.84319305419922,24.233424965730194,23.84319305419922,24.17489064419368,3187100
2024-07-03,24.155378341674805,24.321227135012204,23.745634373474903,23.852948845861608,2159900
2024-07-05,23.96026039123535,24.067574858846523,23.677342968586487,24.03830676928736,1688200
2024-07-08,24.05782127380371,24.233426107459195,23.87246040930374,24.028553181270254,2049000
2024-07-09,23.609054565429688,24.08708890297785,23.3651593813272,23.999286487839147,2954500
2024-07-10,23.813922882080078,23.94074940522782,23.511493409667747,23.765144595190865,3302900
2024-07-11,25.08218002319336,25.189494500429777,24.0675770175155,24.291960141943836,2713400
2024-07-12,24.90657615661621,25.257783946333024,24.76023756173063,25.082179121088352,2241900
2024-07-15,24.93584442138672,25.091937198611934,24.662682991628934,24.877310095120432,1794000
2024-07-16,26.155317306518555,26.155317306518555,24.94559749601255,25.062667995442627,2835200
2024-07-17,26.867494583129883,27.072365646200552,26.106540932926112,26.106540932926112,2883300
2024-07-18,25.765085220336914,26.965048992006523,25.75532919039174,26.48701468932771,4648400
2024-07-19,25.716306686401367,25.94068979068546,25.4431434328561,25.774841004742342,2040200
2024-07-22,25.745574951171875,25.93093581147799,25.43338941430215,25.7163087200732,3241000
2024-07-23,25.42363166809082,25.745573213859668,25.355341319105378,25.71630698473588,1691300
2024-07-24,25.5992374420166,25.755330205748148,25.43338864795527,25.491922969161468,1917800
2024-07-25,25.78459930419922,26.155319167353365,25.345587226068236,25.462657733827363,1743500
2024-07-26,25.765085220336914,26.096782795383017,25.599236432813864,25.901665918024445,1748700
2024-07-29,25.81386375427246,25.852887874423505,25.521190296229484,25.55045838634277,3461600
2024-07-30,26.12605094909668,26.360190086035967,25.569968405496862,25.569968405496862,3578600
2024-07-31,26.47726058959961,27.16016784936674,24.818774454236348,25.804111221261458,4914700
2024-08-01,26.0772705078125,27.267480099917684,26.04800427900495,26.594328925757576,3906800
2024-08-02,24.867551803588867,25.930934914761416,24.633412659033333,25.86264456352928,5126000
2024-08-05,23.882213592529297,24.477318377676625,23.657830492178544,24.01879614729391,7353900
2024-08-06,23.560274124145508,24.457808465102126,23.51149583223031,23.92123981094469,4237500
2024-08-07,23.05297088623047,24.26269257932445,23.004192596038894,23.735878113547475,4753900
2024-08-08,23.745634078979492,24.048063571041933,23.072482883691166,23.072482883691166,3957600
2024-08-09,23.540761947631836,23.96026195482664,23.462715564486704,23.80416918853637,2868200
2024-08-12,23.37491226196289,23.891970693619818,23.31637794202309,23.78465622308645,2736900
2024-08-13,24.048065185546875,24.17489172544977,23.287113389219964,23.31637962091093,2449000
2024-08-14,24.126110076904297,24.60414439289627,24.04806369594178,24.067575756375536,4741900
2024-08-15,25.033401489257812,25.091935812290096,24.457808707251402,24.457808707251402,2195100
2024-08-16,24.887062072753906,25.072422913307516,24.662678974636176,24.974864478238647,1543700
2024-08-19,24.916330337524414,25.082177259309,24.789503812807226,24.916330337524414,2258300
2024-08-20,23.716365814208984,24.48707544472358,23.501738734447027,24.21391218439452,3413300
2024-08-21,23.98952865600586,24.096843124400817,23.833435898761795,23.930994337232445,1887800
2024-08-22,23.550518035888672,24.145622871812893,23.501739744093022,24.145622871812893,1841300
2024-08-23,24.691946029663086,24.711458089484882,23.570028640723883,23.696855168793128,2756400
2024-08-26,24.66267967224121,25.199248289138712,24.604143493080716,24.857794687125562,1876200
2024-08-27,24.76999282836914,24.799260918598332,24.262692289803777,24.623656098768123,1714700
2024-08-28,24.126110076904297,24.594388362679393,23.73587817209172,24.594388362679393,2184400
2024-08-29,24.721216201782227,24.87730897196017,24.11635532176325,24.43829689285183,5893600
2024-08-30,24.67243766784668,25.00413340565476,24.457808715369442,24.867552698276572,1958300
2024-09-03,24.389516830444336,24.8480390769786,24.34073854109243,24.44805114982111,1716600
2024-09-04,24.92608642578125,25.13095934272618,24.155378631568045,24.223668983625508,2783300
2024-09-05,24.46756362915039,25.121202765838046,24.3797612181944,25.121202765838046,3398600
2024-09-06,24.92608642578125,25.33583039889857,24.52609848306822,24.52609848306822,3244000
2024-09-09,24.740726470947266,25.277295096966554,24.545609591973452,24.896819229817332,2710700
2024-09-10,24.46756362915039,24.877307593354182,24.08708775552276,24.78950518239819,1902200
2024-09-11,24.126110076904297,24.38951731044248,23.50173902920417,24.28220283882933,1955000
2024-09-12,24.76999282836914,24.789504888521936,23.87245852983777,24.15537781973588,1480900
2024-09-13,25.638259887695312,25.9992236824433,24.81877200127772,24.93584063603886,2118600
2024-09-16,25.443145751953125,26.321168050187623,25.101692119091766,25.813865616266323,3622400
2024-09-17,26.038249969482422,26.262633088769892,25.521191517375488,25.608993931144074,1929800
2024-09-18,26.05776023864746,26.808957842533516,25.872401240887964,25.940691593828046,3120600
2024-09-19,26.243122100830078,26.760180574079296,26.057761235209018,26.58457573936173,2968000
2024-09-20,25.64801597595215,26.106538207896342,25.618747886808833,26.106538207896342,4540900
2024-09-23,25.530946731567383,25.92117863541038,25.482168441376693,25.755329843680546,1134900
2024-09-24,25.452899932861328,25.94069026984867,25.384609583406693,25.589480631770595,1073000
2024-09-25,25.1016902923584,25.59923665933012,25.02364391287886,25.59923665933012,1150000
2024-09-26,25.86264419555664,25.872400225704208,25.40412194325578,25.443144203073572,1318700
2024-09-27,26.54969596862793,26.93248399652763,25.970608164026764,26.22579955860281,2027600
2024-09-30,26.559511184692383,26.579141723944304,26.137463951132336,26.441731693323366,1648300
2024-10-01,25.636899948120117,26.657663717728184,25.420967746649488,26.62821790696272,1949200
2024-10-02,24.537612915039062,25.283556572304803,24.16464202244184,25.254110762861092,2944700
2024-10-03,24.252975463867188,24.527797399710426,24.105750162264883,24.35112628895915,1900200
2024-10-04,24.753543853759766,24.76335912381979,24.400203491955672,24.537613528653303,1394700
2024-10-07,24.02722930908203,24.753542402292982,23.92907848630839,24.60631710416814,1810300
2024-10-08,24.02722930908203,24.046859848051007,23.67388896799666,23.88000401095719,1361200
2024-10-09,24.066492080688477,24.341312157309524,23.722965112840804,23.948710710657053,2502500
2024-10-10,23.98797035217285,24.262790412305762,23.644443404935462,23.762222895829208,1837000
2024-10-11,24.076305389404297,24.23334595527143,23.860373207283576,23.968339298343935,1557100
2024-10-14,23.9781551361084,24.223531260101204,23.58555371213416,24.06649069051151,1773000
2024-10-15,23.860374450683594,24.46890807918376,23.840745782980733,23.89963553023194,2871700
2024-10-16,24.184268951416016,24.26278923221654,23.752408343048703,24.037043658923924,4811300
2024-10-17,23.938894271850586,24.223531476823023,23.840745319032358,24.213716207126947,2253700
2024-10-18,24.272605895996094,24.351126181308288,23.860373930089256,23.93889421540145,1803600
2024-10-21,23.9781551361084,24.360941290474372,23.880004312097025,24.194085451276415,1378300
2024-10-22,23.830930709838867,24.017415223019164,23.66407486452348,23.95852547528177,1202200
2024-10-23,23.5659236907959,23.840745629652904,23.320547561410773,23.78185401070914,1622900
2024-10-24,23.958524703979492,24.18427028976479,23.62481302409198,23.62481302409198,1812900
2024-10-25,22.878868103027344,23.585552501993266,22.437192225744802,23.34999165969501,3688500
2024-10-28,23.173322677612305,23.477588559376862,22.947575211717957,23.084987119669155,1742200
2024-10-29,22.800350189208984,23.261658524661293,22.731645170415156,23.163507695496673,2875000
2024-10-30,22.977022171020508,23.39906944184361,22.770907106890952,22.93776296112168,2738400
2024-10-31,22.741458892822266,23.33036195565963,22.70219781499987,22.8788689210582,3464900
2024-11-01,23.055540084838867,23.222395921859345,22.653123396507937,22.672753935468283,2328600
2024-11-04,22.908315658569336,23.389252648972782,22.810164832103645,23.11443070928311,2847500
2024-11-05,22.95738983154297,23.026094847537106,22.41756310124223,22.702198434942407,2151700
2024-11-06,23.53647804260254,24.40020307231659,22.92794628591753,24.380572532534153,3979000
2024-11-07,16.940767288208008,19.639904566585095,16.901506211019257,18.84488647422487,30260800
2024-11-08,17.529672622680664,17.676897937154543,16.89169313984145,17.264665933384816,9705900
2024-11-11,17.32355499267578,17.77504806070595,17.146883873536645,17.500226111814918,5277700
2024-11-12,17.441335678100586,17.539486503999388,17.048734246576668,17.294110375288028,4358800
2024-11-13,17.029102325439453,17.431518994112974,16.999656518437316,17.362813983179127,4525000
2024-11-14,17.539487838745117,17.725972362865793,17.382445382113406,17.627821529497762,3566000
2024-11-15,17.941904067993164,18.128388586888914,17.402075435629648,17.539487347323455,4192500
2024-11-18,18.118572235107422,18.236353599232878,17.853567441949874,17.863382711632937,2535600
2024-11-19,18.530805587768555,18.756553063225052,17.794677155109127,18.0007940897309,3937300
2024-11-20,18.17746353149414,18.491544667508265,18.030238232996425,18.383578574976692,3556900
2024-11-21,18.295244216918945,18.442471397108076,17.981163060382006,18.157834178951873,1698700
2024-11-22,18.422840118408203,18.520990943909894,18.255984276676717,18.255984276676717,1964900
2024-11-25,19.15896987915039,19.266934110101037,18.520992275623865,18.6976615277444,3720400
2024-11-26,18.835073471069336,19.158969908561335,18.707476826925305,19.07063434632975,1926700
2024-11-27,19.27674674987793,19.36508229991881,18.933221690909136,18.962665626208654,2104300
2024-11-29,19.286563873291016,19.33564022362722,19.158969106559574,19.217858854891674,1289200
2024-12-02,19.453418731689453,19.502495079531652,19.070632578876566,19.15896813292127,2112400
2024-12-03,19.0313720703125,19.463234583895517,18.65840117590306,19.24730426313966,2828500
2024-12-04,19.10007667541504,19.384713879068993,18.75655159799994,18.7761802652299,2022300
2024-12-05,18.952852249145508,19.3748995032357,18.864516690286102,19.266933404169457,1822200
2024-12-06,18.72710609436035,19.208043082653575,18.619139998514687,19.080448319257943,1628100
2024-12-09,19.09026336669922,19.32582422319663,18.776180352631396,18.815441431416602,2391000
2024-12-10,19.188411712646484,19.286562534434,18.599510526063817,19.08044749354431,2710300
2024-12-11,19.659536361694336,19.96380224106914,19.355268610248213,19.355268610248213,5415300
2024-12-12,19.639904022216797,19.806759851501774,19.51230739696121,19.630088753191664,2078500
2024-12-13,19.355268478393555,19.79694626163144,19.18841263495605,19.639905688051595,2802500
2024-12-16,19.227672576904297,19.973616193315237,19.15896756403652,19.208042038350303,3576200
2024-12-17,18.835073471069336,19.433789993662774,18.756553179315866,19.031373264417304,3304300
2024-12-18,18.334503173828125,19.04118569418089,18.246167624775136,18.884145134102496,3012800
2024-12-19,18.128387451171875,18.619139701445764,18.00079268981202,18.42283992457897,3064900
2024-12-20,18.354135513305664,18.491545548843202,18.118572777996558,18.118572777996558,10904200
2024-12-23,18.599510192871094,18.668215205270204,18.16764770798516,18.285427194363297,2116100
2024-12-24,18.550434112548828,18.668215472685322,18.344319072398974,18.57006465125011,964900
2024-12-26,18.805625915527344,18.96266648446973,18.314873669564584,18.442470301874803,2577100
2024-12-27,18.746240615844727,18.95409136851776,18.607671559559954,18.746240615844727,1876900
2024-12-30,18.45920753479004,18.67695811248073,18.162277331548797,18.637366411869262,1965500
